checked_at,source,brand,name,mrp,price,discount_pct,price_per_100g,in_stock,url
2026-08-19 23:00 IST,Nutrabay,Nutrabay,Nutrabay Gold Pea Protein,69,69,0.0,172.5,True,https://nutrabay.com/product/nutrabay-gold-hydrolyzed-pea-protein/?pId=3302532
2026-08-19 23:00 IST,Nutrabay,Nutrabay,Nutrabay Gold Pea Protein,69,69,0.0,172.5,True,https://nutrabay.com/product/nutrabay-gold-hydrolyzed-pea-protein/?pId=3302532
2026-08-19 23:00 IST,Nutrabay,Nutrabay,Nutrabay Gold Pea Protein,69,69,0.0,172.5,True,https://nutrabay.com/product/nutrabay-gold-hydrolyzed-pea-protein/?pId=3302532
2026-08-19 23:00 IST,Nutrabay,Velbiom,Velbiom Happy Cultures Tastiest Plant Protein,600,499,16.8,346.53,True,https://nutrabay.com/product/velbiom-happy-cultures-tastiest-plant-protein/?pId=7407265
2026-08-19 23:00 IST,Nutrabay,TruNativ,TruNativ Plant Based Everyday Protein - Protein You Can Cook With!,699,599,14.3,363.03,True,https://nutrabay.com/product/trunativ-plant-based-everyday-protein-protein-you-can-cook-with/?pId=9485223
2026-08-19 23:00 IST,Nutrabay,Nutrabay,Nutrabay Pure Pea Protein Isolate,669,649,3.0,129.8,True,https://nutrabay.com/product/nutrabay-pure-100-pea-protein-isolate/?pId=4537768
2026-08-19 23:00 IST,Nutrabay,Nutrabay,Nutrabay Wellness Vegan Plant Protein Powder + Superfoods,1199,799,33.4,159.8,True,https://nutrabay.com/product/nutrabay-wellness-vegan-plant-protein-powder-superfoods/?pId=4698878
2026-08-19 23:00 IST,Nutrabay,Nutrabay,Nutrabay Pure Pea Protein Isolate,1349,849,37.1,84.9,True,https://nutrabay.com/product/nutrabay-pure-100-pea-protein-isolate/?pId=4537768
2026-08-19 23:00 IST,Nutrabay,Nutrabay,Nutrabay BioAbsorb™ Whey Protein Powder | Clinically Tested 54% Better Protein Absorption | 26g Protein/Scoop | India's 1st Protein with ProDiFi™ for No Bloating | No Added Sugar,859,859,0.0,474.59,True,https://nutrabay.com/product/nutrabay-bioabsorb-whey-protein/?pId=8042444
2026-08-19 23:00 IST,Nutrabay,Nakpro Nutrition,Nakpro Nutrition Platinum Soy Protein Isolate,2050,899,56.1,89.9,True,https://nutrabay.com/product/nakpro-vegan-soy-protein-isolate-90-raw-pure-natural-vegetarian-plant-protein-supplement-powder/?pId=3990475
2026-08-19 23:00 IST,Nutrabay,Nakpro Nutrition,Nakpro Nutrition Platinum Soy Protein Isolate,2050,899,56.1,89.9,True,https://nutrabay.com/product/nakpro-vegan-soy-protein-isolate-90-raw-pure-natural-vegetarian-plant-protein-supplement-powder/?pId=3990475
2026-08-19 23:00 IST,Nutrabay,Nakpro Nutrition,Nakpro Nutrition Platinum Soy Protein Isolate,2300,899,60.9,89.9,True,https://nutrabay.com/product/nakpro-vegan-soy-protein-isolate-90-raw-pure-natural-vegetarian-plant-protein-supplement-powder/?pId=3990475
2026-08-19 23:00 IST,Nutrabay,Optimum Nutrition,Optimum Nutrition (ON) Gold Standard Whey Protein Powder,940,940,0.0,,True,https://nutrabay.com/product/optimum-nutrition-on-100-whey-gold-standard-2/?pId=4471481
2026-08-19 23:00 IST,Nutrabay,Velbiom,Velbiom Happy Cultures Tastiest Plant Protein,1699,949,44.1,187.92,True,https://nutrabay.com/product/velbiom-happy-cultures-tastiest-plant-protein/?pId=7407265
2026-08-19 23:00 IST,Nutrabay,Velbiom,Velbiom Happy Cultures Tastiest Plant Protein,1699,949,44.1,187.92,True,https://nutrabay.com/product/velbiom-happy-cultures-tastiest-plant-protein/?pId=7407265
2026-08-19 23:00 IST,Fast&Up,Fastandup,Plant Protein - Rich Chocolate - Single Serving Sachet,90.0,90.0,0.0,,True,https://in.fastandup.com/products/plant-protein-rich-chocolate-single-serving-sachet
2026-08-19 23:00 IST,Fast&Up,Fastandup,100% Pure & Natural Moringa Powder,250.0,238.0,4.8,,True,https://in.fastandup.com/products/100-pure-natural-moringa-powder
2026-08-19 23:00 IST,Fast&Up,Fastandup,Plant Protein - Assorted Pack,270.0,243.0,10.0,,True,https://in.fastandup.com/products/fast-up-plant-protein-assorted-pack
2026-08-19 23:00 IST,Fast&Up,Fastandup,Plant Protein - Rich Chocolate - Single Serving Sachet Combo Pack (Rich Chocolate / Pack of 5),450.0,396.0,12.0,,True,https://in.fastandup.com/products/plant-protein-rich-chocolate-single-serving-sachet-combo-pack
2026-08-19 23:00 IST,Fast&Up,Fastandup,Plant Protein - Rich Chocolate - Single Serving Sachet Combo Pack (Rich Chocolate / Pack of 10),900.0,765.0,15.0,,True,https://in.fastandup.com/products/plant-protein-rich-chocolate-single-serving-sachet-combo-pack
2026-08-19 23:00 IST,Fast&Up,Fastandup,Plant Protein - Rich Chocolate - Single Serving Sachet Combo Pack (Rich Chocolate / Pack of 15),1350.0,1107.0,18.0,,True,https://in.fastandup.com/products/plant-protein-rich-chocolate-single-serving-sachet-combo-pack
2026-08-19 23:00 IST,Fast&Up,Fastandup,Plant Protein - Cookies & Cream - 500g,1599.0,1119.0,30.0,223.8,True,https://in.fastandup.com/products/plant-protein-cookies-cream-500g
2026-08-19 23:00 IST,Fast&Up,Fastandup,Plant Protein - Rich Chocolate – 500gms,1599.0,1119.0,30.0,223.8,False,https://in.fastandup.com/products/plant-protein-powder-500gms
2026-08-19 23:00 IST,Fast&Up,Fastandup,Plant Protein - Alphonso Mango - 1Kg,3115.0,1949.0,37.4,194.9,True,https://in.fastandup.com/products/plant-protein-alphonso-mango-25-servings
2026-08-19 23:00 IST,Fast&Up,Fastandup,Plant Protein - Kesar Kulfi - 1kg,3115.0,1949.0,37.4,194.9,False,https://in.fastandup.com/products/plant-protein-powder-special-festive-pack
2026-08-19 23:00 IST,Fast&Up,Fastandup,Plant Protein - Cookies & Cream - 1Kg,3115.0,1949.0,37.4,194.9,True,https://in.fastandup.com/products/plant-protein-cookies-cream-1-kg
2026-08-19 23:00 IST,Fast&Up,Fastandup,Plant Protein - Strawberry Blast - 25 Servings,3115.0,1949.0,37.4,,False,https://in.fastandup.com/products/plant-protein-strawberry-25-servings
2026-08-19 23:00 IST,Fast&Up,Fastandup,Plant Protein - Rich Chocolate - 1kg,3115.0,1949.0,37.4,194.9,True,https://in.fastandup.com/products/plant-protein-rich-chocolate-1kg
2026-08-19 23:00 IST,Fast&Up,Fastandup,Plant Protein - Cookies & Cream - 500g Pack of 2,3198.0,1999.0,37.5,399.8,True,https://in.fastandup.com/products/plant-protein-cookies-cream-500g-pack-of-2
2026-08-19 23:00 IST,Fast&Up,Fastandup,Daily Fiber + Plant Protein Rich Chocolate Combo,3715.0,2299.0,38.1,,True,https://in.fastandup.com/products/daily-fiber-plant-protein-rich-chocolate-combo
2026-08-19 23:00 IST,OZiva,OZiva,Pro-Collagen Protein Peptides Caramel | 250g,799.0,433.0,45.8,173.2,True,https://oziva.in/products/pro-collagen-protein-peptides-caramel-250g
2026-08-19 23:00 IST,OZiva,OZiva,"Vegan Collagen, Clinically Proven (Watermelon / Starter Pack-125g)",499.0,459.0,8.0,367.2,True,https://oziva.in/products/plant-based-collagen
2026-08-19 23:00 IST,OZiva,OZiva,Plant Protein + Pro-Digest (Assorted),699.0,699.0,0.0,,True,https://oziva.in/products/plant-protein-pro-digest
2026-08-19 23:00 IST,OZiva,OZiva,Plant Protein + Pro-Digest (Chocolate),699.0,699.0,0.0,,False,https://oziva.in/products/plant-protein-pro-digest
2026-08-19 23:00 IST,OZiva,OZiva,Plant Protein + Pro-Digest (Mango),699.0,699.0,0.0,,False,https://oziva.in/products/plant-protein-pro-digest
2026-08-19 23:00 IST,OZiva,OZiva,Plant Protein + Pro-Digest (Strawberry),699.0,699.0,0.0,,False,https://oziva.in/products/plant-protein-pro-digest
2026-08-19 23:00 IST,OZiva,OZiva,Plant Protein + Pro-Digest (Vanilla),699.0,699.0,0.0,,False,https://oziva.in/products/plant-protein-pro-digest
2026-08-19 23:00 IST,OZiva,OZiva,Bioactive Plant Protein (Assorted / Starter Pack),699.0,699.0,0.0,,True,https://oziva.in/products/oziva-bioactive-plant-protein-with-25g-vegan-protein-5-5-bcaas-100-rda-vitamins-minerals-ayurvedic-herbs-for-better-endurance-stamina-muscle-recovery-1-kg
2026-08-19 23:00 IST,OZiva,OZiva,Daily Protein Activ for Women (Rich Chocolate / Starter Pack),799.0,749.0,6.3,,True,https://oziva.in/products/daily-protein-activ-for-women-with-clean-whey-protein-multivitamins-tulsi-probiotics-for-improved-everyday-energy-stamina-bone-health-immune-health
2026-08-19 23:00 IST,OZiva,OZiva,Daily Protein Activ for Women (Classic Vanilla / Starter Pack),799.0,749.0,6.3,,False,https://oziva.in/products/daily-protein-activ-for-women-with-clean-whey-protein-multivitamins-tulsi-probiotics-for-improved-everyday-energy-stamina-bone-health-immune-health
2026-08-19 23:00 IST,OZiva,OZiva,"Pro-Collagen Protein Peptides, 250 g (Starter Pack)",849.0,799.0,5.9,319.6,True,https://oziva.in/products/oziva-pro-collagen-protein-peptides-with-clean-protein-green-coffee-hyaluronic-acid-biotin-for-skin-hair-health-muscle-joint-health-protein-breakdown-caramel-250-g
2026-08-19 23:00 IST,OZiva,OZiva,"Vegan Collagen, Clinically Proven (Guava Glow / Starter Pack)",959.0,929.0,3.1,,True,https://oziva.in/products/plant-based-collagen
2026-08-19 23:00 IST,OZiva,OZiva,"Vegan Collagen, Clinically Proven (Classic / Starter Pack)",959.0,929.0,3.1,,True,https://oziva.in/products/plant-based-collagen
2026-08-19 23:00 IST,OZiva,OZiva,"Vegan Collagen, Clinically Proven (Berry Orange / Starter Pack)",959.0,929.0,3.1,,True,https://oziva.in/products/plant-based-collagen
2026-08-19 23:00 IST,OZiva,OZiva,"Vegan Collagen, Clinically Proven (Watermelon / Starter Pack)",959.0,929.0,3.1,,True,https://oziva.in/products/plant-based-collagen
2026-08-19 23:00 IST,Wellbeing Nutrition,Wellbeing Nutrition,Kids Protein Vanilla Free Sachet,79.0,79.0,0.0,,True,https://wellbeingnutrition.com/products/kids-protein-vanilla-free-sachet
2026-08-19 23:00 IST,Wellbeing Nutrition,Wellbeing Nutrition,Kids Protein Chocolate Sachet,79.0,79.0,0.0,,True,https://wellbeingnutrition.com/products/kids-protein-chocolate-sachet
2026-08-19 23:00 IST,Wellbeing Nutrition,Wellbeing Nutrition,Kids Protein Vanilla Sachet,79.0,79.0,0.0,,True,https://wellbeingnutrition.com/products/kids-protein-vanilla-sachet
2026-08-19 23:00 IST,Wellbeing Nutrition,Wellbeing Nutrition,Vegan Protein Dark Chocolate Hazelnut Sachet,150.0,150.0,0.0,,True,https://wellbeingnutrition.com/products/vegan-protein-dark-chocolate-hazelnut-sachet
2026-08-19 23:00 IST,Wellbeing Nutrition,Wellbeing Nutrition,Whey Protein Isolate Dark Chocolate Sachet (Pack of 1),160.0,160.0,0.0,,False,https://wellbeingnutrition.com/products/whey-protein-isolate-dark-chocolate-sachet
2026-08-19 23:00 IST,Wellbeing Nutrition,Wellbeing Nutrition,Whey Protein Isolate + Concentrate Mango Sachets (Pack of 1),1399.0,1399.0,0.0,,False,https://wellbeingnutrition.com/products/whey-protein-isolate-concentrate-mango-sachets
2026-08-19 23:00 IST,Wellbeing Nutrition,Wellbeing Nutrition,Plant Protein 22g | 500g | 3B CFU Probiotics | Dark Chocolate Hazelnut (Pack of 1),1799.0,1439.0,20.0,287.8,True,https://wellbeingnutrition.com/products/vegan-protein-dark-chocolate-hazelnut
2026-08-19 23:00 IST,Wellbeing Nutrition,Wellbeing Nutrition,Plant Protein 22g | 500g | 3B CFU Probiotics | Italian Cafe Mocha (Pack of 1),1799.0,1439.0,20.0,287.8,False,https://wellbeingnutrition.com/products/vegan-protein-italian-cafe-mocha
2026-08-19 23:00 IST,Wellbeing Nutrition,Wellbeing Nutrition,Plant Protein 22g | 500g | 3B CFU Probiotics | Belgian Dark Chocolate (Pack of 1),1799.0,1439.0,20.0,287.8,True,https://wellbeingnutrition.com/products/vegan-protein-belgian-chocolate
2026-08-19 23:00 IST,Wellbeing Nutrition,Wellbeing Nutrition,Plant Protein 22g | 500g | 3B CFU Probiotics | French Vanilla Caramel (Pack of 1),1799.0,1439.0,20.0,287.8,True,https://wellbeingnutrition.com/products/vegan-protein-french-vanilla-caramel
2026-08-19 23:00 IST,Wellbeing Nutrition,Wellbeing Nutrition,Plant Protein 22g | 500g | 3B CFU Probiotics | Canadian Mixed Berry (Pack of 1),1799.0,1439.0,20.0,287.8,True,https://wellbeingnutrition.com/products/vegan-protein-canadian-mixed-berry
2026-08-19 23:00 IST,Wellbeing Nutrition,Wellbeing Nutrition,Her Superfood Plant Protein | Chocolate Peanut Butter (Pack of 1),1799.0,1439.0,20.0,,True,https://wellbeingnutrition.com/products/superfood-plant-protein-powder-for-women
2026-08-19 23:00 IST,Wellbeing Nutrition,Wellbeing Nutrition,Superfood Plant Protein | British Banoffee Pie (Pack of 1),1799.0,1439.0,20.0,,True,https://wellbeingnutrition.com/products/superfood-plant-protein-powder-in-banoffee-pie
2026-08-19 23:00 IST,Wellbeing Nutrition,Wellbeing Nutrition,Plant Protein 22g | 907g | 3B CFU Probiotics | French Vanilla Caramel (Pack of 1),3399.0,2719.0,20.0,299.78,True,https://wellbeingnutrition.com/products/vegan-protein-french-vanilla-caramel-copy
2026-08-19 23:00 IST,Wellbeing Nutrition,Wellbeing Nutrition,Plant Protein 22g | 907g | 3B CFU Probiotics | Belgian Dark Chocolate (Pack of 1),3399.0,2719.0,20.0,299.78,True,https://wellbeingnutrition.com/products/vegan-protein-belgian-dark-chocolate-probiotics
2026-08-19 23:00 IST,AS-IT-IS Nutrition,AS-IT-IS Nutrition,AS-IT-IS Brown Rice Protein | 27g Protein Per Serving (35g),175.0,122.0,30.3,,True,https://asitisnutrition.com/products/as-it-is-nutrition-brown-rice-protein-80-designed-as-meal-supplement-lab-tested-unflavoured
2026-08-19 23:00 IST,AS-IT-IS Nutrition,AS-IT-IS Nutrition,AS-IT-IS ONE Pea Protein Isolate| 29g Protein Per Serving| Plant Based Protein Powder (36g-Sachet),175.0,122.0,30.3,,False,https://asitisnutrition.com/products/as-it-is-nutrition-pea-protein-isolate-powder
2026-08-19 23:00 IST,AS-IT-IS Nutrition,AS-IT-IS Nutrition,AS-IT-IS Soy Protein Isolate | 30g Protein Per Serving (35g),175.0,122.0,30.3,,True,https://asitisnutrition.com/products/as-it-is-nutrition-buy-soy-protein-isolate-powder-in-india
2026-08-19 23:00 IST,AS-IT-IS Nutrition,AS-IT-IS Nutrition,ATOM Beginners Whey Protein | Supports Muscle-building | Supports Body Strength (Choco Hazel Fusion / 37g),203.0,131.0,35.5,,True,https://asitisnutrition.com/products/atom-beginners-whey-protein
2026-08-19 23:00 IST,AS-IT-IS Nutrition,AS-IT-IS Nutrition,ATOM Performance Whey  | With Safed Musli (Double Rich Chocolate / 45g),220.0,140.0,36.4,,True,https://asitisnutrition.com/products/as-it-is-atom-performance-whey-1kg-with-safed-musli-for-faster-recovery-highly-bioavailable
2026-08-19 23:00 IST,AS-IT-IS Nutrition,AS-IT-IS Nutrition,ATOM Performance Whey  | With Safed Musli (Pista Fusion / 45g),2485.0,140.0,94.4,,False,https://asitisnutrition.com/products/as-it-is-atom-performance-whey-1kg-with-safed-musli-for-faster-recovery-highly-bioavailable
2026-08-19 23:00 IST,AS-IT-IS Nutrition,AS-IT-IS Nutrition,ATOM Performance Whey  | With Safed Musli (Cafe Latte / 45g),2485.0,140.0,94.4,,False,https://asitisnutrition.com/products/as-it-is-atom-performance-whey-1kg-with-safed-musli-for-faster-recovery-highly-bioavailable
2026-08-19 23:00 IST,AS-IT-IS Nutrition,AS-IT-IS Nutrition,ATOM Performance Whey  | With Safed Musli (Cookie delight / 45g),2485.0,140.0,94.4,,False,https://asitisnutrition.com/products/as-it-is-atom-performance-whey-1kg-with-safed-musli-for-faster-recovery-highly-bioavailable
2026-08-19 23:00 IST,AS-IT-IS Nutrition,AS-IT-IS Nutrition,ATOM Performance Whey  | With Safed Musli (Choco hazel fusion / 45g),2485.0,140.0,94.4,,False,https://asitisnutrition.com/products/as-it-is-atom-performance-whey-1kg-with-safed-musli-for-faster-recovery-highly-bioavailable
2026-08-19 23:00 IST,AS-IT-IS Nutrition,AS-IT-IS Nutrition,ATOM Whey Protein (Double Rich Chocolate / (36g Travel Sachet)),262.0,167.0,36.3,463.89,True,https://asitisnutrition.com/products/atom-whey-protein
2026-08-19 23:00 IST,AS-IT-IS Nutrition,AS-IT-IS Nutrition,"AS-IT-IS ONE Whey Protein Concentrate I Single Ingredient | 28g Protein, Unflavoured 35g (35g Sachet (Pack of 1))",305.0,178.0,41.6,593.33,True,https://asitisnutrition.com/products/whey-protein-30g-sachet
2026-08-19 23:00 IST,AS-IT-IS Nutrition,AS-IT-IS Nutrition,ATOM NITRO WHEY WITH CREASURE® (Double Rich Chocolate / 45g),289.0,185.0,36.0,,True,https://asitisnutrition.com/products/atom-nitro-whey-with-creatine-i-33g-protein-3g-creatine-7-4g-bcaa
2026-08-19 23:00 IST,AS-IT-IS Nutrition,AS-IT-IS Nutrition,ATOM NITRO WHEY WITH CREASURE® (Kesar Kulfi / 45g),3407.0,185.0,94.6,,False,https://asitisnutrition.com/products/atom-nitro-whey-with-creatine-i-33g-protein-3g-creatine-7-4g-bcaa
2026-08-19 23:00 IST,AS-IT-IS Nutrition,AS-IT-IS Nutrition,ATOM NITRO WHEY WITH CREASURE® (Classic Vanilla / 45g),3407.0,185.0,94.6,,False,https://asitisnutrition.com/products/atom-nitro-whey-with-creatine-i-33g-protein-3g-creatine-7-4g-bcaa
2026-08-19 23:00 IST,AS-IT-IS Nutrition,AS-IT-IS Nutrition,"AS-IT-IS ONE Whey Protein Concentrate I Single Ingredient | 28g Protein, Unflavoured 35g (35g Sachet (Pack of 1) + Shaker)",438.0,303.0,30.8,1010.0,False,https://asitisnutrition.com/products/whey-protein-30g-sachet
2026-08-19 23:00 IST,MyFitness,MYFITNESS,MyFitness Peanut Butter - Chocolate | 26% Protein | Crispy | Chocolate Peanut Butter Spread (227g),159.0,149.0,6.3,65.64,True,https://myfitness.co.in/products/chocolate-crispy
2026-08-19 23:00 IST,MyFitness,MYFITNESS,"Pro.Fitness High Protein Chocolate Oats | Dark Chocolate | Healthy Oats With Nuts, Seeds & Added Whey (375g)",339.0,219.0,35.4,58.4,True,https://myfitness.co.in/products/high-protein-oats-900g-27g-protein
2026-08-19 23:00 IST,MyFitness,MYFITNESS,Pro.Fitness Rolled Oats | 13% Protein | Healthy Oats With High Fiber and Zero Cholesterol (900g),320.0,269.0,15.9,,True,https://myfitness.co.in/products/pro-fitness-rolled-oats-900g
2026-08-19 23:00 IST,MyFitness,myfitness-official-store,MyFitness Peanut Butter - Classic Zero | 28% Protein | Extra Crunchy | Zero Sugar Peanut Spread (510 g),349.0,275.0,21.2,53.92,True,https://myfitness.co.in/products/myfitness-zero-peanut-butter-crunchy-510g
2026-08-19 23:00 IST,MyFitness,myfitness-official-store,MyFitness Peanut Butter - Chocolate | 26% Protein | Crunchy | Chocolate Peanut Butter Spread (510 g),319.0,275.0,13.8,45.08,True,https://myfitness.co.in/products/myfitness-chocolate-peanut-butter-crunchy
2026-08-19 23:00 IST,MyFitness,myfitness-official-store,MyFitness Peanut Butter - Natural Unsweetened | 31% Protein | Crunchy | Zero Sugar Peanut Butter Spread (510 g),319.0,275.0,13.8,45.08,True,https://myfitness.co.in/products/myfitness-all-natural-peanut-butter-crunchy
2026-08-19 23:00 IST,MyFitness,myfitness-official-store,MyFitness Peanut Butter - Natural Unsweetened | 25% Protein | Smooth | Zero Sugar Peanut Butter Spread (510 g),319.0,275.0,13.8,45.08,True,https://myfitness.co.in/products/myfitness-all-natural-peanut-butter-smooth
2026-08-19 23:00 IST,MyFitness,myfitness-official-store,MyFitness Peanut Butter - Chocolate | 26% Protein | Crispy | Chocolate Peanut Butter Spread (510 g),319.0,275.0,13.8,45.08,True,https://myfitness.co.in/products/myfitness-chocolate-peanut-butter-crispy
2026-08-19 23:00 IST,MyFitness,myfitness-official-store,MyFitness Peanut Butter - Chocolate | 28% Protein | Smooth | Chocolate Peanut Butter Spread (510 g),319.0,275.0,13.8,45.08,True,https://myfitness.co.in/products/myfitness-chocolate-peanut-butter-smooth
2026-08-19 23:00 IST,MyFitness,myfitness-official-store,MyFitness Peanut Butter - Original | 28% Protein | Crunchy | Classic Peanut Butter Spread (510 g),319.0,275.0,13.8,45.08,True,https://myfitness.co.in/products/myfitness-original-peanut-butter-crunchy
2026-08-19 23:00 IST,MyFitness,myfitness-official-store,MyFitness Peanut Butter - Original | 28% Protein | Smooth | Classic Peanut Butter Spread (510 g),319.0,275.0,13.8,45.08,False,https://myfitness.co.in/products/myfitness-original-peanut-butter-smooth
2026-08-19 23:00 IST,MyFitness,MYFITNESS,MyFitness Peanut Butter - Chocolate | 25% Protein | Almond Crunch | Chocolate Peanut Butter Spread (510 g),379.0,279.0,26.4,54.71,True,https://myfitness.co.in/products/myfitness-chocolate-peanut-butter-with-almond-crunch
2026-08-19 23:00 IST,MyFitness,MYFITNESS,MyFitness Peanut Butter - Dark Chocolate | 30% Protein | Smooth | Rich Chocolate Peanut Butter Spread (510 g),399.0,299.0,25.1,49.02,False,https://myfitness.co.in/products/myfitness-olympia-edition-dark-chocolate-peanut-butter-with-added-whey-smooth
2026-08-19 23:00 IST,MyFitness,MYFITNESS,MyFitness Peanut Butter - Dark Chocolate | 29% Protein | Crispy | Rich Chocolate Peanut Butter Spread (510 g),399.0,319.0,20.1,52.3,True,https://myfitness.co.in/products/myfitness-peanut-butter-dark-chocolate-29-protein-crispy-rich-chocolate-peanut-butter-spread
2026-08-19 23:00 IST,MyFitness,myfitness-official-store,MyFitness Peanut Butter - Chocolate | 26% Protein | Crunchy | Chocolate Peanut Butter Spread (900g),499.0,399.0,20.0,39.9,True,https://myfitness.co.in/products/myfitness-chocolate-peanut-butter-crunchy
2026-08-19 23:00 IST,Naturaltein,naturaltein,The Protein Dessert E-Cook Book by Naturaltein,599.0,399.0,33.4,,True,https://naturaltein.in/products/the-protein-dessert-e-cook-book-by-naturaltein
2026-08-19 23:00 IST,Naturaltein,naturaltein,Natural Plant Protein (Chocolate / 1 Box (500 g)),3000.0,1112.0,62.9,222.4,True,https://naturaltein.in/products/plant-protein
2026-08-19 23:00 IST,Naturaltein,naturaltein,Natural Plant Protein (Mango / 1 Box (500 g)),3000.0,1112.0,62.9,222.4,True,https://naturaltein.in/products/plant-protein
2026-08-19 23:00 IST,Naturaltein,naturaltein,Natural Plant Protein (Berry / 1 Box (500 g)),3000.0,1112.0,62.9,222.4,True,https://naturaltein.in/products/plant-protein
2026-08-19 23:00 IST,Naturaltein,naturaltein,Natural Plant Protein (Pista / 1 Box (500 g)),3000.0,1112.0,62.9,222.4,True,https://naturaltein.in/products/plant-protein
2026-08-19 23:00 IST,Naturaltein,naturaltein,Natural Plant Protein (Coffee / 1 Box (500 g)),3000.0,1112.0,62.9,222.4,True,https://naturaltein.in/products/plant-protein
2026-08-19 23:00 IST,Naturaltein,naturaltein,Natural Whey Protein Concentrate (Italian Ice Cream / 1 Box (300 g)),1424.0,1299.0,8.8,433.0,False,https://naturaltein.in/products/whey-protein-concentrate
2026-08-19 23:00 IST,Naturaltein,naturaltein,Natural Whey Protein Concentrate (Chocolate Biscoff / 1 Box (300 g)),1424.0,1399.0,1.8,466.33,False,https://naturaltein.in/products/whey-protein-concentrate
2026-08-19 23:00 IST,Naturaltein,naturaltein,Natural Whey Protein Concentrate (Chocolate Caramel / 1 Box (300 g)),1424.0,1399.0,1.8,466.33,False,https://naturaltein.in/products/whey-protein-concentrate
2026-08-19 23:00 IST,Naturaltein,naturaltein,Natural Whey Protein Concentrate (Chocolate / 1 Box (300 g)),2500.0,1524.0,39.0,508.0,True,https://naturaltein.in/products/whey-protein-concentrate
2026-08-19 23:00 IST,Naturaltein,naturaltein,Natural Whey Protein Concentrate (Unflavoured / 1 Box (300 g)),2500.0,1524.0,39.0,508.0,True,https://naturaltein.in/products/whey-protein-concentrate
2026-08-19 23:00 IST,Naturaltein,naturaltein,Natural Whey Protein Concentrate (Caffe Mocha / 1 Box (300 g)),2500.0,1524.0,39.0,508.0,True,https://naturaltein.in/products/whey-protein-concentrate
2026-08-19 23:00 IST,Naturaltein,naturaltein,Natural Plant Protein (Chocolate / 2 Boxes (1 kg)),6000.0,1600.0,73.3,160.0,True,https://naturaltein.in/products/plant-protein
2026-08-19 23:00 IST,Naturaltein,naturaltein,Natural Plant Protein (Mango / 2 Boxes (1 kg)),6000.0,1600.0,73.3,160.0,True,https://naturaltein.in/products/plant-protein
2026-08-19 23:00 IST,Naturaltein,naturaltein,Natural Plant Protein (Berry / 2 Boxes (1 kg)),6000.0,1600.0,73.3,160.0,True,https://naturaltein.in/products/plant-protein
2026-08-19 23:00 IST,GNC India,GNC India,GNC Superfood Plant Isolate 35 gram (35gm / Chocolate),149.0,1.0,99.3,,True,https://gnc.in/products/gnc-superfood-plant-isolate-35-gram
2026-08-19 23:00 IST,GNC India,GNC India,GNC Superfood Plant Isolate 35 gram (35gm / Coffee),149.0,1.0,99.3,,True,https://gnc.in/products/gnc-superfood-plant-isolate-35-gram
2026-08-19 23:00 IST,GNC India,GNC India,GNC Superfood Plant Isolate 35 gram (35gm / Mango),149.0,1.0,99.3,,True,https://gnc.in/products/gnc-superfood-plant-isolate-35-gram
2026-08-19 23:00 IST,GNC India,GNC India,GNC Superfood Plant Isolate 35 gram (35gm / Vanilla),149.0,1.0,99.3,,False,https://gnc.in/products/gnc-superfood-plant-isolate-35-gram
2026-08-19 23:00 IST,GNC India,GNC India,PP Protein Wafer Bar Mini 20gm (Chocolate / 20 gm),60.0,40.0,33.3,200.0,True,https://gnc.in/products/pp-protein-wafer-bar-mini-20gm
2026-08-19 23:00 IST,GNC India,GNC India,PP Protein Wafer Bar Mini 20gm (Coffee / 20 gm),60.0,40.0,33.3,200.0,True,https://gnc.in/products/pp-protein-wafer-bar-mini-20gm
2026-08-19 23:00 IST,GNC India,GNC India,PP Protein Wafer Bar Mini 20gm (Peanut Butter / 20 gm),60.0,40.0,33.3,200.0,True,https://gnc.in/products/pp-protein-wafer-bar-mini-20gm
2026-08-19 23:00 IST,GNC India,GNC,GNC Protein Wafer Bar (Chocolate) (Pack of 1 / Chocolate),59.0,55.0,6.8,,True,https://gnc.in/products/gnc-protein-wafer-bar-chocolate
2026-08-19 23:00 IST,GNC India,GNC,GNC Protein Wafer Bar (Peanut butter) (Pack of 1 / Peanut Butter),59.0,55.0,6.8,,True,https://gnc.in/products/gnc-protein-wafer-bar-peanut-butter
2026-08-19 23:00 IST,GNC India,GNC,GNC Protein Wafer Bar (Coffee) (Pack of 1 / Coffee),59.0,55.0,6.8,,True,https://gnc.in/products/gnc-protein-wafer-bar-coffee
2026-08-19 23:00 IST,GNC India,GNC,GNC Protein Wafer Bar (40g / Chocolate),60.0,55.0,8.3,137.5,True,https://gnc.in/products/gnc-protein-wafer-bar-upsell
2026-08-19 23:00 IST,GNC India,GNC India,GNC Select Fermented Yeast Protein Isolate (35gm) (35 gm / Chocolate),149.0,65.0,56.4,185.71,True,https://gnc.in/products/gnc-select-fermented-yeast-protein-isolate-35gm
2026-08-19 23:00 IST,GNC India,GNC India,GNC Select Fermented Yeast Protein Isolate (35gm) (35 gm / Coffee),149.0,65.0,56.4,185.71,True,https://gnc.in/products/gnc-select-fermented-yeast-protein-isolate-35gm
2026-08-19 23:00 IST,GNC India,GNC India,GNC Select Fermented Yeast Protein Isolate (35gm) (35 gm / Vanilla),149.0,65.0,56.4,185.71,True,https://gnc.in/products/gnc-select-fermented-yeast-protein-isolate-35gm
2026-08-19 23:00 IST,GNC India,GNC India,GNC Select Fermented Yeast Protein Isolate (35 gm / Chocolate),149.0,69.0,53.7,197.14,True,https://gnc.in/products/gnc-select-fermented-yeast-protein
2026-08-19 23:01 IST,Nutrabay,Nutrabay,Nutrabay Gold Pea Protein,69,69,0.0,172.5,True,https://nutrabay.com/product/nutrabay-gold-hydrolyzed-pea-protein/?pId=3302532
2026-08-19 23:01 IST,Nutrabay,Nutrabay,Nutrabay Gold Pea Protein,69,69,0.0,172.5,True,https://nutrabay.com/product/nutrabay-gold-hydrolyzed-pea-protein/?pId=3302532
2026-08-19 23:01 IST,Nutrabay,Nutrabay,Nutrabay Gold Pea Protein,69,69,0.0,172.5,True,https://nutrabay.com/product/nutrabay-gold-hydrolyzed-pea-protein/?pId=3302532
2026-08-19 23:01 IST,Nutrabay,Velbiom,Velbiom Happy Cultures Tastiest Plant Protein,600,499,16.8,346.53,True,https://nutrabay.com/product/velbiom-happy-cultures-tastiest-plant-protein/?pId=7407265
2026-08-19 23:01 IST,Nutrabay,TruNativ,TruNativ Plant Based Everyday Protein - Protein You Can Cook With!,699,599,14.3,363.03,True,https://nutrabay.com/product/trunativ-plant-based-everyday-protein-protein-you-can-cook-with/?pId=9485223
2026-08-19 23:01 IST,Nutrabay,Nutrabay,Nutrabay Pure Pea Protein Isolate,669,649,3.0,129.8,True,https://nutrabay.com/product/nutrabay-pure-100-pea-protein-isolate/?pId=4537768
2026-08-19 23:01 IST,Nutrabay,Nutrabay,Nutrabay Wellness Vegan Plant Protein Powder + Superfoods,1199,799,33.4,159.8,True,https://nutrabay.com/product/nutrabay-wellness-vegan-plant-protein-powder-superfoods/?pId=4698878
2026-08-19 23:01 IST,Nutrabay,Nutrabay,Nutrabay Pure Pea Protein Isolate,1349,849,37.1,84.9,True,https://nutrabay.com/product/nutrabay-pure-100-pea-protein-isolate/?pId=4537768
2026-08-19 23:01 IST,Nutrabay,Nutrabay,Nutrabay BioAbsorb™ Whey Protein Powder | Clinically Tested 54% Better Protein Absorption | 26g Protein/Scoop | India's 1st Protein with ProDiFi™ for No Bloating | No Added Sugar,859,859,0.0,474.59,True,https://nutrabay.com/product/nutrabay-bioabsorb-whey-protein/?pId=8042444
2026-08-19 23:01 IST,Nutrabay,Nakpro Nutrition,Nakpro Nutrition Platinum Soy Protein Isolate,2050,899,56.1,89.9,True,https://nutrabay.com/product/nakpro-vegan-soy-protein-isolate-90-raw-pure-natural-vegetarian-plant-protein-supplement-powder/?pId=3990475
2026-08-19 23:01 IST,Nutrabay,Nakpro Nutrition,Nakpro Nutrition Platinum Soy Protein Isolate,2050,899,56.1,89.9,True,https://nutrabay.com/product/nakpro-vegan-soy-protein-isolate-90-raw-pure-natural-vegetarian-plant-protein-supplement-powder/?pId=3990475
2026-08-19 23:01 IST,Nutrabay,Nakpro Nutrition,Nakpro Nutrition Platinum Soy Protein Isolate,2300,899,60.9,89.9,True,https://nutrabay.com/product/nakpro-vegan-soy-protein-isolate-90-raw-pure-natural-vegetarian-plant-protein-supplement-powder/?pId=3990475
2026-08-19 23:01 IST,Nutrabay,Optimum Nutrition,Optimum Nutrition (ON) Gold Standard Whey Protein Powder,940,940,0.0,,True,https://nutrabay.com/product/optimum-nutrition-on-100-whey-gold-standard-2/?pId=4471481
2026-08-19 23:01 IST,Nutrabay,Velbiom,Velbiom Happy Cultures Tastiest Plant Protein,1699,949,44.1,187.92,True,https://nutrabay.com/product/velbiom-happy-cultures-tastiest-plant-protein/?pId=7407265
2026-08-19 23:01 IST,Nutrabay,Velbiom,Velbiom Happy Cultures Tastiest Plant Protein,1699,949,44.1,187.92,True,https://nutrabay.com/product/velbiom-happy-cultures-tastiest-plant-protein/?pId=7407265
2026-08-19 23:01 IST,Fast&Up,Fastandup,Plant Protein - Rich Chocolate - Single Serving Sachet,90.0,90.0,0.0,,True,https://in.fastandup.com/products/plant-protein-rich-chocolate-single-serving-sachet
2026-08-19 23:01 IST,Fast&Up,Fastandup,100% Pure & Natural Moringa Powder,250.0,238.0,4.8,,True,https://in.fastandup.com/products/100-pure-natural-moringa-powder
2026-08-19 23:01 IST,Fast&Up,Fastandup,Plant Protein - Assorted Pack,270.0,243.0,10.0,,True,https://in.fastandup.com/products/fast-up-plant-protein-assorted-pack
2026-08-19 23:01 IST,Fast&Up,Fastandup,Plant Protein - Rich Chocolate - Single Serving Sachet Combo Pack (Rich Chocolate / Pack of 5),450.0,396.0,12.0,,True,https://in.fastandup.com/products/plant-protein-rich-chocolate-single-serving-sachet-combo-pack
2026-08-19 23:01 IST,Fast&Up,Fastandup,Plant Protein - Rich Chocolate - Single Serving Sachet Combo Pack (Rich Chocolate / Pack of 10),900.0,765.0,15.0,,True,https://in.fastandup.com/products/plant-protein-rich-chocolate-single-serving-sachet-combo-pack
2026-08-19 23:01 IST,Fast&Up,Fastandup,Plant Protein - Rich Chocolate - Single Serving Sachet Combo Pack (Rich Chocolate / Pack of 15),1350.0,1107.0,18.0,,True,https://in.fastandup.com/products/plant-protein-rich-chocolate-single-serving-sachet-combo-pack
2026-08-19 23:01 IST,Fast&Up,Fastandup,Plant Protein - Cookies & Cream - 500g,1599.0,1119.0,30.0,223.8,True,https://in.fastandup.com/products/plant-protein-cookies-cream-500g
2026-08-19 23:01 IST,Fast&Up,Fastandup,Plant Protein - Rich Chocolate – 500gms,1599.0,1119.0,30.0,223.8,False,https://in.fastandup.com/products/plant-protein-powder-500gms
2026-08-19 23:01 IST,Fast&Up,Fastandup,Plant Protein - Alphonso Mango - 1Kg,3115.0,1949.0,37.4,194.9,True,https://in.fastandup.com/products/plant-protein-alphonso-mango-25-servings
2026-08-19 23:01 IST,Fast&Up,Fastandup,Plant Protein - Kesar Kulfi - 1kg,3115.0,1949.0,37.4,194.9,False,https://in.fastandup.com/products/plant-protein-powder-special-festive-pack
2026-08-19 23:01 IST,Fast&Up,Fastandup,Plant Protein - Cookies & Cream - 1Kg,3115.0,1949.0,37.4,194.9,True,https://in.fastandup.com/products/plant-protein-cookies-cream-1-kg
2026-08-19 23:01 IST,Fast&Up,Fastandup,Plant Protein - Strawberry Blast - 25 Servings,3115.0,1949.0,37.4,,False,https://in.fastandup.com/products/plant-protein-strawberry-25-servings
2026-08-19 23:01 IST,Fast&Up,Fastandup,Plant Protein - Rich Chocolate - 1kg,3115.0,1949.0,37.4,194.9,True,https://in.fastandup.com/products/plant-protein-rich-chocolate-1kg
2026-08-19 23:01 IST,Fast&Up,Fastandup,Plant Protein - Cookies & Cream - 500g Pack of 2,3198.0,1999.0,37.5,399.8,True,https://in.fastandup.com/products/plant-protein-cookies-cream-500g-pack-of-2
2026-08-19 23:01 IST,Fast&Up,Fastandup,Daily Fiber + Plant Protein Rich Chocolate Combo,3715.0,2299.0,38.1,,True,https://in.fastandup.com/products/daily-fiber-plant-protein-rich-chocolate-combo
2026-08-19 23:01 IST,OZiva,OZiva,Pro-Collagen Protein Peptides Caramel | 250g,799.0,433.0,45.8,173.2,True,https://oziva.in/products/pro-collagen-protein-peptides-caramel-250g
2026-08-19 23:01 IST,OZiva,OZiva,"Vegan Collagen, Clinically Proven (Watermelon / Starter Pack-125g)",499.0,459.0,8.0,367.2,True,https://oziva.in/products/plant-based-collagen
2026-08-19 23:01 IST,OZiva,OZiva,Plant Protein + Pro-Digest (Assorted),699.0,699.0,0.0,,True,https://oziva.in/products/plant-protein-pro-digest
2026-08-19 23:01 IST,OZiva,OZiva,Plant Protein + Pro-Digest (Chocolate),699.0,699.0,0.0,,False,https://oziva.in/products/plant-protein-pro-digest
2026-08-19 23:01 IST,OZiva,OZiva,Plant Protein + Pro-Digest (Mango),699.0,699.0,0.0,,False,https://oziva.in/products/plant-protein-pro-digest
2026-08-19 23:01 IST,OZiva,OZiva,Plant Protein + Pro-Digest (Strawberry),699.0,699.0,0.0,,False,https://oziva.in/products/plant-protein-pro-digest
2026-08-19 23:01 IST,OZiva,OZiva,Plant Protein + Pro-Digest (Vanilla),699.0,699.0,0.0,,False,https://oziva.in/products/plant-protein-pro-digest
2026-08-19 23:01 IST,OZiva,OZiva,Bioactive Plant Protein (Assorted / Starter Pack),699.0,699.0,0.0,,True,https://oziva.in/products/oziva-bioactive-plant-protein-with-25g-vegan-protein-5-5-bcaas-100-rda-vitamins-minerals-ayurvedic-herbs-for-better-endurance-stamina-muscle-recovery-1-kg
2026-08-19 23:01 IST,OZiva,OZiva,Daily Protein Activ for Women (Rich Chocolate / Starter Pack),799.0,749.0,6.3,,True,https://oziva.in/products/daily-protein-activ-for-women-with-clean-whey-protein-multivitamins-tulsi-probiotics-for-improved-everyday-energy-stamina-bone-health-immune-health
2026-08-19 23:01 IST,OZiva,OZiva,Daily Protein Activ for Women (Classic Vanilla / Starter Pack),799.0,749.0,6.3,,False,https://oziva.in/products/daily-protein-activ-for-women-with-clean-whey-protein-multivitamins-tulsi-probiotics-for-improved-everyday-energy-stamina-bone-health-immune-health
2026-08-19 23:01 IST,OZiva,OZiva,"Pro-Collagen Protein Peptides, 250 g (Starter Pack)",849.0,799.0,5.9,319.6,True,https://oziva.in/products/oziva-pro-collagen-protein-peptides-with-clean-protein-green-coffee-hyaluronic-acid-biotin-for-skin-hair-health-muscle-joint-health-protein-breakdown-caramel-250-g
2026-08-19 23:01 IST,OZiva,OZiva,"Vegan Collagen, Clinically Proven (Guava Glow / Starter Pack)",959.0,929.0,3.1,,True,https://oziva.in/products/plant-based-collagen
2026-08-19 23:01 IST,OZiva,OZiva,"Vegan Collagen, Clinically Proven (Classic / Starter Pack)",959.0,929.0,3.1,,True,https://oziva.in/products/plant-based-collagen
2026-08-19 23:01 IST,OZiva,OZiva,"Vegan Collagen, Clinically Proven (Berry Orange / Starter Pack)",959.0,929.0,3.1,,True,https://oziva.in/products/plant-based-collagen
2026-08-19 23:01 IST,OZiva,OZiva,"Vegan Collagen, Clinically Proven (Watermelon / Starter Pack)",959.0,929.0,3.1,,True,https://oziva.in/products/plant-based-collagen
2026-08-19 23:01 IST,Wellbeing Nutrition,Wellbeing Nutrition,Kids Protein Vanilla Free Sachet,79.0,79.0,0.0,,True,https://wellbeingnutrition.com/products/kids-protein-vanilla-free-sachet
2026-08-19 23:01 IST,Wellbeing Nutrition,Wellbeing Nutrition,Kids Protein Chocolate Sachet,79.0,79.0,0.0,,True,https://wellbeingnutrition.com/products/kids-protein-chocolate-sachet
2026-08-19 23:01 IST,Wellbeing Nutrition,Wellbeing Nutrition,Kids Protein Vanilla Sachet,79.0,79.0,0.0,,True,https://wellbeingnutrition.com/products/kids-protein-vanilla-sachet
2026-08-19 23:01 IST,Wellbeing Nutrition,Wellbeing Nutrition,Vegan Protein Dark Chocolate Hazelnut Sachet,150.0,150.0,0.0,,True,https://wellbeingnutrition.com/products/vegan-protein-dark-chocolate-hazelnut-sachet
2026-08-19 23:01 IST,Wellbeing Nutrition,Wellbeing Nutrition,Whey Protein Isolate Dark Chocolate Sachet (Pack of 1),160.0,160.0,0.0,,False,https://wellbeingnutrition.com/products/whey-protein-isolate-dark-chocolate-sachet
2026-08-19 23:01 IST,Wellbeing Nutrition,Wellbeing Nutrition,Whey Protein Isolate + Concentrate Mango Sachets (Pack of 1),1399.0,1399.0,0.0,,False,https://wellbeingnutrition.com/products/whey-protein-isolate-concentrate-mango-sachets
2026-08-19 23:01 IST,Wellbeing Nutrition,Wellbeing Nutrition,Plant Protein 22g | 500g | 3B CFU Probiotics | Dark Chocolate Hazelnut (Pack of 1),1799.0,1439.0,20.0,287.8,True,https://wellbeingnutrition.com/products/vegan-protein-dark-chocolate-hazelnut
2026-08-19 23:01 IST,Wellbeing Nutrition,Wellbeing Nutrition,Plant Protein 22g | 500g | 3B CFU Probiotics | Italian Cafe Mocha (Pack of 1),1799.0,1439.0,20.0,287.8,False,https://wellbeingnutrition.com/products/vegan-protein-italian-cafe-mocha
2026-08-19 23:01 IST,Wellbeing Nutrition,Wellbeing Nutrition,Plant Protein 22g | 500g | 3B CFU Probiotics | Belgian Dark Chocolate (Pack of 1),1799.0,1439.0,20.0,287.8,True,https://wellbeingnutrition.com/products/vegan-protein-belgian-chocolate
2026-08-19 23:01 IST,Wellbeing Nutrition,Wellbeing Nutrition,Plant Protein 22g | 500g | 3B CFU Probiotics | French Vanilla Caramel (Pack of 1),1799.0,1439.0,20.0,287.8,True,https://wellbeingnutrition.com/products/vegan-protein-french-vanilla-caramel
2026-08-19 23:01 IST,Wellbeing Nutrition,Wellbeing Nutrition,Plant Protein 22g | 500g | 3B CFU Probiotics | Canadian Mixed Berry (Pack of 1),1799.0,1439.0,20.0,287.8,True,https://wellbeingnutrition.com/products/vegan-protein-canadian-mixed-berry
2026-08-19 23:01 IST,Wellbeing Nutrition,Wellbeing Nutrition,Her Superfood Plant Protein | Chocolate Peanut Butter (Pack of 1),1799.0,1439.0,20.0,,True,https://wellbeingnutrition.com/products/superfood-plant-protein-powder-for-women
2026-08-19 23:01 IST,Wellbeing Nutrition,Wellbeing Nutrition,Superfood Plant Protein | British Banoffee Pie (Pack of 1),1799.0,1439.0,20.0,,True,https://wellbeingnutrition.com/products/superfood-plant-protein-powder-in-banoffee-pie
2026-08-19 23:01 IST,Wellbeing Nutrition,Wellbeing Nutrition,Plant Protein 22g | 907g | 3B CFU Probiotics | French Vanilla Caramel (Pack of 1),3399.0,2719.0,20.0,299.78,True,https://wellbeingnutrition.com/products/vegan-protein-french-vanilla-caramel-copy
2026-08-19 23:01 IST,Wellbeing Nutrition,Wellbeing Nutrition,Plant Protein 22g | 907g | 3B CFU Probiotics | Belgian Dark Chocolate (Pack of 1),3399.0,2719.0,20.0,299.78,True,https://wellbeingnutrition.com/products/vegan-protein-belgian-dark-chocolate-probiotics
2026-08-19 23:01 IST,AS-IT-IS Nutrition,AS-IT-IS Nutrition,AS-IT-IS Brown Rice Protein | 27g Protein Per Serving (35g),175.0,122.0,30.3,,True,https://asitisnutrition.com/products/as-it-is-nutrition-brown-rice-protein-80-designed-as-meal-supplement-lab-tested-unflavoured
2026-08-19 23:01 IST,AS-IT-IS Nutrition,AS-IT-IS Nutrition,AS-IT-IS ONE Pea Protein Isolate| 29g Protein Per Serving| Plant Based Protein Powder (36g-Sachet),175.0,122.0,30.3,,False,https://asitisnutrition.com/products/as-it-is-nutrition-pea-protein-isolate-powder
2026-08-19 23:01 IST,AS-IT-IS Nutrition,AS-IT-IS Nutrition,AS-IT-IS Soy Protein Isolate | 30g Protein Per Serving (35g),175.0,122.0,30.3,,True,https://asitisnutrition.com/products/as-it-is-nutrition-buy-soy-protein-isolate-powder-in-india
2026-08-19 23:01 IST,AS-IT-IS Nutrition,AS-IT-IS Nutrition,ATOM Beginners Whey Protein | Supports Muscle-building | Supports Body Strength (Choco Hazel Fusion / 37g),203.0,131.0,35.5,,True,https://asitisnutrition.com/products/atom-beginners-whey-protein
2026-08-19 23:01 IST,AS-IT-IS Nutrition,AS-IT-IS Nutrition,ATOM Performance Whey  | With Safed Musli (Double Rich Chocolate / 45g),220.0,140.0,36.4,,True,https://asitisnutrition.com/products/as-it-is-atom-performance-whey-1kg-with-safed-musli-for-faster-recovery-highly-bioavailable
2026-08-19 23:01 IST,AS-IT-IS Nutrition,AS-IT-IS Nutrition,ATOM Performance Whey  | With Safed Musli (Pista Fusion / 45g),2485.0,140.0,94.4,,False,https://asitisnutrition.com/products/as-it-is-atom-performance-whey-1kg-with-safed-musli-for-faster-recovery-highly-bioavailable
2026-08-19 23:01 IST,AS-IT-IS Nutrition,AS-IT-IS Nutrition,ATOM Performance Whey  | With Safed Musli (Cafe Latte / 45g),2485.0,140.0,94.4,,False,https://asitisnutrition.com/products/as-it-is-atom-performance-whey-1kg-with-safed-musli-for-faster-recovery-highly-bioavailable
2026-08-19 23:01 IST,AS-IT-IS Nutrition,AS-IT-IS Nutrition,ATOM Performance Whey  | With Safed Musli (Cookie delight / 45g),2485.0,140.0,94.4,,False,https://asitisnutrition.com/products/as-it-is-atom-performance-whey-1kg-with-safed-musli-for-faster-recovery-highly-bioavailable
2026-08-19 23:01 IST,AS-IT-IS Nutrition,AS-IT-IS Nutrition,ATOM Performance Whey  | With Safed Musli (Choco hazel fusion / 45g),2485.0,140.0,94.4,,False,https://asitisnutrition.com/products/as-it-is-atom-performance-whey-1kg-with-safed-musli-for-faster-recovery-highly-bioavailable
2026-08-19 23:01 IST,AS-IT-IS Nutrition,AS-IT-IS Nutrition,ATOM Whey Protein (Double Rich Chocolate / (36g Travel Sachet)),262.0,167.0,36.3,463.89,True,https://asitisnutrition.com/products/atom-whey-protein
2026-08-19 23:01 IST,AS-IT-IS Nutrition,AS-IT-IS Nutrition,"AS-IT-IS ONE Whey Protein Concentrate I Single Ingredient | 28g Protein, Unflavoured 35g (35g Sachet (Pack of 1))",305.0,178.0,41.6,593.33,True,https://asitisnutrition.com/products/whey-protein-30g-sachet
2026-08-19 23:01 IST,AS-IT-IS Nutrition,AS-IT-IS Nutrition,ATOM NITRO WHEY WITH CREASURE® (Double Rich Chocolate / 45g),289.0,185.0,36.0,,True,https://asitisnutrition.com/products/atom-nitro-whey-with-creatine-i-33g-protein-3g-creatine-7-4g-bcaa
2026-08-19 23:01 IST,AS-IT-IS Nutrition,AS-IT-IS Nutrition,ATOM NITRO WHEY WITH CREASURE® (Kesar Kulfi / 45g),3407.0,185.0,94.6,,False,https://asitisnutrition.com/products/atom-nitro-whey-with-creatine-i-33g-protein-3g-creatine-7-4g-bcaa
2026-08-19 23:01 IST,AS-IT-IS Nutrition,AS-IT-IS Nutrition,ATOM NITRO WHEY WITH CREASURE® (Classic Vanilla / 45g),3407.0,185.0,94.6,,False,https://asitisnutrition.com/products/atom-nitro-whey-with-creatine-i-33g-protein-3g-creatine-7-4g-bcaa
2026-08-19 23:01 IST,AS-IT-IS Nutrition,AS-IT-IS Nutrition,"AS-IT-IS ONE Whey Protein Concentrate I Single Ingredient | 28g Protein, Unflavoured 35g (35g Sachet (Pack of 1) + Shaker)",438.0,303.0,30.8,1010.0,False,https://asitisnutrition.com/products/whey-protein-30g-sachet
2026-08-19 23:01 IST,MyFitness,MYFITNESS,MyFitness Peanut Butter - Chocolate | 26% Protein | Crispy | Chocolate Peanut Butter Spread (227g),159.0,149.0,6.3,65.64,True,https://myfitness.co.in/products/chocolate-crispy
2026-08-19 23:01 IST,MyFitness,MYFITNESS,"Pro.Fitness High Protein Chocolate Oats | Dark Chocolate | Healthy Oats With Nuts, Seeds & Added Whey (375g)",339.0,219.0,35.4,58.4,True,https://myfitness.co.in/products/high-protein-oats-900g-27g-protein
2026-08-19 23:01 IST,MyFitness,MYFITNESS,Pro.Fitness Rolled Oats | 13% Protein | Healthy Oats With High Fiber and Zero Cholesterol (900g),320.0,269.0,15.9,,True,https://myfitness.co.in/products/pro-fitness-rolled-oats-900g
2026-08-19 23:01 IST,MyFitness,myfitness-official-store,MyFitness Peanut Butter - Classic Zero | 28% Protein | Extra Crunchy | Zero Sugar Peanut Spread (510 g),349.0,275.0,21.2,53.92,True,https://myfitness.co.in/products/myfitness-zero-peanut-butter-crunchy-510g
2026-08-19 23:01 IST,MyFitness,myfitness-official-store,MyFitness Peanut Butter - Chocolate | 26% Protein | Crunchy | Chocolate Peanut Butter Spread (510 g),319.0,275.0,13.8,45.08,True,https://myfitness.co.in/products/myfitness-chocolate-peanut-butter-crunchy
2026-08-19 23:01 IST,MyFitness,myfitness-official-store,MyFitness Peanut Butter - Natural Unsweetened | 31% Protein | Crunchy | Zero Sugar Peanut Butter Spread (510 g),319.0,275.0,13.8,45.08,True,https://myfitness.co.in/products/myfitness-all-natural-peanut-butter-crunchy
2026-08-19 23:01 IST,MyFitness,myfitness-official-store,MyFitness Peanut Butter - Natural Unsweetened | 25% Protein | Smooth | Zero Sugar Peanut Butter Spread (510 g),319.0,275.0,13.8,45.08,True,https://myfitness.co.in/products/myfitness-all-natural-peanut-butter-smooth
2026-08-19 23:01 IST,MyFitness,myfitness-official-store,MyFitness Peanut Butter - Chocolate | 26% Protein | Crispy | Chocolate Peanut Butter Spread (510 g),319.0,275.0,13.8,45.08,True,https://myfitness.co.in/products/myfitness-chocolate-peanut-butter-crispy
2026-08-19 23:01 IST,MyFitness,myfitness-official-store,MyFitness Peanut Butter - Chocolate | 28% Protein | Smooth | Chocolate Peanut Butter Spread (510 g),319.0,275.0,13.8,45.08,True,https://myfitness.co.in/products/myfitness-chocolate-peanut-butter-smooth
2026-08-19 23:01 IST,MyFitness,myfitness-official-store,MyFitness Peanut Butter - Original | 28% Protein | Crunchy | Classic Peanut Butter Spread (510 g),319.0,275.0,13.8,45.08,True,https://myfitness.co.in/products/myfitness-original-peanut-butter-crunchy
2026-08-19 23:01 IST,MyFitness,myfitness-official-store,MyFitness Peanut Butter - Original | 28% Protein | Smooth | Classic Peanut Butter Spread (510 g),319.0,275.0,13.8,45.08,False,https://myfitness.co.in/products/myfitness-original-peanut-butter-smooth
2026-08-19 23:01 IST,MyFitness,MYFITNESS,MyFitness Peanut Butter - Chocolate | 25% Protein | Almond Crunch | Chocolate Peanut Butter Spread (510 g),379.0,279.0,26.4,54.71,True,https://myfitness.co.in/products/myfitness-chocolate-peanut-butter-with-almond-crunch
2026-08-19 23:01 IST,MyFitness,MYFITNESS,MyFitness Peanut Butter - Dark Chocolate | 30% Protein | Smooth | Rich Chocolate Peanut Butter Spread (510 g),399.0,299.0,25.1,49.02,False,https://myfitness.co.in/products/myfitness-olympia-edition-dark-chocolate-peanut-butter-with-added-whey-smooth
2026-08-19 23:01 IST,MyFitness,MYFITNESS,MyFitness Peanut Butter - Dark Chocolate | 29% Protein | Crispy | Rich Chocolate Peanut Butter Spread (510 g),399.0,319.0,20.1,52.3,True,https://myfitness.co.in/products/myfitness-peanut-butter-dark-chocolate-29-protein-crispy-rich-chocolate-peanut-butter-spread
2026-08-19 23:01 IST,MyFitness,myfitness-official-store,MyFitness Peanut Butter - Chocolate | 26% Protein | Crunchy | Chocolate Peanut Butter Spread (900g),499.0,399.0,20.0,39.9,True,https://myfitness.co.in/products/myfitness-chocolate-peanut-butter-crunchy
2026-08-19 23:01 IST,Naturaltein,naturaltein,The Protein Dessert E-Cook Book by Naturaltein,599.0,399.0,33.4,,True,https://naturaltein.in/products/the-protein-dessert-e-cook-book-by-naturaltein
2026-08-19 23:01 IST,Naturaltein,naturaltein,Natural Plant Protein (Chocolate / 1 Box (500 g)),3000.0,1112.0,62.9,222.4,True,https://naturaltein.in/products/plant-protein
2026-08-19 23:01 IST,Naturaltein,naturaltein,Natural Plant Protein (Mango / 1 Box (500 g)),3000.0,1112.0,62.9,222.4,True,https://naturaltein.in/products/plant-protein
2026-08-19 23:01 IST,Naturaltein,naturaltein,Natural Plant Protein (Berry / 1 Box (500 g)),3000.0,1112.0,62.9,222.4,True,https://naturaltein.in/products/plant-protein
2026-08-19 23:01 IST,Naturaltein,naturaltein,Natural Plant Protein (Pista / 1 Box (500 g)),3000.0,1112.0,62.9,222.4,True,https://naturaltein.in/products/plant-protein
2026-08-19 23:01 IST,Naturaltein,naturaltein,Natural Plant Protein (Coffee / 1 Box (500 g)),3000.0,1112.0,62.9,222.4,True,https://naturaltein.in/products/plant-protein
2026-08-19 23:01 IST,Naturaltein,naturaltein,Natural Whey Protein Concentrate (Italian Ice Cream / 1 Box (300 g)),1424.0,1299.0,8.8,433.0,False,https://naturaltein.in/products/whey-protein-concentrate
2026-08-19 23:01 IST,Naturaltein,naturaltein,Natural Whey Protein Concentrate (Chocolate Biscoff / 1 Box (300 g)),1424.0,1399.0,1.8,466.33,False,https://naturaltein.in/products/whey-protein-concentrate
2026-08-19 23:01 IST,Naturaltein,naturaltein,Natural Whey Protein Concentrate (Chocolate Caramel / 1 Box (300 g)),1424.0,1399.0,1.8,466.33,False,https://naturaltein.in/products/whey-protein-concentrate
2026-08-19 23:01 IST,Naturaltein,naturaltein,Natural Whey Protein Concentrate (Chocolate / 1 Box (300 g)),2500.0,1524.0,39.0,508.0,True,https://naturaltein.in/products/whey-protein-concentrate
2026-08-19 23:01 IST,Naturaltein,naturaltein,Natural Whey Protein Concentrate (Unflavoured / 1 Box (300 g)),2500.0,1524.0,39.0,508.0,True,https://naturaltein.in/products/whey-protein-concentrate
2026-08-19 23:01 IST,Naturaltein,naturaltein,Natural Whey Protein Concentrate (Caffe Mocha / 1 Box (300 g)),2500.0,1524.0,39.0,508.0,True,https://naturaltein.in/products/whey-protein-concentrate
2026-08-19 23:01 IST,Naturaltein,naturaltein,Natural Plant Protein (Chocolate / 2 Boxes (1 kg)),6000.0,1600.0,73.3,160.0,True,https://naturaltein.in/products/plant-protein
2026-08-19 23:01 IST,Naturaltein,naturaltein,Natural Plant Protein (Mango / 2 Boxes (1 kg)),6000.0,1600.0,73.3,160.0,True,https://naturaltein.in/products/plant-protein
2026-08-19 23:01 IST,Naturaltein,naturaltein,Natural Plant Protein (Berry / 2 Boxes (1 kg)),6000.0,1600.0,73.3,160.0,True,https://naturaltein.in/products/plant-protein
2026-08-19 23:01 IST,GNC India,GNC India,GNC Superfood Plant Isolate 35 gram (35gm / Chocolate),149.0,1.0,99.3,,True,https://gnc.in/products/gnc-superfood-plant-isolate-35-gram
2026-08-19 23:01 IST,GNC India,GNC India,GNC Superfood Plant Isolate 35 gram (35gm / Coffee),149.0,1.0,99.3,,True,https://gnc.in/products/gnc-superfood-plant-isolate-35-gram
2026-08-19 23:01 IST,GNC India,GNC India,GNC Superfood Plant Isolate 35 gram (35gm / Mango),149.0,1.0,99.3,,True,https://gnc.in/products/gnc-superfood-plant-isolate-35-gram
2026-08-19 23:01 IST,GNC India,GNC India,GNC Superfood Plant Isolate 35 gram (35gm / Vanilla),149.0,1.0,99.3,,False,https://gnc.in/products/gnc-superfood-plant-isolate-35-gram
2026-08-19 23:01 IST,GNC India,GNC India,PP Protein Wafer Bar Mini 20gm (Chocolate / 20 gm),60.0,40.0,33.3,200.0,True,https://gnc.in/products/pp-protein-wafer-bar-mini-20gm
2026-08-19 23:01 IST,GNC India,GNC India,PP Protein Wafer Bar Mini 20gm (Coffee / 20 gm),60.0,40.0,33.3,200.0,True,https://gnc.in/products/pp-protein-wafer-bar-mini-20gm
2026-08-19 23:01 IST,GNC India,GNC India,PP Protein Wafer Bar Mini 20gm (Peanut Butter / 20 gm),60.0,40.0,33.3,200.0,True,https://gnc.in/products/pp-protein-wafer-bar-mini-20gm
2026-08-19 23:01 IST,GNC India,GNC,GNC Protein Wafer Bar (Chocolate) (Pack of 1 / Chocolate),59.0,55.0,6.8,,True,https://gnc.in/products/gnc-protein-wafer-bar-chocolate
2026-08-19 23:01 IST,GNC India,GNC,GNC Protein Wafer Bar (Peanut butter) (Pack of 1 / Peanut Butter),59.0,55.0,6.8,,True,https://gnc.in/products/gnc-protein-wafer-bar-peanut-butter
2026-08-19 23:01 IST,GNC India,GNC,GNC Protein Wafer Bar (Coffee) (Pack of 1 / Coffee),59.0,55.0,6.8,,True,https://gnc.in/products/gnc-protein-wafer-bar-coffee
2026-08-19 23:01 IST,GNC India,GNC,GNC Protein Wafer Bar (40g / Chocolate),60.0,55.0,8.3,137.5,True,https://gnc.in/products/gnc-protein-wafer-bar-upsell
2026-08-19 23:01 IST,GNC India,GNC India,GNC Select Fermented Yeast Protein Isolate (35gm) (35 gm / Chocolate),149.0,65.0,56.4,185.71,True,https://gnc.in/products/gnc-select-fermented-yeast-protein-isolate-35gm
2026-08-19 23:01 IST,GNC India,GNC India,GNC Select Fermented Yeast Protein Isolate (35gm) (35 gm / Coffee),149.0,65.0,56.4,185.71,True,https://gnc.in/products/gnc-select-fermented-yeast-protein-isolate-35gm
2026-08-19 23:01 IST,GNC India,GNC India,GNC Select Fermented Yeast Protein Isolate (35gm) (35 gm / Vanilla),149.0,65.0,56.4,185.71,True,https://gnc.in/products/gnc-select-fermented-yeast-protein-isolate-35gm
2026-08-19 23:01 IST,GNC India,GNC India,GNC Select Fermented Yeast Protein Isolate (35 gm / Chocolate),149.0,69.0,53.7,197.14,True,https://gnc.in/products/gnc-select-fermented-yeast-protein
2026-08-19 23:19 IST,Nutrabay,Nutrabay,Nutrabay Gold Pea Protein,69,69,0.0,172.5,True,https://nutrabay.com/product/nutrabay-gold-hydrolyzed-pea-protein/?pId=3302532
2026-08-19 23:19 IST,Nutrabay,Nutrabay,Nutrabay Gold Pea Protein,69,69,0.0,172.5,True,https://nutrabay.com/product/nutrabay-gold-hydrolyzed-pea-protein/?pId=3302532
2026-08-19 23:19 IST,Nutrabay,Nutrabay,Nutrabay Gold Pea Protein,69,69,0.0,172.5,True,https://nutrabay.com/product/nutrabay-gold-hydrolyzed-pea-protein/?pId=3302532
2026-08-19 23:19 IST,Nutrabay,Velbiom,Velbiom Happy Cultures Tastiest Plant Protein,600,499,16.8,346.53,True,https://nutrabay.com/product/velbiom-happy-cultures-tastiest-plant-protein/?pId=7407265
2026-08-19 23:19 IST,Nutrabay,TruNativ,TruNativ Plant Based Everyday Protein - Protein You Can Cook With!,699,599,14.3,363.03,True,https://nutrabay.com/product/trunativ-plant-based-everyday-protein-protein-you-can-cook-with/?pId=9485223
2026-08-19 23:19 IST,Nutrabay,Nutrabay,Nutrabay Pure Pea Protein Isolate,669,649,3.0,129.8,True,https://nutrabay.com/product/nutrabay-pure-100-pea-protein-isolate/?pId=4537768
2026-08-19 23:19 IST,Nutrabay,Nutrabay,Nutrabay Wellness Vegan Plant Protein Powder + Superfoods,1199,799,33.4,159.8,True,https://nutrabay.com/product/nutrabay-wellness-vegan-plant-protein-powder-superfoods/?pId=4698878
2026-08-19 23:19 IST,Nutrabay,Nutrabay,Nutrabay Pure Pea Protein Isolate,1349,849,37.1,84.9,True,https://nutrabay.com/product/nutrabay-pure-100-pea-protein-isolate/?pId=4537768
2026-08-19 23:19 IST,Nutrabay,Nutrabay,Nutrabay BioAbsorb™ Whey Protein Powder | Clinically Tested 54% Better Protein Absorption | 26g Protein/Scoop | India's 1st Protein with ProDiFi™ for No Bloating | No Added Sugar,859,859,0.0,474.59,True,https://nutrabay.com/product/nutrabay-bioabsorb-whey-protein/?pId=8042444
2026-08-19 23:19 IST,Nutrabay,Nakpro Nutrition,Nakpro Nutrition Platinum Soy Protein Isolate,2050,899,56.1,89.9,True,https://nutrabay.com/product/nakpro-vegan-soy-protein-isolate-90-raw-pure-natural-vegetarian-plant-protein-supplement-powder/?pId=3990475
2026-08-19 23:19 IST,Nutrabay,Nakpro Nutrition,Nakpro Nutrition Platinum Soy Protein Isolate,2050,899,56.1,89.9,True,https://nutrabay.com/product/nakpro-vegan-soy-protein-isolate-90-raw-pure-natural-vegetarian-plant-protein-supplement-powder/?pId=3990475
2026-08-19 23:19 IST,Nutrabay,Nakpro Nutrition,Nakpro Nutrition Platinum Soy Protein Isolate,2300,899,60.9,89.9,True,https://nutrabay.com/product/nakpro-vegan-soy-protein-isolate-90-raw-pure-natural-vegetarian-plant-protein-supplement-powder/?pId=3990475
2026-08-19 23:19 IST,Nutrabay,Optimum Nutrition,Optimum Nutrition (ON) Gold Standard Whey Protein Powder,940,940,0.0,,True,https://nutrabay.com/product/optimum-nutrition-on-100-whey-gold-standard-2/?pId=4471481
2026-08-19 23:19 IST,Nutrabay,Velbiom,Velbiom Happy Cultures Tastiest Plant Protein,1699,949,44.1,187.92,True,https://nutrabay.com/product/velbiom-happy-cultures-tastiest-plant-protein/?pId=7407265
2026-08-19 23:19 IST,Nutrabay,Velbiom,Velbiom Happy Cultures Tastiest Plant Protein,1699,949,44.1,187.92,True,https://nutrabay.com/product/velbiom-happy-cultures-tastiest-plant-protein/?pId=7407265
2026-08-19 23:19 IST,Fast&Up,Fastandup,Plant Protein - Rich Chocolate - Single Serving Sachet,90.0,90.0,0.0,,True,https://in.fastandup.com/products/plant-protein-rich-chocolate-single-serving-sachet
2026-08-19 23:19 IST,Fast&Up,Fastandup,100% Pure & Natural Moringa Powder,250.0,238.0,4.8,,True,https://in.fastandup.com/products/100-pure-natural-moringa-powder
2026-08-19 23:19 IST,Fast&Up,Fastandup,Plant Protein - Assorted Pack,270.0,243.0,10.0,,True,https://in.fastandup.com/products/fast-up-plant-protein-assorted-pack
2026-08-19 23:19 IST,Fast&Up,Fastandup,Plant Protein - Rich Chocolate - Single Serving Sachet Combo Pack (Rich Chocolate / Pack of 5),450.0,396.0,12.0,,True,https://in.fastandup.com/products/plant-protein-rich-chocolate-single-serving-sachet-combo-pack
2026-08-19 23:19 IST,Fast&Up,Fastandup,Plant Protein - Rich Chocolate - Single Serving Sachet Combo Pack (Rich Chocolate / Pack of 10),900.0,765.0,15.0,,True,https://in.fastandup.com/products/plant-protein-rich-chocolate-single-serving-sachet-combo-pack
2026-08-19 23:19 IST,Fast&Up,Fastandup,Plant Protein - Rich Chocolate - Single Serving Sachet Combo Pack (Rich Chocolate / Pack of 15),1350.0,1107.0,18.0,,True,https://in.fastandup.com/products/plant-protein-rich-chocolate-single-serving-sachet-combo-pack
2026-08-19 23:19 IST,Fast&Up,Fastandup,Plant Protein - Cookies & Cream - 500g,1599.0,1119.0,30.0,223.8,True,https://in.fastandup.com/products/plant-protein-cookies-cream-500g
2026-08-19 23:19 IST,Fast&Up,Fastandup,Plant Protein - Rich Chocolate – 500gms,1599.0,1119.0,30.0,223.8,False,https://in.fastandup.com/products/plant-protein-powder-500gms
2026-08-19 23:19 IST,Fast&Up,Fastandup,Plant Protein - Alphonso Mango - 1Kg,3115.0,1949.0,37.4,194.9,True,https://in.fastandup.com/products/plant-protein-alphonso-mango-25-servings
2026-08-19 23:19 IST,Fast&Up,Fastandup,Plant Protein - Kesar Kulfi - 1kg,3115.0,1949.0,37.4,194.9,False,https://in.fastandup.com/products/plant-protein-powder-special-festive-pack
2026-08-19 23:19 IST,Fast&Up,Fastandup,Plant Protein - Cookies & Cream - 1Kg,3115.0,1949.0,37.4,194.9,True,https://in.fastandup.com/products/plant-protein-cookies-cream-1-kg
2026-08-19 23:19 IST,Fast&Up,Fastandup,Plant Protein - Strawberry Blast - 25 Servings,3115.0,1949.0,37.4,,False,https://in.fastandup.com/products/plant-protein-strawberry-25-servings
2026-08-19 23:19 IST,Fast&Up,Fastandup,Plant Protein - Rich Chocolate - 1kg,3115.0,1949.0,37.4,194.9,True,https://in.fastandup.com/products/plant-protein-rich-chocolate-1kg
2026-08-19 23:19 IST,Fast&Up,Fastandup,Plant Protein - Cookies & Cream - 500g Pack of 2,3198.0,1999.0,37.5,399.8,True,https://in.fastandup.com/products/plant-protein-cookies-cream-500g-pack-of-2
2026-08-19 23:19 IST,Fast&Up,Fastandup,Daily Fiber + Plant Protein Rich Chocolate Combo,3715.0,2299.0,38.1,,True,https://in.fastandup.com/products/daily-fiber-plant-protein-rich-chocolate-combo
2026-08-19 23:19 IST,OZiva,OZiva,Pro-Collagen Protein Peptides Caramel | 250g,799.0,433.0,45.8,173.2,True,https://oziva.in/products/pro-collagen-protein-peptides-caramel-250g
2026-08-19 23:19 IST,OZiva,OZiva,"Vegan Collagen, Clinically Proven (Watermelon / Starter Pack-125g)",499.0,459.0,8.0,367.2,True,https://oziva.in/products/plant-based-collagen
2026-08-19 23:19 IST,OZiva,OZiva,Plant Protein + Pro-Digest (Assorted),699.0,699.0,0.0,,True,https://oziva.in/products/plant-protein-pro-digest
2026-08-19 23:19 IST,OZiva,OZiva,Plant Protein + Pro-Digest (Chocolate),699.0,699.0,0.0,,False,https://oziva.in/products/plant-protein-pro-digest
2026-08-19 23:19 IST,OZiva,OZiva,Plant Protein + Pro-Digest (Mango),699.0,699.0,0.0,,False,https://oziva.in/products/plant-protein-pro-digest
2026-08-19 23:19 IST,OZiva,OZiva,Plant Protein + Pro-Digest (Strawberry),699.0,699.0,0.0,,False,https://oziva.in/products/plant-protein-pro-digest
2026-08-19 23:19 IST,OZiva,OZiva,Plant Protein + Pro-Digest (Vanilla),699.0,699.0,0.0,,False,https://oziva.in/products/plant-protein-pro-digest
2026-08-19 23:19 IST,OZiva,OZiva,Bioactive Plant Protein (Assorted / Starter Pack),699.0,699.0,0.0,,True,https://oziva.in/products/oziva-bioactive-plant-protein-with-25g-vegan-protein-5-5-bcaas-100-rda-vitamins-minerals-ayurvedic-herbs-for-better-endurance-stamina-muscle-recovery-1-kg
2026-08-19 23:19 IST,OZiva,OZiva,Daily Protein Activ for Women (Rich Chocolate / Starter Pack),799.0,749.0,6.3,,True,https://oziva.in/products/daily-protein-activ-for-women-with-clean-whey-protein-multivitamins-tulsi-probiotics-for-improved-everyday-energy-stamina-bone-health-immune-health
2026-08-19 23:19 IST,OZiva,OZiva,Daily Protein Activ for Women (Classic Vanilla / Starter Pack),799.0,749.0,6.3,,False,https://oziva.in/products/daily-protein-activ-for-women-with-clean-whey-protein-multivitamins-tulsi-probiotics-for-improved-everyday-energy-stamina-bone-health-immune-health
2026-08-19 23:19 IST,OZiva,OZiva,"Pro-Collagen Protein Peptides, 250 g (Starter Pack)",849.0,799.0,5.9,319.6,True,https://oziva.in/products/oziva-pro-collagen-protein-peptides-with-clean-protein-green-coffee-hyaluronic-acid-biotin-for-skin-hair-health-muscle-joint-health-protein-breakdown-caramel-250-g
2026-08-19 23:19 IST,OZiva,OZiva,"Vegan Collagen, Clinically Proven (Guava Glow / Starter Pack)",959.0,929.0,3.1,,True,https://oziva.in/products/plant-based-collagen
2026-08-19 23:19 IST,OZiva,OZiva,"Vegan Collagen, Clinically Proven (Classic / Starter Pack)",959.0,929.0,3.1,,True,https://oziva.in/products/plant-based-collagen
2026-08-19 23:19 IST,OZiva,OZiva,"Vegan Collagen, Clinically Proven (Berry Orange / Starter Pack)",959.0,929.0,3.1,,True,https://oziva.in/products/plant-based-collagen
2026-08-19 23:19 IST,OZiva,OZiva,"Vegan Collagen, Clinically Proven (Watermelon / Starter Pack)",959.0,929.0,3.1,,True,https://oziva.in/products/plant-based-collagen
2026-08-19 23:19 IST,Wellbeing Nutrition,Wellbeing Nutrition,Kids Protein Vanilla Free Sachet,79.0,79.0,0.0,,True,https://wellbeingnutrition.com/products/kids-protein-vanilla-free-sachet
2026-08-19 23:19 IST,Wellbeing Nutrition,Wellbeing Nutrition,Kids Protein Chocolate Sachet,79.0,79.0,0.0,,True,https://wellbeingnutrition.com/products/kids-protein-chocolate-sachet
2026-08-19 23:19 IST,Wellbeing Nutrition,Wellbeing Nutrition,Kids Protein Vanilla Sachet,79.0,79.0,0.0,,True,https://wellbeingnutrition.com/products/kids-protein-vanilla-sachet
2026-08-19 23:19 IST,Wellbeing Nutrition,Wellbeing Nutrition,Vegan Protein Dark Chocolate Hazelnut Sachet,150.0,150.0,0.0,,True,https://wellbeingnutrition.com/products/vegan-protein-dark-chocolate-hazelnut-sachet
2026-08-19 23:19 IST,Wellbeing Nutrition,Wellbeing Nutrition,Whey Protein Isolate Dark Chocolate Sachet (Pack of 1),160.0,160.0,0.0,,False,https://wellbeingnutrition.com/products/whey-protein-isolate-dark-chocolate-sachet
2026-08-19 23:19 IST,Wellbeing Nutrition,Wellbeing Nutrition,Whey Protein Isolate + Concentrate Mango Sachets (Pack of 1),1399.0,1399.0,0.0,,False,https://wellbeingnutrition.com/products/whey-protein-isolate-concentrate-mango-sachets
2026-08-19 23:19 IST,Wellbeing Nutrition,Wellbeing Nutrition,Plant Protein 22g | 500g | 3B CFU Probiotics | Dark Chocolate Hazelnut (Pack of 1),1799.0,1439.0,20.0,287.8,True,https://wellbeingnutrition.com/products/vegan-protein-dark-chocolate-hazelnut
2026-08-19 23:19 IST,Wellbeing Nutrition,Wellbeing Nutrition,Plant Protein 22g | 500g | 3B CFU Probiotics | Italian Cafe Mocha (Pack of 1),1799.0,1439.0,20.0,287.8,False,https://wellbeingnutrition.com/products/vegan-protein-italian-cafe-mocha
2026-08-19 23:19 IST,Wellbeing Nutrition,Wellbeing Nutrition,Plant Protein 22g | 500g | 3B CFU Probiotics | Belgian Dark Chocolate (Pack of 1),1799.0,1439.0,20.0,287.8,True,https://wellbeingnutrition.com/products/vegan-protein-belgian-chocolate
2026-08-19 23:19 IST,Wellbeing Nutrition,Wellbeing Nutrition,Plant Protein 22g | 500g | 3B CFU Probiotics | French Vanilla Caramel (Pack of 1),1799.0,1439.0,20.0,287.8,True,https://wellbeingnutrition.com/products/vegan-protein-french-vanilla-caramel
2026-08-19 23:19 IST,Wellbeing Nutrition,Wellbeing Nutrition,Plant Protein 22g | 500g | 3B CFU Probiotics | Canadian Mixed Berry (Pack of 1),1799.0,1439.0,20.0,287.8,True,https://wellbeingnutrition.com/products/vegan-protein-canadian-mixed-berry
2026-08-19 23:19 IST,Wellbeing Nutrition,Wellbeing Nutrition,Her Superfood Plant Protein | Chocolate Peanut Butter (Pack of 1),1799.0,1439.0,20.0,,True,https://wellbeingnutrition.com/products/superfood-plant-protein-powder-for-women
2026-08-19 23:19 IST,Wellbeing Nutrition,Wellbeing Nutrition,Superfood Plant Protein | British Banoffee Pie (Pack of 1),1799.0,1439.0,20.0,,True,https://wellbeingnutrition.com/products/superfood-plant-protein-powder-in-banoffee-pie
2026-08-19 23:19 IST,Wellbeing Nutrition,Wellbeing Nutrition,Plant Protein 22g | 907g | 3B CFU Probiotics | French Vanilla Caramel (Pack of 1),3399.0,2719.0,20.0,299.78,True,https://wellbeingnutrition.com/products/vegan-protein-french-vanilla-caramel-copy
2026-08-19 23:19 IST,Wellbeing Nutrition,Wellbeing Nutrition,Plant Protein 22g | 907g | 3B CFU Probiotics | Belgian Dark Chocolate (Pack of 1),3399.0,2719.0,20.0,299.78,True,https://wellbeingnutrition.com/products/vegan-protein-belgian-dark-chocolate-probiotics
2026-08-19 23:19 IST,AS-IT-IS Nutrition,AS-IT-IS Nutrition,AS-IT-IS Brown Rice Protein | 27g Protein Per Serving (35g),175.0,122.0,30.3,,True,https://asitisnutrition.com/products/as-it-is-nutrition-brown-rice-protein-80-designed-as-meal-supplement-lab-tested-unflavoured
2026-08-19 23:19 IST,AS-IT-IS Nutrition,AS-IT-IS Nutrition,AS-IT-IS ONE Pea Protein Isolate| 29g Protein Per Serving| Plant Based Protein Powder (36g-Sachet),175.0,122.0,30.3,,False,https://asitisnutrition.com/products/as-it-is-nutrition-pea-protein-isolate-powder
2026-08-19 23:19 IST,AS-IT-IS Nutrition,AS-IT-IS Nutrition,AS-IT-IS Soy Protein Isolate | 30g Protein Per Serving (35g),175.0,122.0,30.3,,True,https://asitisnutrition.com/products/as-it-is-nutrition-buy-soy-protein-isolate-powder-in-india
2026-08-19 23:19 IST,AS-IT-IS Nutrition,AS-IT-IS Nutrition,ATOM Beginners Whey Protein | Supports Muscle-building | Supports Body Strength (Choco Hazel Fusion / 37g),203.0,131.0,35.5,,True,https://asitisnutrition.com/products/atom-beginners-whey-protein
2026-08-19 23:19 IST,AS-IT-IS Nutrition,AS-IT-IS Nutrition,ATOM Performance Whey  | With Safed Musli (Double Rich Chocolate / 45g),220.0,140.0,36.4,,True,https://asitisnutrition.com/products/as-it-is-atom-performance-whey-1kg-with-safed-musli-for-faster-recovery-highly-bioavailable
2026-08-19 23:19 IST,AS-IT-IS Nutrition,AS-IT-IS Nutrition,ATOM Performance Whey  | With Safed Musli (Pista Fusion / 45g),2485.0,140.0,94.4,,False,https://asitisnutrition.com/products/as-it-is-atom-performance-whey-1kg-with-safed-musli-for-faster-recovery-highly-bioavailable
2026-08-19 23:19 IST,AS-IT-IS Nutrition,AS-IT-IS Nutrition,ATOM Performance Whey  | With Safed Musli (Cafe Latte / 45g),2485.0,140.0,94.4,,False,https://asitisnutrition.com/products/as-it-is-atom-performance-whey-1kg-with-safed-musli-for-faster-recovery-highly-bioavailable
2026-08-19 23:19 IST,AS-IT-IS Nutrition,AS-IT-IS Nutrition,ATOM Performance Whey  | With Safed Musli (Cookie delight / 45g),2485.0,140.0,94.4,,False,https://asitisnutrition.com/products/as-it-is-atom-performance-whey-1kg-with-safed-musli-for-faster-recovery-highly-bioavailable
2026-08-19 23:19 IST,AS-IT-IS Nutrition,AS-IT-IS Nutrition,ATOM Performance Whey  | With Safed Musli (Choco hazel fusion / 45g),2485.0,140.0,94.4,,False,https://asitisnutrition.com/products/as-it-is-atom-performance-whey-1kg-with-safed-musli-for-faster-recovery-highly-bioavailable
2026-08-19 23:19 IST,AS-IT-IS Nutrition,AS-IT-IS Nutrition,ATOM Whey Protein (Double Rich Chocolate / (36g Travel Sachet)),262.0,167.0,36.3,463.89,True,https://asitisnutrition.com/products/atom-whey-protein
2026-08-19 23:19 IST,AS-IT-IS Nutrition,AS-IT-IS Nutrition,"AS-IT-IS ONE Whey Protein Concentrate I Single Ingredient | 28g Protein, Unflavoured 35g (35g Sachet (Pack of 1))",305.0,178.0,41.6,593.33,True,https://asitisnutrition.com/products/whey-protein-30g-sachet
2026-08-19 23:19 IST,AS-IT-IS Nutrition,AS-IT-IS Nutrition,ATOM NITRO WHEY WITH CREASURE® (Double Rich Chocolate / 45g),289.0,185.0,36.0,,True,https://asitisnutrition.com/products/atom-nitro-whey-with-creatine-i-33g-protein-3g-creatine-7-4g-bcaa
2026-08-19 23:19 IST,AS-IT-IS Nutrition,AS-IT-IS Nutrition,ATOM NITRO WHEY WITH CREASURE® (Kesar Kulfi / 45g),3407.0,185.0,94.6,,False,https://asitisnutrition.com/products/atom-nitro-whey-with-creatine-i-33g-protein-3g-creatine-7-4g-bcaa
2026-08-19 23:19 IST,AS-IT-IS Nutrition,AS-IT-IS Nutrition,ATOM NITRO WHEY WITH CREASURE® (Classic Vanilla / 45g),3407.0,185.0,94.6,,False,https://asitisnutrition.com/products/atom-nitro-whey-with-creatine-i-33g-protein-3g-creatine-7-4g-bcaa
2026-08-19 23:19 IST,AS-IT-IS Nutrition,AS-IT-IS Nutrition,"AS-IT-IS ONE Whey Protein Concentrate I Single Ingredient | 28g Protein, Unflavoured 35g (35g Sachet (Pack of 1) + Shaker)",438.0,303.0,30.8,1010.0,False,https://asitisnutrition.com/products/whey-protein-30g-sachet
2026-08-19 23:19 IST,MyFitness,MYFITNESS,MyFitness Peanut Butter - Chocolate | 26% Protein | Crispy | Chocolate Peanut Butter Spread (227g),159.0,149.0,6.3,65.64,True,https://myfitness.co.in/products/chocolate-crispy
2026-08-19 23:19 IST,MyFitness,MYFITNESS,"Pro.Fitness High Protein Chocolate Oats | Dark Chocolate | Healthy Oats With Nuts, Seeds & Added Whey (375g)",339.0,219.0,35.4,58.4,True,https://myfitness.co.in/products/high-protein-oats-900g-27g-protein
2026-08-19 23:19 IST,MyFitness,MYFITNESS,Pro.Fitness Rolled Oats | 13% Protein | Healthy Oats With High Fiber and Zero Cholesterol (900g),320.0,269.0,15.9,,True,https://myfitness.co.in/products/pro-fitness-rolled-oats-900g
2026-08-19 23:19 IST,MyFitness,myfitness-official-store,MyFitness Peanut Butter - Classic Zero | 28% Protein | Extra Crunchy | Zero Sugar Peanut Spread (510 g),349.0,275.0,21.2,53.92,True,https://myfitness.co.in/products/myfitness-zero-peanut-butter-crunchy-510g
2026-08-19 23:19 IST,MyFitness,myfitness-official-store,MyFitness Peanut Butter - Chocolate | 26% Protein | Crunchy | Chocolate Peanut Butter Spread (510 g),319.0,275.0,13.8,45.08,True,https://myfitness.co.in/products/myfitness-chocolate-peanut-butter-crunchy
2026-08-19 23:19 IST,MyFitness,myfitness-official-store,MyFitness Peanut Butter - Natural Unsweetened | 31% Protein | Crunchy | Zero Sugar Peanut Butter Spread (510 g),319.0,275.0,13.8,45.08,True,https://myfitness.co.in/products/myfitness-all-natural-peanut-butter-crunchy
2026-08-19 23:19 IST,MyFitness,myfitness-official-store,MyFitness Peanut Butter - Natural Unsweetened | 25% Protein | Smooth | Zero Sugar Peanut Butter Spread (510 g),319.0,275.0,13.8,45.08,True,https://myfitness.co.in/products/myfitness-all-natural-peanut-butter-smooth
2026-08-19 23:19 IST,MyFitness,myfitness-official-store,MyFitness Peanut Butter - Chocolate | 26% Protein | Crispy | Chocolate Peanut Butter Spread (510 g),319.0,275.0,13.8,45.08,True,https://myfitness.co.in/products/myfitness-chocolate-peanut-butter-crispy
2026-08-19 23:19 IST,MyFitness,myfitness-official-store,MyFitness Peanut Butter - Chocolate | 28% Protein | Smooth | Chocolate Peanut Butter Spread (510 g),319.0,275.0,13.8,45.08,True,https://myfitness.co.in/products/myfitness-chocolate-peanut-butter-smooth
2026-08-19 23:19 IST,MyFitness,myfitness-official-store,MyFitness Peanut Butter - Original | 28% Protein | Crunchy | Classic Peanut Butter Spread (510 g),319.0,275.0,13.8,45.08,True,https://myfitness.co.in/products/myfitness-original-peanut-butter-crunchy
2026-08-19 23:19 IST,MyFitness,myfitness-official-store,MyFitness Peanut Butter - Original | 28% Protein | Smooth | Classic Peanut Butter Spread (510 g),319.0,275.0,13.8,45.08,False,https://myfitness.co.in/products/myfitness-original-peanut-butter-smooth
2026-08-19 23:19 IST,MyFitness,MYFITNESS,MyFitness Peanut Butter - Chocolate | 25% Protein | Almond Crunch | Chocolate Peanut Butter Spread (510 g),379.0,279.0,26.4,54.71,True,https://myfitness.co.in/products/myfitness-chocolate-peanut-butter-with-almond-crunch
2026-08-19 23:19 IST,MyFitness,MYFITNESS,MyFitness Peanut Butter - Dark Chocolate | 30% Protein | Smooth | Rich Chocolate Peanut Butter Spread (510 g),399.0,299.0,25.1,49.02,False,https://myfitness.co.in/products/myfitness-olympia-edition-dark-chocolate-peanut-butter-with-added-whey-smooth
2026-08-19 23:19 IST,MyFitness,MYFITNESS,MyFitness Peanut Butter - Dark Chocolate | 29% Protein | Crispy | Rich Chocolate Peanut Butter Spread (510 g),399.0,319.0,20.1,52.3,True,https://myfitness.co.in/products/myfitness-peanut-butter-dark-chocolate-29-protein-crispy-rich-chocolate-peanut-butter-spread
2026-08-19 23:19 IST,MyFitness,myfitness-official-store,MyFitness Peanut Butter - Chocolate | 26% Protein | Crunchy | Chocolate Peanut Butter Spread (900g),499.0,399.0,20.0,39.9,True,https://myfitness.co.in/products/myfitness-chocolate-peanut-butter-crunchy
2026-08-19 23:19 IST,Naturaltein,naturaltein,The Protein Dessert E-Cook Book by Naturaltein,599.0,399.0,33.4,,True,https://naturaltein.in/products/the-protein-dessert-e-cook-book-by-naturaltein
2026-08-19 23:19 IST,Naturaltein,naturaltein,Natural Plant Protein (Chocolate / 1 Box (500 g)),3000.0,1112.0,62.9,222.4,True,https://naturaltein.in/products/plant-protein
2026-08-19 23:19 IST,Naturaltein,naturaltein,Natural Plant Protein (Mango / 1 Box (500 g)),3000.0,1112.0,62.9,222.4,True,https://naturaltein.in/products/plant-protein
2026-08-19 23:19 IST,Naturaltein,naturaltein,Natural Plant Protein (Berry / 1 Box (500 g)),3000.0,1112.0,62.9,222.4,True,https://naturaltein.in/products/plant-protein
2026-08-19 23:19 IST,Naturaltein,naturaltein,Natural Plant Protein (Pista / 1 Box (500 g)),3000.0,1112.0,62.9,222.4,True,https://naturaltein.in/products/plant-protein
2026-08-19 23:19 IST,Naturaltein,naturaltein,Natural Plant Protein (Coffee / 1 Box (500 g)),3000.0,1112.0,62.9,222.4,True,https://naturaltein.in/products/plant-protein
2026-08-19 23:19 IST,Naturaltein,naturaltein,Natural Whey Protein Concentrate (Italian Ice Cream / 1 Box (300 g)),1424.0,1299.0,8.8,433.0,False,https://naturaltein.in/products/whey-protein-concentrate
2026-08-19 23:19 IST,Naturaltein,naturaltein,Natural Whey Protein Concentrate (Chocolate Biscoff / 1 Box (300 g)),1424.0,1399.0,1.8,466.33,False,https://naturaltein.in/products/whey-protein-concentrate
2026-08-19 23:19 IST,Naturaltein,naturaltein,Natural Whey Protein Concentrate (Chocolate Caramel / 1 Box (300 g)),1424.0,1399.0,1.8,466.33,False,https://naturaltein.in/products/whey-protein-concentrate
2026-08-19 23:19 IST,Naturaltein,naturaltein,Natural Whey Protein Concentrate (Chocolate / 1 Box (300 g)),2500.0,1524.0,39.0,508.0,True,https://naturaltein.in/products/whey-protein-concentrate
2026-08-19 23:19 IST,Naturaltein,naturaltein,Natural Whey Protein Concentrate (Unflavoured / 1 Box (300 g)),2500.0,1524.0,39.0,508.0,True,https://naturaltein.in/products/whey-protein-concentrate
2026-08-19 23:19 IST,Naturaltein,naturaltein,Natural Whey Protein Concentrate (Caffe Mocha / 1 Box (300 g)),2500.0,1524.0,39.0,508.0,True,https://naturaltein.in/products/whey-protein-concentrate
2026-08-19 23:19 IST,Naturaltein,naturaltein,Natural Plant Protein (Chocolate / 2 Boxes (1 kg)),6000.0,1600.0,73.3,160.0,True,https://naturaltein.in/products/plant-protein
2026-08-19 23:19 IST,Naturaltein,naturaltein,Natural Plant Protein (Mango / 2 Boxes (1 kg)),6000.0,1600.0,73.3,160.0,True,https://naturaltein.in/products/plant-protein
2026-08-19 23:19 IST,Naturaltein,naturaltein,Natural Plant Protein (Berry / 2 Boxes (1 kg)),6000.0,1600.0,73.3,160.0,True,https://naturaltein.in/products/plant-protein
2026-08-19 23:19 IST,GNC India,GNC India,GNC Superfood Plant Isolate 35 gram (35gm / Chocolate),149.0,1.0,99.3,,True,https://gnc.in/products/gnc-superfood-plant-isolate-35-gram
2026-08-19 23:19 IST,GNC India,GNC India,GNC Superfood Plant Isolate 35 gram (35gm / Coffee),149.0,1.0,99.3,,True,https://gnc.in/products/gnc-superfood-plant-isolate-35-gram
2026-08-19 23:19 IST,GNC India,GNC India,GNC Superfood Plant Isolate 35 gram (35gm / Mango),149.0,1.0,99.3,,True,https://gnc.in/products/gnc-superfood-plant-isolate-35-gram
2026-08-19 23:19 IST,GNC India,GNC India,GNC Superfood Plant Isolate 35 gram (35gm / Vanilla),149.0,1.0,99.3,,False,https://gnc.in/products/gnc-superfood-plant-isolate-35-gram
2026-08-19 23:19 IST,GNC India,GNC India,PP Protein Wafer Bar Mini 20gm (Chocolate / 20 gm),60.0,40.0,33.3,200.0,True,https://gnc.in/products/pp-protein-wafer-bar-mini-20gm
2026-08-19 23:19 IST,GNC India,GNC India,PP Protein Wafer Bar Mini 20gm (Coffee / 20 gm),60.0,40.0,33.3,200.0,True,https://gnc.in/products/pp-protein-wafer-bar-mini-20gm
2026-08-19 23:19 IST,GNC India,GNC India,PP Protein Wafer Bar Mini 20gm (Peanut Butter / 20 gm),60.0,40.0,33.3,200.0,True,https://gnc.in/products/pp-protein-wafer-bar-mini-20gm
2026-08-19 23:19 IST,GNC India,GNC,GNC Protein Wafer Bar (Chocolate) (Pack of 1 / Chocolate),59.0,55.0,6.8,,True,https://gnc.in/products/gnc-protein-wafer-bar-chocolate
2026-08-19 23:19 IST,GNC India,GNC,GNC Protein Wafer Bar (Peanut butter) (Pack of 1 / Peanut Butter),59.0,55.0,6.8,,True,https://gnc.in/products/gnc-protein-wafer-bar-peanut-butter
2026-08-19 23:19 IST,GNC India,GNC,GNC Protein Wafer Bar (Coffee) (Pack of 1 / Coffee),59.0,55.0,6.8,,True,https://gnc.in/products/gnc-protein-wafer-bar-coffee
2026-08-19 23:19 IST,GNC India,GNC,GNC Protein Wafer Bar (40g / Chocolate),60.0,55.0,8.3,137.5,True,https://gnc.in/products/gnc-protein-wafer-bar-upsell
2026-08-19 23:19 IST,GNC India,GNC India,GNC Select Fermented Yeast Protein Isolate (35gm) (35 gm / Chocolate),149.0,65.0,56.4,185.71,True,https://gnc.in/products/gnc-select-fermented-yeast-protein-isolate-35gm
2026-08-19 23:19 IST,GNC India,GNC India,GNC Select Fermented Yeast Protein Isolate (35gm) (35 gm / Coffee),149.0,65.0,56.4,185.71,True,https://gnc.in/products/gnc-select-fermented-yeast-protein-isolate-35gm
2026-08-19 23:19 IST,GNC India,GNC India,GNC Select Fermented Yeast Protein Isolate (35gm) (35 gm / Vanilla),149.0,65.0,56.4,185.71,True,https://gnc.in/products/gnc-select-fermented-yeast-protein-isolate-35gm
2026-08-19 23:19 IST,GNC India,GNC India,GNC Select Fermented Yeast Protein Isolate (35 gm / Chocolate),149.0,69.0,53.7,197.14,True,https://gnc.in/products/gnc-select-fermented-yeast-protein
2026-08-20 09:30 IST,Nutrabay,Nutrabay,Nutrabay Gold Pea Protein,69,69,0.0,172.5,True,https://nutrabay.com/product/nutrabay-gold-hydrolyzed-pea-protein/?pId=3302532
2026-08-20 09:30 IST,Nutrabay,Nutrabay,Nutrabay Gold Pea Protein,69,69,0.0,172.5,True,https://nutrabay.com/product/nutrabay-gold-hydrolyzed-pea-protein/?pId=3302532
2026-08-20 09:30 IST,Nutrabay,Nutrabay,Nutrabay Gold Pea Protein,69,69,0.0,172.5,True,https://nutrabay.com/product/nutrabay-gold-hydrolyzed-pea-protein/?pId=3302532
2026-08-20 09:30 IST,Nutrabay,Velbiom,Velbiom Happy Cultures Tastiest Plant Protein,600,499,16.8,346.53,True,https://nutrabay.com/product/velbiom-happy-cultures-tastiest-plant-protein/?pId=7407265
2026-08-20 09:30 IST,Nutrabay,TruNativ,TruNativ Plant Based Everyday Protein - Protein You Can Cook With!,699,599,14.3,363.03,True,https://nutrabay.com/product/trunativ-plant-based-everyday-protein-protein-you-can-cook-with/?pId=9485223
2026-08-20 09:30 IST,Nutrabay,Nutrabay,Nutrabay Pure Pea Protein Isolate,669,649,3.0,129.8,True,https://nutrabay.com/product/nutrabay-pure-100-pea-protein-isolate/?pId=4537768
2026-08-20 09:30 IST,Nutrabay,Nutrabay,Nutrabay Wellness Vegan Plant Protein Powder + Superfoods,1199,799,33.4,159.8,True,https://nutrabay.com/product/nutrabay-wellness-vegan-plant-protein-powder-superfoods/?pId=4698878
2026-08-20 09:30 IST,Nutrabay,Nutrabay,Nutrabay Gold Pea Protein,1049,849,19.1,169.8,True,https://nutrabay.com/product/nutrabay-gold-hydrolyzed-pea-protein/?pId=3302532
2026-08-20 09:30 IST,Nutrabay,Nutrabay,Nutrabay BioAbsorb™ Whey Protein Powder | Clinically Tested 54% Better Protein Absorption | 26g Protein/Scoop | India's 1st Protein with ProDiFi™ for No Bloating | No Added Sugar,859,859,0.0,474.59,True,https://nutrabay.com/product/nutrabay-bioabsorb-whey-protein/?pId=8042444
2026-08-20 09:30 IST,Nutrabay,Nakpro Nutrition,Nakpro Nutrition Platinum Soy Protein Isolate,2050,899,56.1,89.9,True,https://nutrabay.com/product/nakpro-vegan-soy-protein-isolate-90-raw-pure-natural-vegetarian-plant-protein-supplement-powder/?pId=3990475
2026-08-20 09:30 IST,Nutrabay,Nakpro Nutrition,Nakpro Nutrition Platinum Soy Protein Isolate,2050,899,56.1,89.9,True,https://nutrabay.com/product/nakpro-vegan-soy-protein-isolate-90-raw-pure-natural-vegetarian-plant-protein-supplement-powder/?pId=3990475
2026-08-20 09:30 IST,Nutrabay,Nakpro Nutrition,Nakpro Nutrition Platinum Soy Protein Isolate,2300,899,60.9,89.9,True,https://nutrabay.com/product/nakpro-vegan-soy-protein-isolate-90-raw-pure-natural-vegetarian-plant-protein-supplement-powder/?pId=3990475
2026-08-20 09:30 IST,Nutrabay,Optimum Nutrition,Optimum Nutrition (ON) Gold Standard Whey Protein Powder,940,940,0.0,,True,https://nutrabay.com/product/optimum-nutrition-on-100-whey-gold-standard-2/?pId=4471481
2026-08-20 09:30 IST,Nutrabay,Velbiom,Velbiom Happy Cultures Tastiest Plant Protein,1699,949,44.1,187.92,True,https://nutrabay.com/product/velbiom-happy-cultures-tastiest-plant-protein/?pId=7407265
2026-08-20 09:30 IST,Nutrabay,Velbiom,Velbiom Happy Cultures Tastiest Plant Protein,1699,949,44.1,187.92,True,https://nutrabay.com/product/velbiom-happy-cultures-tastiest-plant-protein/?pId=7407265
2026-08-20 09:30 IST,Fast&Up,Fastandup,Plant Protein - Rich Chocolate - Single Serving Sachet,90.0,90.0,0.0,,True,https://in.fastandup.com/products/plant-protein-rich-chocolate-single-serving-sachet
2026-08-20 09:30 IST,Fast&Up,Fastandup,100% Pure & Natural Moringa Powder,250.0,238.0,4.8,,True,https://in.fastandup.com/products/100-pure-natural-moringa-powder
2026-08-20 09:30 IST,Fast&Up,Fastandup,Plant Protein - Assorted Pack,270.0,243.0,10.0,,True,https://in.fastandup.com/products/fast-up-plant-protein-assorted-pack
2026-08-20 09:30 IST,Fast&Up,Fastandup,Plant Protein - Rich Chocolate - Single Serving Sachet Combo Pack (Rich Chocolate / Pack of 5),450.0,396.0,12.0,,True,https://in.fastandup.com/products/plant-protein-rich-chocolate-single-serving-sachet-combo-pack
2026-08-20 09:30 IST,Fast&Up,Fastandup,Plant Protein - Rich Chocolate - Single Serving Sachet Combo Pack (Rich Chocolate / Pack of 10),900.0,765.0,15.0,,True,https://in.fastandup.com/products/plant-protein-rich-chocolate-single-serving-sachet-combo-pack
2026-08-20 09:30 IST,Fast&Up,Fastandup,Plant Protein - Rich Chocolate - Single Serving Sachet Combo Pack (Rich Chocolate / Pack of 15),1350.0,1107.0,18.0,,True,https://in.fastandup.com/products/plant-protein-rich-chocolate-single-serving-sachet-combo-pack
2026-08-20 09:30 IST,Fast&Up,Fastandup,Plant Protein - Cookies & Cream - 500g,1599.0,1119.0,30.0,223.8,True,https://in.fastandup.com/products/plant-protein-cookies-cream-500g
2026-08-20 09:30 IST,Fast&Up,Fastandup,Plant Protein - Rich Chocolate – 500gms,1599.0,1119.0,30.0,223.8,False,https://in.fastandup.com/products/plant-protein-powder-500gms
2026-08-20 09:30 IST,Fast&Up,Fastandup,Plant Protein - Alphonso Mango - 1Kg,3115.0,1949.0,37.4,194.9,True,https://in.fastandup.com/products/plant-protein-alphonso-mango-25-servings
2026-08-20 09:30 IST,Fast&Up,Fastandup,Plant Protein - Kesar Kulfi - 1kg,3115.0,1949.0,37.4,194.9,False,https://in.fastandup.com/products/plant-protein-powder-special-festive-pack
2026-08-20 09:30 IST,Fast&Up,Fastandup,Plant Protein - Cookies & Cream - 1Kg,3115.0,1949.0,37.4,194.9,True,https://in.fastandup.com/products/plant-protein-cookies-cream-1-kg
2026-08-20 09:30 IST,Fast&Up,Fastandup,Plant Protein - Strawberry Blast - 25 Servings,3115.0,1949.0,37.4,,False,https://in.fastandup.com/products/plant-protein-strawberry-25-servings
2026-08-20 09:30 IST,Fast&Up,Fastandup,Plant Protein - Rich Chocolate - 1kg,3115.0,1949.0,37.4,194.9,True,https://in.fastandup.com/products/plant-protein-rich-chocolate-1kg
2026-08-20 09:30 IST,Fast&Up,Fastandup,Plant Protein - Cookies & Cream - 500g Pack of 2,3198.0,1999.0,37.5,399.8,True,https://in.fastandup.com/products/plant-protein-cookies-cream-500g-pack-of-2
2026-08-20 09:30 IST,Fast&Up,Fastandup,Daily Fiber + Plant Protein Rich Chocolate Combo,3715.0,2299.0,38.1,,True,https://in.fastandup.com/products/daily-fiber-plant-protein-rich-chocolate-combo
2026-08-20 09:30 IST,OZiva,OZiva,Pro-Collagen Protein Peptides Caramel | 250g,799.0,433.0,45.8,173.2,True,https://oziva.in/products/pro-collagen-protein-peptides-caramel-250g
2026-08-20 09:30 IST,OZiva,OZiva,"Vegan Collagen, Clinically Proven (Watermelon / Starter Pack-125g)",499.0,459.0,8.0,367.2,True,https://oziva.in/products/plant-based-collagen
2026-08-20 09:30 IST,OZiva,OZiva,Plant Protein + Pro-Digest (Assorted),699.0,699.0,0.0,,True,https://oziva.in/products/plant-protein-pro-digest
2026-08-20 09:30 IST,OZiva,OZiva,Plant Protein + Pro-Digest (Chocolate),699.0,699.0,0.0,,False,https://oziva.in/products/plant-protein-pro-digest
2026-08-20 09:30 IST,OZiva,OZiva,Plant Protein + Pro-Digest (Mango),699.0,699.0,0.0,,False,https://oziva.in/products/plant-protein-pro-digest
2026-08-20 09:30 IST,OZiva,OZiva,Plant Protein + Pro-Digest (Strawberry),699.0,699.0,0.0,,False,https://oziva.in/products/plant-protein-pro-digest
2026-08-20 09:30 IST,OZiva,OZiva,Plant Protein + Pro-Digest (Vanilla),699.0,699.0,0.0,,False,https://oziva.in/products/plant-protein-pro-digest
2026-08-20 09:30 IST,OZiva,OZiva,Bioactive Plant Protein (Assorted / Starter Pack),699.0,699.0,0.0,,True,https://oziva.in/products/oziva-bioactive-plant-protein-with-25g-vegan-protein-5-5-bcaas-100-rda-vitamins-minerals-ayurvedic-herbs-for-better-endurance-stamina-muscle-recovery-1-kg
2026-08-20 09:30 IST,OZiva,OZiva,Daily Protein Activ for Women (Rich Chocolate / Starter Pack),799.0,749.0,6.3,,True,https://oziva.in/products/daily-protein-activ-for-women-with-clean-whey-protein-multivitamins-tulsi-probiotics-for-improved-everyday-energy-stamina-bone-health-immune-health
2026-08-20 09:30 IST,OZiva,OZiva,Daily Protein Activ for Women (Classic Vanilla / Starter Pack),799.0,749.0,6.3,,False,https://oziva.in/products/daily-protein-activ-for-women-with-clean-whey-protein-multivitamins-tulsi-probiotics-for-improved-everyday-energy-stamina-bone-health-immune-health
2026-08-20 09:30 IST,OZiva,OZiva,"Pro-Collagen Protein Peptides, 250 g (Starter Pack)",849.0,799.0,5.9,319.6,True,https://oziva.in/products/oziva-pro-collagen-protein-peptides-with-clean-protein-green-coffee-hyaluronic-acid-biotin-for-skin-hair-health-muscle-joint-health-protein-breakdown-caramel-250-g
2026-08-20 09:30 IST,OZiva,OZiva,"Vegan Collagen, Clinically Proven (Guava Glow / Starter Pack)",959.0,929.0,3.1,,True,https://oziva.in/products/plant-based-collagen
2026-08-20 09:30 IST,OZiva,OZiva,"Vegan Collagen, Clinically Proven (Classic / Starter Pack)",959.0,929.0,3.1,,True,https://oziva.in/products/plant-based-collagen
2026-08-20 09:30 IST,OZiva,OZiva,"Vegan Collagen, Clinically Proven (Berry Orange / Starter Pack)",959.0,929.0,3.1,,True,https://oziva.in/products/plant-based-collagen
2026-08-20 09:30 IST,OZiva,OZiva,"Vegan Collagen, Clinically Proven (Watermelon / Starter Pack)",959.0,929.0,3.1,,True,https://oziva.in/products/plant-based-collagen
2026-08-20 09:30 IST,Wellbeing Nutrition,Wellbeing Nutrition,Kids Protein Vanilla Free Sachet,79.0,79.0,0.0,,True,https://wellbeingnutrition.com/products/kids-protein-vanilla-free-sachet
2026-08-20 09:30 IST,Wellbeing Nutrition,Wellbeing Nutrition,Kids Protein Chocolate Sachet,79.0,79.0,0.0,,True,https://wellbeingnutrition.com/products/kids-protein-chocolate-sachet
2026-08-20 09:30 IST,Wellbeing Nutrition,Wellbeing Nutrition,Kids Protein Vanilla Sachet,79.0,79.0,0.0,,True,https://wellbeingnutrition.com/products/kids-protein-vanilla-sachet
2026-08-20 09:30 IST,Wellbeing Nutrition,Wellbeing Nutrition,Vegan Protein Dark Chocolate Hazelnut Sachet,150.0,150.0,0.0,,True,https://wellbeingnutrition.com/products/vegan-protein-dark-chocolate-hazelnut-sachet
2026-08-20 09:30 IST,Wellbeing Nutrition,Wellbeing Nutrition,Whey Protein Isolate Dark Chocolate Sachet (Pack of 1),160.0,160.0,0.0,,False,https://wellbeingnutrition.com/products/whey-protein-isolate-dark-chocolate-sachet
2026-08-20 09:30 IST,Wellbeing Nutrition,Wellbeing Nutrition,Whey Protein Isolate + Concentrate Mango Sachets (Pack of 1),1399.0,1399.0,0.0,,False,https://wellbeingnutrition.com/products/whey-protein-isolate-concentrate-mango-sachets
2026-08-20 09:30 IST,Wellbeing Nutrition,Wellbeing Nutrition,Plant Protein 22g | 500g | 3B CFU Probiotics | Dark Chocolate Hazelnut (Pack of 1),1799.0,1439.0,20.0,287.8,True,https://wellbeingnutrition.com/products/vegan-protein-dark-chocolate-hazelnut
2026-08-20 09:30 IST,Wellbeing Nutrition,Wellbeing Nutrition,Plant Protein 22g | 500g | 3B CFU Probiotics | Italian Cafe Mocha (Pack of 1),1799.0,1439.0,20.0,287.8,False,https://wellbeingnutrition.com/products/vegan-protein-italian-cafe-mocha
2026-08-20 09:30 IST,Wellbeing Nutrition,Wellbeing Nutrition,Plant Protein 22g | 500g | 3B CFU Probiotics | Belgian Dark Chocolate (Pack of 1),1799.0,1439.0,20.0,287.8,True,https://wellbeingnutrition.com/products/vegan-protein-belgian-chocolate
2026-08-20 09:30 IST,Wellbeing Nutrition,Wellbeing Nutrition,Plant Protein 22g | 500g | 3B CFU Probiotics | French Vanilla Caramel (Pack of 1),1799.0,1439.0,20.0,287.8,True,https://wellbeingnutrition.com/products/vegan-protein-french-vanilla-caramel
2026-08-20 09:30 IST,Wellbeing Nutrition,Wellbeing Nutrition,Plant Protein 22g | 500g | 3B CFU Probiotics | Canadian Mixed Berry (Pack of 1),1799.0,1439.0,20.0,287.8,True,https://wellbeingnutrition.com/products/vegan-protein-canadian-mixed-berry
2026-08-20 09:30 IST,Wellbeing Nutrition,Wellbeing Nutrition,Her Superfood Plant Protein | Chocolate Peanut Butter (Pack of 1),1799.0,1439.0,20.0,,True,https://wellbeingnutrition.com/products/superfood-plant-protein-powder-for-women
2026-08-20 09:30 IST,Wellbeing Nutrition,Wellbeing Nutrition,Superfood Plant Protein | British Banoffee Pie (Pack of 1),1799.0,1439.0,20.0,,True,https://wellbeingnutrition.com/products/superfood-plant-protein-powder-in-banoffee-pie
2026-08-20 09:30 IST,Wellbeing Nutrition,Wellbeing Nutrition,Plant Protein 22g | 907g | 3B CFU Probiotics | French Vanilla Caramel (Pack of 1),3399.0,2719.0,20.0,299.78,True,https://wellbeingnutrition.com/products/vegan-protein-french-vanilla-caramel-copy
2026-08-20 09:30 IST,Wellbeing Nutrition,Wellbeing Nutrition,Plant Protein 22g | 907g | 3B CFU Probiotics | Belgian Dark Chocolate (Pack of 1),3399.0,2719.0,20.0,299.78,True,https://wellbeingnutrition.com/products/vegan-protein-belgian-dark-chocolate-probiotics
2026-08-20 09:30 IST,AS-IT-IS Nutrition,AS-IT-IS Nutrition,AS-IT-IS Brown Rice Protein | 27g Protein Per Serving (35g),175.0,122.0,30.3,,True,https://asitisnutrition.com/products/as-it-is-nutrition-brown-rice-protein-80-designed-as-meal-supplement-lab-tested-unflavoured
2026-08-20 09:30 IST,AS-IT-IS Nutrition,AS-IT-IS Nutrition,AS-IT-IS ONE Pea Protein Isolate| 29g Protein Per Serving| Plant Based Protein Powder (36g-Sachet),175.0,122.0,30.3,,False,https://asitisnutrition.com/products/as-it-is-nutrition-pea-protein-isolate-powder
2026-08-20 09:30 IST,AS-IT-IS Nutrition,AS-IT-IS Nutrition,AS-IT-IS Soy Protein Isolate | 30g Protein Per Serving (35g),175.0,122.0,30.3,,True,https://asitisnutrition.com/products/as-it-is-nutrition-buy-soy-protein-isolate-powder-in-india
2026-08-20 09:30 IST,AS-IT-IS Nutrition,AS-IT-IS Nutrition,ATOM Beginners Whey Protein | Supports Muscle-building | Supports Body Strength (Choco Hazel Fusion / 37g),203.0,131.0,35.5,,True,https://asitisnutrition.com/products/atom-beginners-whey-protein
2026-08-20 09:30 IST,AS-IT-IS Nutrition,AS-IT-IS Nutrition,ATOM Performance Whey  | With Safed Musli (Double Rich Chocolate / 45g),220.0,140.0,36.4,,True,https://asitisnutrition.com/products/as-it-is-atom-performance-whey-1kg-with-safed-musli-for-faster-recovery-highly-bioavailable
2026-08-20 09:30 IST,AS-IT-IS Nutrition,AS-IT-IS Nutrition,ATOM Performance Whey  | With Safed Musli (Pista Fusion / 45g),2485.0,140.0,94.4,,False,https://asitisnutrition.com/products/as-it-is-atom-performance-whey-1kg-with-safed-musli-for-faster-recovery-highly-bioavailable
2026-08-20 09:30 IST,AS-IT-IS Nutrition,AS-IT-IS Nutrition,ATOM Performance Whey  | With Safed Musli (Cafe Latte / 45g),2485.0,140.0,94.4,,False,https://asitisnutrition.com/products/as-it-is-atom-performance-whey-1kg-with-safed-musli-for-faster-recovery-highly-bioavailable
2026-08-20 09:30 IST,AS-IT-IS Nutrition,AS-IT-IS Nutrition,ATOM Performance Whey  | With Safed Musli (Cookie delight / 45g),2485.0,140.0,94.4,,False,https://asitisnutrition.com/products/as-it-is-atom-performance-whey-1kg-with-safed-musli-for-faster-recovery-highly-bioavailable
2026-08-20 09:30 IST,AS-IT-IS Nutrition,AS-IT-IS Nutrition,ATOM Performance Whey  | With Safed Musli (Choco hazel fusion / 45g),2485.0,140.0,94.4,,False,https://asitisnutrition.com/products/as-it-is-atom-performance-whey-1kg-with-safed-musli-for-faster-recovery-highly-bioavailable
2026-08-20 09:30 IST,AS-IT-IS Nutrition,AS-IT-IS Nutrition,ATOM Whey Protein (Double Rich Chocolate / (36g Travel Sachet)),262.0,167.0,36.3,463.89,True,https://asitisnutrition.com/products/atom-whey-protein
2026-08-20 09:30 IST,AS-IT-IS Nutrition,AS-IT-IS Nutrition,"AS-IT-IS ONE Whey Protein Concentrate I Single Ingredient | 28g Protein, Unflavoured 35g (35g Sachet (Pack of 1))",305.0,178.0,41.6,593.33,True,https://asitisnutrition.com/products/whey-protein-30g-sachet
2026-08-20 09:30 IST,AS-IT-IS Nutrition,AS-IT-IS Nutrition,ATOM NITRO WHEY WITH CREASURE® (Double Rich Chocolate / 45g),289.0,185.0,36.0,,True,https://asitisnutrition.com/products/atom-nitro-whey-with-creatine-i-33g-protein-3g-creatine-7-4g-bcaa
2026-08-20 09:30 IST,AS-IT-IS Nutrition,AS-IT-IS Nutrition,ATOM NITRO WHEY WITH CREASURE® (Kesar Kulfi / 45g),3407.0,185.0,94.6,,False,https://asitisnutrition.com/products/atom-nitro-whey-with-creatine-i-33g-protein-3g-creatine-7-4g-bcaa
2026-08-20 09:30 IST,AS-IT-IS Nutrition,AS-IT-IS Nutrition,ATOM NITRO WHEY WITH CREASURE® (Classic Vanilla / 45g),3407.0,185.0,94.6,,False,https://asitisnutrition.com/products/atom-nitro-whey-with-creatine-i-33g-protein-3g-creatine-7-4g-bcaa
2026-08-20 09:30 IST,AS-IT-IS Nutrition,AS-IT-IS Nutrition,"AS-IT-IS ONE Whey Protein Concentrate I Single Ingredient | 28g Protein, Unflavoured 35g (35g Sachet (Pack of 1) + Shaker)",438.0,303.0,30.8,1010.0,False,https://asitisnutrition.com/products/whey-protein-30g-sachet
2026-08-20 09:30 IST,MyFitness,MYFITNESS,MyFitness Peanut Butter - Chocolate | 26% Protein | Crispy | Chocolate Peanut Butter Spread (227g),159.0,149.0,6.3,65.64,True,https://myfitness.co.in/products/chocolate-crispy
2026-08-20 09:30 IST,MyFitness,MYFITNESS,"Pro.Fitness High Protein Chocolate Oats | Dark Chocolate | Healthy Oats With Nuts, Seeds & Added Whey (375g)",339.0,219.0,35.4,58.4,True,https://myfitness.co.in/products/high-protein-oats-900g-27g-protein
2026-08-20 09:30 IST,MyFitness,MYFITNESS,Pro.Fitness Rolled Oats | 13% Protein | Healthy Oats With High Fiber and Zero Cholesterol (900g),320.0,269.0,15.9,,True,https://myfitness.co.in/products/pro-fitness-rolled-oats-900g
2026-08-20 09:30 IST,MyFitness,myfitness-official-store,MyFitness Peanut Butter - Classic Zero | 28% Protein | Extra Crunchy | Zero Sugar Peanut Spread (510 g),349.0,275.0,21.2,53.92,True,https://myfitness.co.in/products/myfitness-zero-peanut-butter-crunchy-510g
2026-08-20 09:30 IST,MyFitness,myfitness-official-store,MyFitness Peanut Butter - Chocolate | 26% Protein | Crunchy | Chocolate Peanut Butter Spread (510 g),319.0,275.0,13.8,45.08,True,https://myfitness.co.in/products/myfitness-chocolate-peanut-butter-crunchy
2026-08-20 09:30 IST,MyFitness,myfitness-official-store,MyFitness Peanut Butter - Natural Unsweetened | 31% Protein | Crunchy | Zero Sugar Peanut Butter Spread (510 g),319.0,275.0,13.8,45.08,True,https://myfitness.co.in/products/myfitness-all-natural-peanut-butter-crunchy
2026-08-20 09:30 IST,MyFitness,myfitness-official-store,MyFitness Peanut Butter - Natural Unsweetened | 25% Protein | Smooth | Zero Sugar Peanut Butter Spread (510 g),319.0,275.0,13.8,45.08,True,https://myfitness.co.in/products/myfitness-all-natural-peanut-butter-smooth
2026-08-20 09:30 IST,MyFitness,myfitness-official-store,MyFitness Peanut Butter - Chocolate | 26% Protein | Crispy | Chocolate Peanut Butter Spread (510 g),319.0,275.0,13.8,45.08,True,https://myfitness.co.in/products/myfitness-chocolate-peanut-butter-crispy
2026-08-20 09:30 IST,MyFitness,myfitness-official-store,MyFitness Peanut Butter - Chocolate | 28% Protein | Smooth | Chocolate Peanut Butter Spread (510 g),319.0,275.0,13.8,45.08,True,https://myfitness.co.in/products/myfitness-chocolate-peanut-butter-smooth
2026-08-20 09:30 IST,MyFitness,myfitness-official-store,MyFitness Peanut Butter - Original | 28% Protein | Crunchy | Classic Peanut Butter Spread (510 g),319.0,275.0,13.8,45.08,True,https://myfitness.co.in/products/myfitness-original-peanut-butter-crunchy
2026-08-20 09:30 IST,MyFitness,myfitness-official-store,MyFitness Peanut Butter - Original | 28% Protein | Smooth | Classic Peanut Butter Spread (510 g),319.0,275.0,13.8,45.08,False,https://myfitness.co.in/products/myfitness-original-peanut-butter-smooth
2026-08-20 09:30 IST,MyFitness,MYFITNESS,MyFitness Peanut Butter - Chocolate | 25% Protein | Almond Crunch | Chocolate Peanut Butter Spread (510 g),379.0,279.0,26.4,54.71,True,https://myfitness.co.in/products/myfitness-chocolate-peanut-butter-with-almond-crunch
2026-08-20 09:30 IST,MyFitness,MYFITNESS,MyFitness Peanut Butter - Dark Chocolate | 30% Protein | Smooth | Rich Chocolate Peanut Butter Spread (510 g),399.0,299.0,25.1,49.02,False,https://myfitness.co.in/products/myfitness-olympia-edition-dark-chocolate-peanut-butter-with-added-whey-smooth
2026-08-20 09:30 IST,MyFitness,MYFITNESS,MyFitness Peanut Butter - Dark Chocolate | 29% Protein | Crispy | Rich Chocolate Peanut Butter Spread (510 g),399.0,319.0,20.1,52.3,False,https://myfitness.co.in/products/myfitness-peanut-butter-dark-chocolate-29-protein-crispy-rich-chocolate-peanut-butter-spread
2026-08-20 09:30 IST,MyFitness,myfitness-official-store,MyFitness Peanut Butter - Chocolate | 26% Protein | Crunchy | Chocolate Peanut Butter Spread (900g),499.0,399.0,20.0,39.9,True,https://myfitness.co.in/products/myfitness-chocolate-peanut-butter-crunchy
2026-08-20 09:30 IST,Naturaltein,naturaltein,The Protein Dessert E-Cook Book by Naturaltein,599.0,399.0,33.4,,True,https://naturaltein.in/products/the-protein-dessert-e-cook-book-by-naturaltein
2026-08-20 09:30 IST,Naturaltein,naturaltein,Natural Plant Protein (Chocolate / 1 Box (500 g)),3000.0,1112.0,62.9,222.4,True,https://naturaltein.in/products/plant-protein
2026-08-20 09:30 IST,Naturaltein,naturaltein,Natural Plant Protein (Mango / 1 Box (500 g)),3000.0,1112.0,62.9,222.4,True,https://naturaltein.in/products/plant-protein
2026-08-20 09:30 IST,Naturaltein,naturaltein,Natural Plant Protein (Berry / 1 Box (500 g)),3000.0,1112.0,62.9,222.4,True,https://naturaltein.in/products/plant-protein
2026-08-20 09:30 IST,Naturaltein,naturaltein,Natural Plant Protein (Pista / 1 Box (500 g)),3000.0,1112.0,62.9,222.4,True,https://naturaltein.in/products/plant-protein
2026-08-20 09:30 IST,Naturaltein,naturaltein,Natural Plant Protein (Coffee / 1 Box (500 g)),3000.0,1112.0,62.9,222.4,True,https://naturaltein.in/products/plant-protein
2026-08-20 09:30 IST,Naturaltein,naturaltein,Natural Whey Protein Concentrate (Italian Ice Cream / 1 Box (300 g)),1424.0,1299.0,8.8,433.0,False,https://naturaltein.in/products/whey-protein-concentrate
2026-08-20 09:30 IST,Naturaltein,naturaltein,Natural Whey Protein Concentrate (Chocolate Biscoff / 1 Box (300 g)),1424.0,1399.0,1.8,466.33,False,https://naturaltein.in/products/whey-protein-concentrate
2026-08-20 09:30 IST,Naturaltein,naturaltein,Natural Whey Protein Concentrate (Chocolate Caramel / 1 Box (300 g)),1424.0,1399.0,1.8,466.33,False,https://naturaltein.in/products/whey-protein-concentrate
2026-08-20 09:30 IST,Naturaltein,naturaltein,Natural Whey Protein Concentrate (Chocolate / 1 Box (300 g)),2500.0,1524.0,39.0,508.0,True,https://naturaltein.in/products/whey-protein-concentrate
2026-08-20 09:30 IST,Naturaltein,naturaltein,Natural Whey Protein Concentrate (Unflavoured / 1 Box (300 g)),2500.0,1524.0,39.0,508.0,True,https://naturaltein.in/products/whey-protein-concentrate
2026-08-20 09:30 IST,Naturaltein,naturaltein,Natural Whey Protein Concentrate (Caffe Mocha / 1 Box (300 g)),2500.0,1524.0,39.0,508.0,True,https://naturaltein.in/products/whey-protein-concentrate
2026-08-20 09:30 IST,Naturaltein,naturaltein,Natural Plant Protein (Chocolate / 2 Boxes (1 kg)),6000.0,1600.0,73.3,160.0,True,https://naturaltein.in/products/plant-protein
2026-08-20 09:30 IST,Naturaltein,naturaltein,Natural Plant Protein (Mango / 2 Boxes (1 kg)),6000.0,1600.0,73.3,160.0,True,https://naturaltein.in/products/plant-protein
2026-08-20 09:30 IST,Naturaltein,naturaltein,Natural Plant Protein (Berry / 2 Boxes (1 kg)),6000.0,1600.0,73.3,160.0,True,https://naturaltein.in/products/plant-protein
2026-08-20 09:30 IST,GNC India,GNC India,GNC Superfood Plant Isolate 35 gram (35gm / Chocolate),149.0,1.0,99.3,,True,https://gnc.in/products/gnc-superfood-plant-isolate-35-gram
2026-08-20 09:30 IST,GNC India,GNC India,GNC Superfood Plant Isolate 35 gram (35gm / Coffee),149.0,1.0,99.3,,True,https://gnc.in/products/gnc-superfood-plant-isolate-35-gram
2026-08-20 09:30 IST,GNC India,GNC India,GNC Superfood Plant Isolate 35 gram (35gm / Mango),149.0,1.0,99.3,,True,https://gnc.in/products/gnc-superfood-plant-isolate-35-gram
2026-08-20 09:30 IST,GNC India,GNC India,GNC Superfood Plant Isolate 35 gram (35gm / Vanilla),149.0,1.0,99.3,,False,https://gnc.in/products/gnc-superfood-plant-isolate-35-gram
2026-08-20 09:30 IST,GNC India,GNC India,PP Protein Wafer Bar Mini 20gm (Chocolate / 20 gm),60.0,40.0,33.3,200.0,True,https://gnc.in/products/pp-protein-wafer-bar-mini-20gm
2026-08-20 09:30 IST,GNC India,GNC India,PP Protein Wafer Bar Mini 20gm (Coffee / 20 gm),60.0,40.0,33.3,200.0,True,https://gnc.in/products/pp-protein-wafer-bar-mini-20gm
2026-08-20 09:30 IST,GNC India,GNC India,PP Protein Wafer Bar Mini 20gm (Peanut Butter / 20 gm),60.0,40.0,33.3,200.0,True,https://gnc.in/products/pp-protein-wafer-bar-mini-20gm
2026-08-20 09:30 IST,GNC India,GNC,GNC Protein Wafer Bar (Chocolate) (Pack of 1 / Chocolate),59.0,55.0,6.8,,True,https://gnc.in/products/gnc-protein-wafer-bar-chocolate
2026-08-20 09:30 IST,GNC India,GNC,GNC Protein Wafer Bar (Peanut butter) (Pack of 1 / Peanut Butter),59.0,55.0,6.8,,True,https://gnc.in/products/gnc-protein-wafer-bar-peanut-butter
2026-08-20 09:30 IST,GNC India,GNC,GNC Protein Wafer Bar (Coffee) (Pack of 1 / Coffee),59.0,55.0,6.8,,True,https://gnc.in/products/gnc-protein-wafer-bar-coffee
2026-08-20 09:30 IST,GNC India,GNC,GNC Protein Wafer Bar (40g / Chocolate),60.0,55.0,8.3,137.5,True,https://gnc.in/products/gnc-protein-wafer-bar-upsell
2026-08-20 09:30 IST,GNC India,GNC India,GNC Select Fermented Yeast Protein Isolate (35gm) (35 gm / Chocolate),149.0,65.0,56.4,185.71,True,https://gnc.in/products/gnc-select-fermented-yeast-protein-isolate-35gm
2026-08-20 09:30 IST,GNC India,GNC India,GNC Select Fermented Yeast Protein Isolate (35gm) (35 gm / Coffee),149.0,65.0,56.4,185.71,True,https://gnc.in/products/gnc-select-fermented-yeast-protein-isolate-35gm
2026-08-20 09:30 IST,GNC India,GNC India,GNC Select Fermented Yeast Protein Isolate (35gm) (35 gm / Vanilla),149.0,65.0,56.4,185.71,True,https://gnc.in/products/gnc-select-fermented-yeast-protein-isolate-35gm
2026-08-20 09:30 IST,GNC India,GNC India,GNC Select Fermented Yeast Protein Isolate (35 gm / Chocolate),149.0,69.0,53.7,197.14,True,https://gnc.in/products/gnc-select-fermented-yeast-protein
2026-08-21 09:33 IST,Nutrabay,Nutrabay,Nutrabay Gold Pea Protein,69,69,0.0,172.5,True,https://nutrabay.com/product/nutrabay-gold-hydrolyzed-pea-protein/?pId=3302532
2026-08-21 09:33 IST,Nutrabay,Nutrabay,Nutrabay Gold Pea Protein,69,69,0.0,172.5,True,https://nutrabay.com/product/nutrabay-gold-hydrolyzed-pea-protein/?pId=3302532
2026-08-21 09:33 IST,Nutrabay,Nutrabay,Nutrabay Gold Pea Protein,69,69,0.0,172.5,True,https://nutrabay.com/product/nutrabay-gold-hydrolyzed-pea-protein/?pId=3302532
2026-08-21 09:33 IST,Nutrabay,Velbiom,Velbiom Happy Cultures Tastiest Plant Protein,600,499,16.8,346.53,True,https://nutrabay.com/product/velbiom-happy-cultures-tastiest-plant-protein/?pId=7407265
2026-08-21 09:33 IST,Nutrabay,TruNativ,TruNativ Plant Based Everyday Protein - Protein You Can Cook With!,699,599,14.3,363.03,True,https://nutrabay.com/product/trunativ-plant-based-everyday-protein-protein-you-can-cook-with/?pId=9485223
2026-08-21 09:33 IST,Nutrabay,Nutrabay,Nutrabay Pure Pea Protein Isolate,669,649,3.0,129.8,True,https://nutrabay.com/product/nutrabay-pure-100-pea-protein-isolate/?pId=4537768
2026-08-21 09:33 IST,Nutrabay,Nutrabay,Nutrabay Wellness Vegan Plant Protein Powder + Superfoods,1199,799,33.4,159.8,True,https://nutrabay.com/product/nutrabay-wellness-vegan-plant-protein-powder-superfoods/?pId=4698878
2026-08-21 09:33 IST,Nutrabay,Nutrabay,Nutrabay Wellness Vegan Plant Protein Powder + Superfoods,1199,799,33.4,159.8,True,https://nutrabay.com/product/nutrabay-wellness-vegan-plant-protein-powder-superfoods/?pId=4698878
2026-08-21 09:33 IST,Nutrabay,Nutrabay,Nutrabay BioAbsorb™ Whey Protein Powder | Clinically Tested 54% Better Protein Absorption | 26g Protein/Scoop | India's 1st Protein with ProDiFi™ for No Bloating | No Added Sugar,859,859,0.0,474.59,True,https://nutrabay.com/product/nutrabay-bioabsorb-whey-protein/?pId=8042444
2026-08-21 09:33 IST,Nutrabay,Nakpro Nutrition,Nakpro Nutrition Platinum Soy Protein Isolate,2050,899,56.1,89.9,True,https://nutrabay.com/product/nakpro-vegan-soy-protein-isolate-90-raw-pure-natural-vegetarian-plant-protein-supplement-powder/?pId=3990475
2026-08-21 09:33 IST,Nutrabay,Nakpro Nutrition,Nakpro Nutrition Platinum Soy Protein Isolate,2050,899,56.1,89.9,True,https://nutrabay.com/product/nakpro-vegan-soy-protein-isolate-90-raw-pure-natural-vegetarian-plant-protein-supplement-powder/?pId=3990475
2026-08-21 09:33 IST,Nutrabay,Nakpro Nutrition,Nakpro Nutrition Platinum Soy Protein Isolate,2300,899,60.9,89.9,True,https://nutrabay.com/product/nakpro-vegan-soy-protein-isolate-90-raw-pure-natural-vegetarian-plant-protein-supplement-powder/?pId=3990475
2026-08-21 09:33 IST,Nutrabay,Optimum Nutrition,Optimum Nutrition (ON) Gold Standard Whey Protein Powder,940,940,0.0,,True,https://nutrabay.com/product/optimum-nutrition-on-100-whey-gold-standard-2/?pId=4471481
2026-08-21 09:33 IST,Nutrabay,Velbiom,Velbiom Happy Cultures Tastiest Plant Protein,1699,949,44.1,187.92,True,https://nutrabay.com/product/velbiom-happy-cultures-tastiest-plant-protein/?pId=7407265
2026-08-21 09:33 IST,Nutrabay,Velbiom,Velbiom Happy Cultures Tastiest Plant Protein,1699,949,44.1,187.92,True,https://nutrabay.com/product/velbiom-happy-cultures-tastiest-plant-protein/?pId=7407265
2026-08-21 09:33 IST,Fast&Up,Fastandup,Plant Protein - Rich Chocolate - Single Serving Sachet,90.0,90.0,0.0,,True,https://in.fastandup.com/products/plant-protein-rich-chocolate-single-serving-sachet
2026-08-21 09:33 IST,Fast&Up,Fastandup,100% Pure & Natural Moringa Powder,250.0,225.0,10.0,,True,https://in.fastandup.com/products/100-pure-natural-moringa-powder
2026-08-21 09:33 IST,Fast&Up,Fastandup,Plant Protein - Assorted Pack,270.0,243.0,10.0,,True,https://in.fastandup.com/products/fast-up-plant-protein-assorted-pack
2026-08-21 09:33 IST,Fast&Up,Fastandup,Plant Protein - Rich Chocolate - Single Serving Sachet Combo Pack (Rich Chocolate / Pack of 5),450.0,396.0,12.0,,True,https://in.fastandup.com/products/plant-protein-rich-chocolate-single-serving-sachet-combo-pack
2026-08-21 09:33 IST,Fast&Up,Fastandup,Plant Protein - Rich Chocolate - Single Serving Sachet Combo Pack (Rich Chocolate / Pack of 10),900.0,765.0,15.0,,True,https://in.fastandup.com/products/plant-protein-rich-chocolate-single-serving-sachet-combo-pack
2026-08-21 09:33 IST,Fast&Up,Fastandup,Plant Protein - Rich Chocolate – 500gms,1599.0,831.48,48.0,166.3,False,https://in.fastandup.com/products/plant-protein-powder-500gms
2026-08-21 09:33 IST,Fast&Up,Fastandup,Plant Protein - Cookies & Cream - 500g,1599.0,1103.31,31.0,220.66,True,https://in.fastandup.com/products/plant-protein-cookies-cream-500g
2026-08-21 09:33 IST,Fast&Up,Fastandup,Plant Protein - Rich Chocolate - Single Serving Sachet Combo Pack (Rich Chocolate / Pack of 15),1350.0,1107.0,18.0,,True,https://in.fastandup.com/products/plant-protein-rich-chocolate-single-serving-sachet-combo-pack
2026-08-21 09:33 IST,Fast&Up,Fastandup,Plant Protein - Alphonso Mango - 1Kg,3115.0,1619.8,48.0,161.98,True,https://in.fastandup.com/products/plant-protein-alphonso-mango-25-servings
2026-08-21 09:33 IST,Fast&Up,Fastandup,Plant Protein - Cookies & Cream - 1Kg,3115.0,1619.8,48.0,161.98,True,https://in.fastandup.com/products/plant-protein-cookies-cream-1-kg
2026-08-21 09:33 IST,Fast&Up,Fastandup,Plant Protein - Strawberry Blast - 25 Servings,3115.0,1619.8,48.0,,True,https://in.fastandup.com/products/plant-protein-strawberry-25-servings
2026-08-21 09:33 IST,Fast&Up,Fastandup,Plant Protein - Rich Chocolate - 1kg,3115.0,1619.8,48.0,161.98,True,https://in.fastandup.com/products/plant-protein-rich-chocolate-1kg
2026-08-21 09:33 IST,Fast&Up,Fastandup,Plant Protein - Kesar Kulfi - 1kg,3115.0,1819.48,41.6,181.95,False,https://in.fastandup.com/products/plant-protein-powder-special-festive-pack
2026-08-21 09:33 IST,Fast&Up,Fastandup,Plant Protein - Cookies & Cream - 500g Pack of 2,3198.0,1999.0,37.5,399.8,True,https://in.fastandup.com/products/plant-protein-cookies-cream-500g-pack-of-2
2026-08-21 09:33 IST,Fast&Up,Fastandup,Daily Fiber + Plant Protein Rich Chocolate Combo,3715.0,2299.0,38.1,,True,https://in.fastandup.com/products/daily-fiber-plant-protein-rich-chocolate-combo
2026-08-21 09:33 IST,OZiva,OZiva,Pro-Collagen Protein Peptides Caramel | 250g,799.0,433.0,45.8,173.2,True,https://oziva.in/products/pro-collagen-protein-peptides-caramel-250g
2026-08-21 09:33 IST,OZiva,OZiva,"Vegan Collagen, Clinically Proven (Watermelon / Starter Pack-125g)",499.0,459.0,8.0,367.2,True,https://oziva.in/products/plant-based-collagen
2026-08-21 09:33 IST,OZiva,OZiva,Plant Protein + Pro-Digest (Assorted),699.0,699.0,0.0,,True,https://oziva.in/products/plant-protein-pro-digest
2026-08-21 09:33 IST,OZiva,OZiva,Plant Protein + Pro-Digest (Chocolate),699.0,699.0,0.0,,False,https://oziva.in/products/plant-protein-pro-digest
2026-08-21 09:33 IST,OZiva,OZiva,Plant Protein + Pro-Digest (Mango),699.0,699.0,0.0,,False,https://oziva.in/products/plant-protein-pro-digest
2026-08-21 09:33 IST,OZiva,OZiva,Plant Protein + Pro-Digest (Strawberry),699.0,699.0,0.0,,False,https://oziva.in/products/plant-protein-pro-digest
2026-08-21 09:33 IST,OZiva,OZiva,Plant Protein + Pro-Digest (Vanilla),699.0,699.0,0.0,,False,https://oziva.in/products/plant-protein-pro-digest
2026-08-21 09:33 IST,OZiva,OZiva,Bioactive Plant Protein (Assorted / Starter Pack),699.0,699.0,0.0,,True,https://oziva.in/products/oziva-bioactive-plant-protein-with-25g-vegan-protein-5-5-bcaas-100-rda-vitamins-minerals-ayurvedic-herbs-for-better-endurance-stamina-muscle-recovery-1-kg
2026-08-21 09:33 IST,OZiva,OZiva,Daily Protein Activ for Women (Rich Chocolate / Starter Pack),799.0,749.0,6.3,,True,https://oziva.in/products/daily-protein-activ-for-women-with-clean-whey-protein-multivitamins-tulsi-probiotics-for-improved-everyday-energy-stamina-bone-health-immune-health
2026-08-21 09:33 IST,OZiva,OZiva,Daily Protein Activ for Women (Classic Vanilla / Starter Pack),799.0,749.0,6.3,,False,https://oziva.in/products/daily-protein-activ-for-women-with-clean-whey-protein-multivitamins-tulsi-probiotics-for-improved-everyday-energy-stamina-bone-health-immune-health
2026-08-21 09:33 IST,OZiva,OZiva,"Pro-Collagen Protein Peptides, 250 g (Starter Pack)",849.0,799.0,5.9,319.6,True,https://oziva.in/products/oziva-pro-collagen-protein-peptides-with-clean-protein-green-coffee-hyaluronic-acid-biotin-for-skin-hair-health-muscle-joint-health-protein-breakdown-caramel-250-g
2026-08-21 09:33 IST,OZiva,OZiva,"Vegan Collagen, Clinically Proven (Guava Glow / Starter Pack)",959.0,929.0,3.1,,True,https://oziva.in/products/plant-based-collagen
2026-08-21 09:33 IST,OZiva,OZiva,"Vegan Collagen, Clinically Proven (Classic / Starter Pack)",959.0,929.0,3.1,,True,https://oziva.in/products/plant-based-collagen
2026-08-21 09:33 IST,OZiva,OZiva,"Vegan Collagen, Clinically Proven (Berry Orange / Starter Pack)",959.0,929.0,3.1,,True,https://oziva.in/products/plant-based-collagen
2026-08-21 09:33 IST,OZiva,OZiva,"Vegan Collagen, Clinically Proven (Watermelon / Starter Pack)",959.0,929.0,3.1,,True,https://oziva.in/products/plant-based-collagen
2026-08-21 09:33 IST,Wellbeing Nutrition,Wellbeing Nutrition,Kids Protein Vanilla Free Sachet,79.0,79.0,0.0,,True,https://wellbeingnutrition.com/products/kids-protein-vanilla-free-sachet
2026-08-21 09:33 IST,Wellbeing Nutrition,Wellbeing Nutrition,Kids Protein Chocolate Sachet,79.0,79.0,0.0,,True,https://wellbeingnutrition.com/products/kids-protein-chocolate-sachet
2026-08-21 09:33 IST,Wellbeing Nutrition,Wellbeing Nutrition,Kids Protein Vanilla Sachet,79.0,79.0,0.0,,True,https://wellbeingnutrition.com/products/kids-protein-vanilla-sachet
2026-08-21 09:33 IST,Wellbeing Nutrition,Wellbeing Nutrition,Vegan Protein Dark Chocolate Hazelnut Sachet,150.0,150.0,0.0,,True,https://wellbeingnutrition.com/products/vegan-protein-dark-chocolate-hazelnut-sachet
2026-08-21 09:33 IST,Wellbeing Nutrition,Wellbeing Nutrition,Whey Protein Isolate Dark Chocolate Sachet (Pack of 1),160.0,160.0,0.0,,False,https://wellbeingnutrition.com/products/whey-protein-isolate-dark-chocolate-sachet
2026-08-21 09:33 IST,Wellbeing Nutrition,Wellbeing Nutrition,Whey Protein Isolate + Concentrate Mango Sachets (Pack of 1),1399.0,1399.0,0.0,,False,https://wellbeingnutrition.com/products/whey-protein-isolate-concentrate-mango-sachets
2026-08-21 09:33 IST,Wellbeing Nutrition,Wellbeing Nutrition,Plant Protein 22g | 500g | 3B CFU Probiotics | Dark Chocolate Hazelnut (Pack of 1),1799.0,1439.0,20.0,287.8,True,https://wellbeingnutrition.com/products/vegan-protein-dark-chocolate-hazelnut
2026-08-21 09:33 IST,Wellbeing Nutrition,Wellbeing Nutrition,Plant Protein 22g | 500g | 3B CFU Probiotics | Italian Cafe Mocha (Pack of 1),1799.0,1439.0,20.0,287.8,False,https://wellbeingnutrition.com/products/vegan-protein-italian-cafe-mocha
2026-08-21 09:33 IST,Wellbeing Nutrition,Wellbeing Nutrition,Plant Protein 22g | 500g | 3B CFU Probiotics | Belgian Dark Chocolate (Pack of 1),1799.0,1439.0,20.0,287.8,True,https://wellbeingnutrition.com/products/vegan-protein-belgian-chocolate
2026-08-21 09:33 IST,Wellbeing Nutrition,Wellbeing Nutrition,Plant Protein 22g | 500g | 3B CFU Probiotics | French Vanilla Caramel (Pack of 1),1799.0,1439.0,20.0,287.8,True,https://wellbeingnutrition.com/products/vegan-protein-french-vanilla-caramel
2026-08-21 09:33 IST,Wellbeing Nutrition,Wellbeing Nutrition,Plant Protein 22g | 500g | 3B CFU Probiotics | Canadian Mixed Berry (Pack of 1),1799.0,1439.0,20.0,287.8,True,https://wellbeingnutrition.com/products/vegan-protein-canadian-mixed-berry
2026-08-21 09:33 IST,Wellbeing Nutrition,Wellbeing Nutrition,Her Superfood Plant Protein | Chocolate Peanut Butter (Pack of 1),1799.0,1439.0,20.0,,True,https://wellbeingnutrition.com/products/superfood-plant-protein-powder-for-women
2026-08-21 09:33 IST,Wellbeing Nutrition,Wellbeing Nutrition,Superfood Plant Protein | British Banoffee Pie (Pack of 1),1799.0,1439.0,20.0,,True,https://wellbeingnutrition.com/products/superfood-plant-protein-powder-in-banoffee-pie
2026-08-21 09:33 IST,Wellbeing Nutrition,Wellbeing Nutrition,Plant Protein 22g | 907g | 3B CFU Probiotics | French Vanilla Caramel (Pack of 1),3399.0,2719.0,20.0,299.78,True,https://wellbeingnutrition.com/products/vegan-protein-french-vanilla-caramel-copy
2026-08-21 09:33 IST,Wellbeing Nutrition,Wellbeing Nutrition,Plant Protein 22g | 907g | 3B CFU Probiotics | Belgian Dark Chocolate (Pack of 1),3399.0,2719.0,20.0,299.78,True,https://wellbeingnutrition.com/products/vegan-protein-belgian-dark-chocolate-probiotics
2026-08-21 09:33 IST,AS-IT-IS Nutrition,AS-IT-IS Nutrition,AS-IT-IS Brown Rice Protein | 27g Protein Per Serving (35g),175.0,122.0,30.3,,True,https://asitisnutrition.com/products/as-it-is-nutrition-brown-rice-protein-80-designed-as-meal-supplement-lab-tested-unflavoured
2026-08-21 09:33 IST,AS-IT-IS Nutrition,AS-IT-IS Nutrition,AS-IT-IS ONE Pea Protein Isolate| 29g Protein Per Serving| Plant Based Protein Powder (36g-Sachet),175.0,122.0,30.3,,False,https://asitisnutrition.com/products/as-it-is-nutrition-pea-protein-isolate-powder
2026-08-21 09:33 IST,AS-IT-IS Nutrition,AS-IT-IS Nutrition,AS-IT-IS Soy Protein Isolate | 30g Protein Per Serving (35g),175.0,122.0,30.3,,True,https://asitisnutrition.com/products/as-it-is-nutrition-buy-soy-protein-isolate-powder-in-india
2026-08-21 09:33 IST,AS-IT-IS Nutrition,AS-IT-IS Nutrition,ATOM Beginners Whey Protein | Supports Muscle-building | Supports Body Strength (Choco Hazel Fusion / 37g),203.0,131.0,35.5,,True,https://asitisnutrition.com/products/atom-beginners-whey-protein
2026-08-21 09:33 IST,AS-IT-IS Nutrition,AS-IT-IS Nutrition,ATOM Performance Whey  | With Safed Musli (Double Rich Chocolate / 45g),220.0,140.0,36.4,,True,https://asitisnutrition.com/products/as-it-is-atom-performance-whey-1kg-with-safed-musli-for-faster-recovery-highly-bioavailable
2026-08-21 09:33 IST,AS-IT-IS Nutrition,AS-IT-IS Nutrition,ATOM Performance Whey  | With Safed Musli (Pista Fusion / 45g),2485.0,140.0,94.4,,False,https://asitisnutrition.com/products/as-it-is-atom-performance-whey-1kg-with-safed-musli-for-faster-recovery-highly-bioavailable
2026-08-21 09:33 IST,AS-IT-IS Nutrition,AS-IT-IS Nutrition,ATOM Performance Whey  | With Safed Musli (Cafe Latte / 45g),2485.0,140.0,94.4,,False,https://asitisnutrition.com/products/as-it-is-atom-performance-whey-1kg-with-safed-musli-for-faster-recovery-highly-bioavailable
2026-08-21 09:33 IST,AS-IT-IS Nutrition,AS-IT-IS Nutrition,ATOM Performance Whey  | With Safed Musli (Cookie delight / 45g),2485.0,140.0,94.4,,False,https://asitisnutrition.com/products/as-it-is-atom-performance-whey-1kg-with-safed-musli-for-faster-recovery-highly-bioavailable
2026-08-21 09:33 IST,AS-IT-IS Nutrition,AS-IT-IS Nutrition,ATOM Performance Whey  | With Safed Musli (Choco hazel fusion / 45g),2485.0,140.0,94.4,,False,https://asitisnutrition.com/products/as-it-is-atom-performance-whey-1kg-with-safed-musli-for-faster-recovery-highly-bioavailable
2026-08-21 09:33 IST,AS-IT-IS Nutrition,AS-IT-IS Nutrition,ATOM Whey Protein (Double Rich Chocolate / (36g Travel Sachet)),262.0,167.0,36.3,463.89,True,https://asitisnutrition.com/products/atom-whey-protein
2026-08-21 09:33 IST,AS-IT-IS Nutrition,AS-IT-IS Nutrition,"AS-IT-IS ONE Whey Protein Concentrate I Single Ingredient | 28g Protein, Unflavoured 35g (35g Sachet (Pack of 1))",305.0,178.0,41.6,593.33,True,https://asitisnutrition.com/products/whey-protein-30g-sachet
2026-08-21 09:33 IST,AS-IT-IS Nutrition,AS-IT-IS Nutrition,ATOM NITRO WHEY WITH CREASURE® (Double Rich Chocolate / 45g),289.0,185.0,36.0,,True,https://asitisnutrition.com/products/atom-nitro-whey-with-creatine-i-33g-protein-3g-creatine-7-4g-bcaa
2026-08-21 09:33 IST,AS-IT-IS Nutrition,AS-IT-IS Nutrition,ATOM NITRO WHEY WITH CREASURE® (Kesar Kulfi / 45g),3407.0,185.0,94.6,,False,https://asitisnutrition.com/products/atom-nitro-whey-with-creatine-i-33g-protein-3g-creatine-7-4g-bcaa
2026-08-21 09:33 IST,AS-IT-IS Nutrition,AS-IT-IS Nutrition,ATOM NITRO WHEY WITH CREASURE® (Classic Vanilla / 45g),3407.0,185.0,94.6,,False,https://asitisnutrition.com/products/atom-nitro-whey-with-creatine-i-33g-protein-3g-creatine-7-4g-bcaa
2026-08-21 09:33 IST,AS-IT-IS Nutrition,AS-IT-IS Nutrition,"AS-IT-IS ONE Whey Protein Concentrate I Single Ingredient | 28g Protein, Unflavoured 35g (35g Sachet (Pack of 1) + Shaker)",438.0,303.0,30.8,1010.0,False,https://asitisnutrition.com/products/whey-protein-30g-sachet
2026-08-21 09:33 IST,MyFitness,MYFITNESS,MyFitness Peanut Butter - Chocolate | 26% Protein | Crispy | Chocolate Peanut Butter Spread (227g),159.0,149.0,6.3,65.64,True,https://myfitness.co.in/products/chocolate-crispy
2026-08-21 09:33 IST,MyFitness,MYFITNESS,"Pro.Fitness High Protein Chocolate Oats | Dark Chocolate | Healthy Oats With Nuts, Seeds & Added Whey (375g)",339.0,219.0,35.4,58.4,True,https://myfitness.co.in/products/high-protein-oats-900g-27g-protein
2026-08-21 09:33 IST,MyFitness,MYFITNESS,Pro.Fitness Rolled Oats | 13% Protein | Healthy Oats With High Fiber and Zero Cholesterol (900g),320.0,269.0,15.9,,True,https://myfitness.co.in/products/pro-fitness-rolled-oats-900g
2026-08-21 09:33 IST,MyFitness,myfitness-official-store,MyFitness Peanut Butter - Classic Zero | 28% Protein | Extra Crunchy | Zero Sugar Peanut Spread (510 g),349.0,275.0,21.2,53.92,True,https://myfitness.co.in/products/myfitness-zero-peanut-butter-crunchy-510g
2026-08-21 09:33 IST,MyFitness,myfitness-official-store,MyFitness Peanut Butter - Chocolate | 26% Protein | Crunchy | Chocolate Peanut Butter Spread (510 g),319.0,275.0,13.8,45.08,True,https://myfitness.co.in/products/myfitness-chocolate-peanut-butter-crunchy
2026-08-21 09:33 IST,MyFitness,myfitness-official-store,MyFitness Peanut Butter - Natural Unsweetened | 31% Protein | Crunchy | Zero Sugar Peanut Butter Spread (510 g),319.0,275.0,13.8,45.08,True,https://myfitness.co.in/products/myfitness-all-natural-peanut-butter-crunchy
2026-08-21 09:33 IST,MyFitness,myfitness-official-store,MyFitness Peanut Butter - Natural Unsweetened | 25% Protein | Smooth | Zero Sugar Peanut Butter Spread (510 g),319.0,275.0,13.8,45.08,True,https://myfitness.co.in/products/myfitness-all-natural-peanut-butter-smooth
2026-08-21 09:33 IST,MyFitness,myfitness-official-store,MyFitness Peanut Butter - Chocolate | 26% Protein | Crispy | Chocolate Peanut Butter Spread (510 g),319.0,275.0,13.8,45.08,True,https://myfitness.co.in/products/myfitness-chocolate-peanut-butter-crispy
2026-08-21 09:33 IST,MyFitness,myfitness-official-store,MyFitness Peanut Butter - Chocolate | 28% Protein | Smooth | Chocolate Peanut Butter Spread (510 g),319.0,275.0,13.8,45.08,True,https://myfitness.co.in/products/myfitness-chocolate-peanut-butter-smooth
2026-08-21 09:33 IST,MyFitness,myfitness-official-store,MyFitness Peanut Butter - Original | 28% Protein | Crunchy | Classic Peanut Butter Spread (510 g),319.0,275.0,13.8,45.08,True,https://myfitness.co.in/products/myfitness-original-peanut-butter-crunchy
2026-08-21 09:33 IST,MyFitness,myfitness-official-store,MyFitness Peanut Butter - Original | 28% Protein | Smooth | Classic Peanut Butter Spread (510 g),319.0,275.0,13.8,45.08,True,https://myfitness.co.in/products/myfitness-original-peanut-butter-smooth
2026-08-21 09:33 IST,MyFitness,MYFITNESS,MyFitness Peanut Butter - Chocolate | 25% Protein | Almond Crunch | Chocolate Peanut Butter Spread (510 g),379.0,279.0,26.4,54.71,True,https://myfitness.co.in/products/myfitness-chocolate-peanut-butter-with-almond-crunch
2026-08-21 09:33 IST,MyFitness,myfitness-official-store,MyFitness Peanut Butter - Chocolate | 26% Protein | Crunchy | Chocolate Peanut Butter Spread (900g),499.0,399.0,20.0,39.9,True,https://myfitness.co.in/products/myfitness-chocolate-peanut-butter-crunchy
2026-08-21 09:33 IST,MyFitness,myfitness-official-store,MyFitness Peanut Butter - Chocolate | 28% Protein | Smooth | Chocolate Peanut Butter Spread (900g),499.0,399.0,20.0,39.9,True,https://myfitness.co.in/products/myfitness-chocolate-peanut-butter-smooth
2026-08-21 09:33 IST,MyFitness,myfitness-official-store,MyFitness Peanut Butter - Original | 28% Protein | Crunchy | Classic Peanut Butter Spread (900g),499.0,399.0,20.0,44.33,True,https://myfitness.co.in/products/myfitness-original-peanut-butter-crunchy
2026-08-21 09:33 IST,Naturaltein,naturaltein,The Protein Dessert E-Cook Book by Naturaltein,599.0,399.0,33.4,,True,https://naturaltein.in/products/the-protein-dessert-e-cook-book-by-naturaltein
2026-08-21 09:33 IST,Naturaltein,naturaltein,Natural Plant Protein (Chocolate / 1 Box (500 g)),3000.0,1112.0,62.9,222.4,True,https://naturaltein.in/products/plant-protein
2026-08-21 09:33 IST,Naturaltein,naturaltein,Natural Plant Protein (Mango / 1 Box (500 g)),3000.0,1112.0,62.9,222.4,True,https://naturaltein.in/products/plant-protein
2026-08-21 09:33 IST,Naturaltein,naturaltein,Natural Plant Protein (Berry / 1 Box (500 g)),3000.0,1112.0,62.9,222.4,True,https://naturaltein.in/products/plant-protein
2026-08-21 09:33 IST,Naturaltein,naturaltein,Natural Plant Protein (Pista / 1 Box (500 g)),3000.0,1112.0,62.9,222.4,True,https://naturaltein.in/products/plant-protein
2026-08-21 09:33 IST,Naturaltein,naturaltein,Natural Plant Protein (Coffee / 1 Box (500 g)),3000.0,1112.0,62.9,222.4,True,https://naturaltein.in/products/plant-protein
2026-08-21 09:33 IST,Naturaltein,naturaltein,Natural Whey Protein Concentrate (Italian Ice Cream / 1 Box (300 g)),1424.0,1299.0,8.8,433.0,False,https://naturaltein.in/products/whey-protein-concentrate
2026-08-21 09:33 IST,Naturaltein,naturaltein,Natural Whey Protein Concentrate (Chocolate Biscoff / 1 Box (300 g)),1424.0,1399.0,1.8,466.33,False,https://naturaltein.in/products/whey-protein-concentrate
2026-08-21 09:33 IST,Naturaltein,naturaltein,Natural Whey Protein Concentrate (Chocolate Caramel / 1 Box (300 g)),1424.0,1399.0,1.8,466.33,False,https://naturaltein.in/products/whey-protein-concentrate
2026-08-21 09:33 IST,Naturaltein,naturaltein,Natural Whey Protein Concentrate (Chocolate / 1 Box (300 g)),2500.0,1524.0,39.0,508.0,True,https://naturaltein.in/products/whey-protein-concentrate
2026-08-21 09:33 IST,Naturaltein,naturaltein,Natural Whey Protein Concentrate (Unflavoured / 1 Box (300 g)),2500.0,1524.0,39.0,508.0,True,https://naturaltein.in/products/whey-protein-concentrate
2026-08-21 09:33 IST,Naturaltein,naturaltein,Natural Whey Protein Concentrate (Caffe Mocha / 1 Box (300 g)),2500.0,1524.0,39.0,508.0,True,https://naturaltein.in/products/whey-protein-concentrate
2026-08-21 09:33 IST,Naturaltein,naturaltein,Natural Plant Protein (Chocolate / 2 Boxes (1 kg)),6000.0,1600.0,73.3,160.0,True,https://naturaltein.in/products/plant-protein
2026-08-21 09:33 IST,Naturaltein,naturaltein,Natural Plant Protein (Mango / 2 Boxes (1 kg)),6000.0,1600.0,73.3,160.0,True,https://naturaltein.in/products/plant-protein
2026-08-21 09:33 IST,Naturaltein,naturaltein,Natural Plant Protein (Berry / 2 Boxes (1 kg)),6000.0,1600.0,73.3,160.0,True,https://naturaltein.in/products/plant-protein
2026-08-21 09:33 IST,GNC India,GNC India,GNC Superfood Plant Isolate 35 gram (35gm / Chocolate),149.0,1.0,99.3,,True,https://gnc.in/products/gnc-superfood-plant-isolate-35-gram
2026-08-21 09:33 IST,GNC India,GNC India,GNC Superfood Plant Isolate 35 gram (35gm / Coffee),149.0,1.0,99.3,,True,https://gnc.in/products/gnc-superfood-plant-isolate-35-gram
2026-08-21 09:33 IST,GNC India,GNC India,GNC Superfood Plant Isolate 35 gram (35gm / Mango),149.0,1.0,99.3,,True,https://gnc.in/products/gnc-superfood-plant-isolate-35-gram
2026-08-21 09:33 IST,GNC India,GNC India,GNC Superfood Plant Isolate 35 gram (35gm / Vanilla),149.0,1.0,99.3,,False,https://gnc.in/products/gnc-superfood-plant-isolate-35-gram
2026-08-21 09:33 IST,GNC India,GNC India,PP Protein Wafer Bar Mini 20gm (Chocolate / 20 gm),60.0,40.0,33.3,200.0,True,https://gnc.in/products/pp-protein-wafer-bar-mini-20gm
2026-08-21 09:33 IST,GNC India,GNC India,PP Protein Wafer Bar Mini 20gm (Coffee / 20 gm),60.0,40.0,33.3,200.0,True,https://gnc.in/products/pp-protein-wafer-bar-mini-20gm
2026-08-21 09:33 IST,GNC India,GNC India,PP Protein Wafer Bar Mini 20gm (Peanut Butter / 20 gm),60.0,40.0,33.3,200.0,True,https://gnc.in/products/pp-protein-wafer-bar-mini-20gm
2026-08-21 09:33 IST,GNC India,GNC,GNC Protein Wafer Bar (Chocolate) (Pack of 1 / Chocolate),59.0,55.0,6.8,,True,https://gnc.in/products/gnc-protein-wafer-bar-chocolate
2026-08-21 09:33 IST,GNC India,GNC,GNC Protein Wafer Bar (Peanut butter) (Pack of 1 / Peanut Butter),59.0,55.0,6.8,,True,https://gnc.in/products/gnc-protein-wafer-bar-peanut-butter
2026-08-21 09:33 IST,GNC India,GNC,GNC Protein Wafer Bar (Coffee) (Pack of 1 / Coffee),59.0,55.0,6.8,,True,https://gnc.in/products/gnc-protein-wafer-bar-coffee
2026-08-21 09:33 IST,GNC India,GNC,GNC Protein Wafer Bar (40g / Chocolate),60.0,55.0,8.3,137.5,True,https://gnc.in/products/gnc-protein-wafer-bar-upsell
2026-08-21 09:33 IST,GNC India,GNC India,GNC Select Fermented Yeast Protein Isolate (35gm) (35 gm / Chocolate),149.0,65.0,56.4,185.71,True,https://gnc.in/products/gnc-select-fermented-yeast-protein-isolate-35gm
2026-08-21 09:33 IST,GNC India,GNC India,GNC Select Fermented Yeast Protein Isolate (35gm) (35 gm / Coffee),149.0,65.0,56.4,185.71,True,https://gnc.in/products/gnc-select-fermented-yeast-protein-isolate-35gm
2026-08-21 09:33 IST,GNC India,GNC India,GNC Select Fermented Yeast Protein Isolate (35gm) (35 gm / Vanilla),149.0,65.0,56.4,185.71,True,https://gnc.in/products/gnc-select-fermented-yeast-protein-isolate-35gm
2026-08-21 09:33 IST,GNC India,GNC India,GNC Select Fermented Yeast Protein Isolate (35 gm / Chocolate),149.0,69.0,53.7,197.14,True,https://gnc.in/products/gnc-select-fermented-yeast-protein
2026-08-22 09:27 IST,Nutrabay,Nutrabay,Nutrabay Gold Pea Protein,69,69,0.0,172.5,True,https://nutrabay.com/product/nutrabay-gold-hydrolyzed-pea-protein/?pId=3302532
2026-08-22 09:27 IST,Nutrabay,Nutrabay,Nutrabay Gold Pea Protein,69,69,0.0,172.5,True,https://nutrabay.com/product/nutrabay-gold-hydrolyzed-pea-protein/?pId=3302532
2026-08-22 09:27 IST,Nutrabay,Velbiom,Velbiom Happy Cultures Tastiest Plant Protein,600,499,16.8,346.53,True,https://nutrabay.com/product/velbiom-happy-cultures-tastiest-plant-protein/?pId=7407265
2026-08-22 09:27 IST,Nutrabay,TruNativ,TruNativ Plant Based Everyday Protein - Protein You Can Cook With!,699,599,14.3,363.03,True,https://nutrabay.com/product/trunativ-plant-based-everyday-protein-protein-you-can-cook-with/?pId=9485223
2026-08-22 09:27 IST,Nutrabay,Nutrabay,Nutrabay Pure Pea Protein Isolate,669,649,3.0,129.8,True,https://nutrabay.com/product/nutrabay-pure-100-pea-protein-isolate/?pId=4537768
2026-08-22 09:27 IST,Nutrabay,Nutrabay,Nutrabay Wellness Vegan Plant Protein Powder + Superfoods,1199,799,33.4,159.8,True,https://nutrabay.com/product/nutrabay-wellness-vegan-plant-protein-powder-superfoods/?pId=4698878
2026-08-22 09:27 IST,Nutrabay,Nutrabay,Nutrabay Wellness Vegan Plant Protein Powder + Superfoods,1199,799,33.4,159.8,True,https://nutrabay.com/product/nutrabay-wellness-vegan-plant-protein-powder-superfoods/?pId=4698878
2026-08-22 09:27 IST,Nutrabay,Nutrabay,Nutrabay Gold Pea Protein,1049,849,19.1,169.8,True,https://nutrabay.com/product/nutrabay-gold-hydrolyzed-pea-protein/?pId=3302532
2026-08-22 09:27 IST,Nutrabay,Nutrabay,Nutrabay BioAbsorb™ Whey Protein Powder | Clinically Tested 54% Better Protein Absorption | 26g Protein/Scoop | India's 1st Protein with ProDiFi™ for No Bloating | No Added Sugar,859,859,0.0,474.59,True,https://nutrabay.com/product/nutrabay-bioabsorb-whey-protein/?pId=8042444
2026-08-22 09:27 IST,Nutrabay,Nakpro Nutrition,Nakpro Nutrition Platinum Soy Protein Isolate,2050,899,56.1,89.9,True,https://nutrabay.com/product/nakpro-vegan-soy-protein-isolate-90-raw-pure-natural-vegetarian-plant-protein-supplement-powder/?pId=3990475
2026-08-22 09:27 IST,Nutrabay,Nakpro Nutrition,Nakpro Nutrition Platinum Soy Protein Isolate,2050,899,56.1,89.9,True,https://nutrabay.com/product/nakpro-vegan-soy-protein-isolate-90-raw-pure-natural-vegetarian-plant-protein-supplement-powder/?pId=3990475
2026-08-22 09:27 IST,Nutrabay,Nakpro Nutrition,Nakpro Nutrition Platinum Soy Protein Isolate,2300,899,60.9,89.9,True,https://nutrabay.com/product/nakpro-vegan-soy-protein-isolate-90-raw-pure-natural-vegetarian-plant-protein-supplement-powder/?pId=3990475
2026-08-22 09:27 IST,Nutrabay,Optimum Nutrition,Optimum Nutrition (ON) Gold Standard Whey Protein Powder,940,940,0.0,,True,https://nutrabay.com/product/optimum-nutrition-on-100-whey-gold-standard-2/?pId=4471481
2026-08-22 09:27 IST,Nutrabay,Velbiom,Velbiom Happy Cultures Tastiest Plant Protein,1699,949,44.1,187.92,True,https://nutrabay.com/product/velbiom-happy-cultures-tastiest-plant-protein/?pId=7407265
2026-08-22 09:27 IST,Nutrabay,Velbiom,Velbiom Happy Cultures Tastiest Plant Protein,1699,949,44.1,187.92,True,https://nutrabay.com/product/velbiom-happy-cultures-tastiest-plant-protein/?pId=7407265
2026-08-22 09:27 IST,Fast&Up,Fastandup,100% Pure & Natural Moringa Powder,250.0,225.0,10.0,,True,https://in.fastandup.com/products/100-pure-natural-moringa-powder
2026-08-22 09:27 IST,Fast&Up,Fastandup,Plant Protein - Assorted Pack,270.0,243.0,10.0,,True,https://in.fastandup.com/products/fast-up-plant-protein-assorted-pack
2026-08-22 09:27 IST,Fast&Up,Fastandup,Plant Protein - Rich Chocolate - Single Serving Sachet Combo Pack (Rich Chocolate / Pack of 5),450.0,396.0,12.0,,True,https://in.fastandup.com/products/plant-protein-rich-chocolate-single-serving-sachet-combo-pack
2026-08-22 09:27 IST,Fast&Up,Fastandup,Plant Protein - Rich Chocolate - Single Serving Sachet Combo Pack (Rich Chocolate / Pack of 10),900.0,765.0,15.0,,True,https://in.fastandup.com/products/plant-protein-rich-chocolate-single-serving-sachet-combo-pack
2026-08-22 09:27 IST,Fast&Up,Fastandup,Plant Protein - Rich Chocolate – 500gms,1599.0,831.48,48.0,166.3,False,https://in.fastandup.com/products/plant-protein-powder-500gms
2026-08-22 09:27 IST,Fast&Up,Fastandup,Plant Protein - Cookies & Cream - 500g,1599.0,1103.31,31.0,220.66,True,https://in.fastandup.com/products/plant-protein-cookies-cream-500g
2026-08-22 09:27 IST,Fast&Up,Fastandup,Plant Protein - Rich Chocolate - Single Serving Sachet Combo Pack (Rich Chocolate / Pack of 15),1350.0,1107.0,18.0,,True,https://in.fastandup.com/products/plant-protein-rich-chocolate-single-serving-sachet-combo-pack
2026-08-22 09:27 IST,Fast&Up,Fastandup,Plant Protein - Alphonso Mango - 1Kg,3115.0,1619.8,48.0,161.98,False,https://in.fastandup.com/products/plant-protein-alphonso-mango-25-servings
2026-08-22 09:27 IST,Fast&Up,Fastandup,Plant Protein - Cookies & Cream - 1Kg,3115.0,1619.8,48.0,161.98,True,https://in.fastandup.com/products/plant-protein-cookies-cream-1-kg
2026-08-22 09:27 IST,Fast&Up,Fastandup,Plant Protein - Strawberry Blast - 25 Servings,3115.0,1619.8,48.0,,True,https://in.fastandup.com/products/plant-protein-strawberry-25-servings
2026-08-22 09:27 IST,Fast&Up,Fastandup,Plant Protein - Rich Chocolate - 1kg,3115.0,1619.8,48.0,161.98,True,https://in.fastandup.com/products/plant-protein-rich-chocolate-1kg
2026-08-22 09:27 IST,Fast&Up,Fastandup,Plant Protein - Kesar Kulfi - 1kg,3115.0,1819.48,41.6,181.95,False,https://in.fastandup.com/products/plant-protein-powder-special-festive-pack
2026-08-22 09:27 IST,Fast&Up,Fastandup,Plant Protein - Cookies & Cream - 500g Pack of 2,3198.0,1999.0,37.5,399.8,True,https://in.fastandup.com/products/plant-protein-cookies-cream-500g-pack-of-2
2026-08-22 09:27 IST,Fast&Up,Fastandup,Daily Fiber + Plant Protein Rich Chocolate Combo,3715.0,2299.0,38.1,,True,https://in.fastandup.com/products/daily-fiber-plant-protein-rich-chocolate-combo
2026-08-22 09:27 IST,Fast&Up,Fastandup,Plant Protein Rich Chocolate - 1kg pouch+ Plant Protein Cookies Cream- 1kg Pouch,6230.0,3239.6,48.0,323.96,True,https://in.fastandup.com/products/plant-protein-rich-chocolate-1kg-pouch-plant-protein-cookies-cream-1kg-pouch
2026-08-22 09:27 IST,OZiva,OZiva,Plant Protein + Pro-Digest (Mango),139.0,139.0,0.0,,True,https://oziva.in/products/plant-protein-pro-digest
2026-08-22 09:27 IST,OZiva,OZiva,Pro-Collagen Protein Peptides Caramel | 250g,799.0,433.0,45.8,173.2,True,https://oziva.in/products/pro-collagen-protein-peptides-caramel-250g
2026-08-22 09:27 IST,OZiva,OZiva,"Vegan Collagen, Clinically Proven (Watermelon / Starter Pack-125g)",499.0,459.0,8.0,367.2,True,https://oziva.in/products/plant-based-collagen
2026-08-22 09:27 IST,OZiva,OZiva,Plant Protein + Pro-Digest (Assorted),699.0,699.0,0.0,,True,https://oziva.in/products/plant-protein-pro-digest
2026-08-22 09:27 IST,OZiva,OZiva,Plant Protein + Pro-Digest (Chocolate),699.0,699.0,0.0,,False,https://oziva.in/products/plant-protein-pro-digest
2026-08-22 09:27 IST,OZiva,OZiva,Plant Protein + Pro-Digest (Strawberry),699.0,699.0,0.0,,False,https://oziva.in/products/plant-protein-pro-digest
2026-08-22 09:27 IST,OZiva,OZiva,Plant Protein + Pro-Digest (Vanilla),699.0,699.0,0.0,,False,https://oziva.in/products/plant-protein-pro-digest
2026-08-22 09:27 IST,OZiva,OZiva,Bioactive Plant Protein (Assorted / Starter Pack),699.0,699.0,0.0,,True,https://oziva.in/products/oziva-bioactive-plant-protein-with-25g-vegan-protein-5-5-bcaas-100-rda-vitamins-minerals-ayurvedic-herbs-for-better-endurance-stamina-muscle-recovery-1-kg
2026-08-22 09:27 IST,OZiva,OZiva,Daily Protein Activ for Women (Rich Chocolate / Starter Pack),799.0,749.0,6.3,,True,https://oziva.in/products/daily-protein-activ-for-women-with-clean-whey-protein-multivitamins-tulsi-probiotics-for-improved-everyday-energy-stamina-bone-health-immune-health
2026-08-22 09:27 IST,OZiva,OZiva,Daily Protein Activ for Women (Classic Vanilla / Starter Pack),799.0,749.0,6.3,,False,https://oziva.in/products/daily-protein-activ-for-women-with-clean-whey-protein-multivitamins-tulsi-probiotics-for-improved-everyday-energy-stamina-bone-health-immune-health
2026-08-22 09:27 IST,OZiva,OZiva,"Pro-Collagen Protein Peptides, 250 g (Starter Pack)",849.0,799.0,5.9,319.6,True,https://oziva.in/products/oziva-pro-collagen-protein-peptides-with-clean-protein-green-coffee-hyaluronic-acid-biotin-for-skin-hair-health-muscle-joint-health-protein-breakdown-caramel-250-g
2026-08-22 09:27 IST,OZiva,OZiva,"Vegan Collagen, Clinically Proven (Guava Glow / Starter Pack)",959.0,929.0,3.1,,True,https://oziva.in/products/plant-based-collagen
2026-08-22 09:27 IST,OZiva,OZiva,"Vegan Collagen, Clinically Proven (Classic / Starter Pack)",959.0,929.0,3.1,,True,https://oziva.in/products/plant-based-collagen
2026-08-22 09:27 IST,OZiva,OZiva,"Vegan Collagen, Clinically Proven (Berry Orange / Starter Pack)",959.0,929.0,3.1,,True,https://oziva.in/products/plant-based-collagen
2026-08-22 09:27 IST,OZiva,OZiva,"Vegan Collagen, Clinically Proven (Watermelon / Starter Pack)",959.0,929.0,3.1,,True,https://oziva.in/products/plant-based-collagen
2026-08-22 09:27 IST,Wellbeing Nutrition,Wellbeing Nutrition,Kids Protein Vanilla Free Sachet,79.0,79.0,0.0,,True,https://wellbeingnutrition.com/products/kids-protein-vanilla-free-sachet
2026-08-22 09:27 IST,Wellbeing Nutrition,Wellbeing Nutrition,Kids Protein Chocolate Sachet,79.0,79.0,0.0,,True,https://wellbeingnutrition.com/products/kids-protein-chocolate-sachet
2026-08-22 09:27 IST,Wellbeing Nutrition,Wellbeing Nutrition,Kids Protein Vanilla Sachet,79.0,79.0,0.0,,True,https://wellbeingnutrition.com/products/kids-protein-vanilla-sachet
2026-08-22 09:27 IST,Wellbeing Nutrition,Wellbeing Nutrition,Vegan Protein Dark Chocolate Hazelnut Sachet,150.0,150.0,0.0,,True,https://wellbeingnutrition.com/products/vegan-protein-dark-chocolate-hazelnut-sachet
2026-08-22 09:27 IST,Wellbeing Nutrition,Wellbeing Nutrition,Whey Protein Isolate Dark Chocolate Sachet (Pack of 1),160.0,160.0,0.0,,False,https://wellbeingnutrition.com/products/whey-protein-isolate-dark-chocolate-sachet
2026-08-22 09:27 IST,Wellbeing Nutrition,Wellbeing Nutrition,Whey Protein Isolate + Concentrate Mango Sachets (Pack of 1),1399.0,1399.0,0.0,,False,https://wellbeingnutrition.com/products/whey-protein-isolate-concentrate-mango-sachets
2026-08-22 09:27 IST,Wellbeing Nutrition,Wellbeing Nutrition,Plant Protein 22g | 500g | 3B CFU Probiotics | Belgian Dark Chocolate (Pack of 1),1799.0,1619.0,10.0,323.8,True,https://wellbeingnutrition.com/products/vegan-protein-belgian-chocolate
2026-08-22 09:27 IST,Wellbeing Nutrition,Wellbeing Nutrition,Plant Protein 22g | 500g | 3B CFU Probiotics | Dark Chocolate Hazelnut (Pack of 1),1799.0,1709.0,5.0,341.8,True,https://wellbeingnutrition.com/products/vegan-protein-dark-chocolate-hazelnut
2026-08-22 09:27 IST,Wellbeing Nutrition,Wellbeing Nutrition,Plant Protein 22g | 500g | 3B CFU Probiotics | Italian Cafe Mocha (Pack of 1),1799.0,1709.0,5.0,341.8,False,https://wellbeingnutrition.com/products/vegan-protein-italian-cafe-mocha
2026-08-22 09:27 IST,Wellbeing Nutrition,Wellbeing Nutrition,Plant Protein 22g | 500g | 3B CFU Probiotics | French Vanilla Caramel (Pack of 1),1799.0,1709.0,5.0,341.8,True,https://wellbeingnutrition.com/products/vegan-protein-french-vanilla-caramel
2026-08-22 09:27 IST,Wellbeing Nutrition,Wellbeing Nutrition,Plant Protein 22g | 500g | 3B CFU Probiotics | Canadian Mixed Berry (Pack of 1),1799.0,1709.0,5.0,341.8,True,https://wellbeingnutrition.com/products/vegan-protein-canadian-mixed-berry
2026-08-22 09:27 IST,Wellbeing Nutrition,Wellbeing Nutrition,Her Superfood Plant Protein | Chocolate Peanut Butter (Pack of 1),1799.0,1709.0,5.0,,True,https://wellbeingnutrition.com/products/superfood-plant-protein-powder-for-women
2026-08-22 09:27 IST,Wellbeing Nutrition,Wellbeing Nutrition,Superfood Plant Protein | British Banoffee Pie (Pack of 1),1799.0,1709.0,5.0,,True,https://wellbeingnutrition.com/products/superfood-plant-protein-powder-in-banoffee-pie
2026-08-22 09:27 IST,Wellbeing Nutrition,Wellbeing Nutrition,Whey Protein Isolate + Concentrate Mango Sachets (Pack of 2),2798.0,2798.0,0.0,,False,https://wellbeingnutrition.com/products/whey-protein-isolate-concentrate-mango-sachets
2026-08-22 09:27 IST,Wellbeing Nutrition,Wellbeing Nutrition,Plant Protein 22g | 907g | 3B CFU Probiotics | Belgian Dark Chocolate (Pack of 1),3399.0,3059.0,10.0,337.27,True,https://wellbeingnutrition.com/products/vegan-protein-belgian-dark-chocolate-probiotics
2026-08-22 09:27 IST,AS-IT-IS Nutrition,AS-IT-IS Nutrition,AS-IT-IS Brown Rice Protein | 27g Protein Per Serving (35g),175.0,122.0,30.3,,True,https://asitisnutrition.com/products/as-it-is-nutrition-brown-rice-protein-80-designed-as-meal-supplement-lab-tested-unflavoured
2026-08-22 09:27 IST,AS-IT-IS Nutrition,AS-IT-IS Nutrition,AS-IT-IS ONE Pea Protein Isolate| 29g Protein Per Serving| Plant Based Protein Powder (36g-Sachet),175.0,122.0,30.3,,False,https://asitisnutrition.com/products/as-it-is-nutrition-pea-protein-isolate-powder
2026-08-22 09:27 IST,AS-IT-IS Nutrition,AS-IT-IS Nutrition,AS-IT-IS Soy Protein Isolate | 30g Protein Per Serving (35g),175.0,122.0,30.3,,True,https://asitisnutrition.com/products/as-it-is-nutrition-buy-soy-protein-isolate-powder-in-india
2026-08-22 09:27 IST,AS-IT-IS Nutrition,AS-IT-IS Nutrition,ATOM Beginners Whey Protein | Supports Muscle-building | Supports Body Strength (Choco Hazel Fusion / 37g),203.0,131.0,35.5,,True,https://asitisnutrition.com/products/atom-beginners-whey-protein
2026-08-22 09:27 IST,AS-IT-IS Nutrition,AS-IT-IS Nutrition,ATOM Performance Whey  | With Safed Musli (Double Rich Chocolate / 45g),220.0,140.0,36.4,,True,https://asitisnutrition.com/products/as-it-is-atom-performance-whey-1kg-with-safed-musli-for-faster-recovery-highly-bioavailable
2026-08-22 09:27 IST,AS-IT-IS Nutrition,AS-IT-IS Nutrition,ATOM Performance Whey  | With Safed Musli (Pista Fusion / 45g),2485.0,140.0,94.4,,False,https://asitisnutrition.com/products/as-it-is-atom-performance-whey-1kg-with-safed-musli-for-faster-recovery-highly-bioavailable
2026-08-22 09:27 IST,AS-IT-IS Nutrition,AS-IT-IS Nutrition,ATOM Performance Whey  | With Safed Musli (Cafe Latte / 45g),2485.0,140.0,94.4,,False,https://asitisnutrition.com/products/as-it-is-atom-performance-whey-1kg-with-safed-musli-for-faster-recovery-highly-bioavailable
2026-08-22 09:27 IST,AS-IT-IS Nutrition,AS-IT-IS Nutrition,ATOM Performance Whey  | With Safed Musli (Cookie delight / 45g),2485.0,140.0,94.4,,False,https://asitisnutrition.com/products/as-it-is-atom-performance-whey-1kg-with-safed-musli-for-faster-recovery-highly-bioavailable
2026-08-22 09:27 IST,AS-IT-IS Nutrition,AS-IT-IS Nutrition,ATOM Performance Whey  | With Safed Musli (Choco hazel fusion / 45g),2485.0,140.0,94.4,,False,https://asitisnutrition.com/products/as-it-is-atom-performance-whey-1kg-with-safed-musli-for-faster-recovery-highly-bioavailable
2026-08-22 09:27 IST,AS-IT-IS Nutrition,AS-IT-IS Nutrition,ATOM Whey Protein (Double Rich Chocolate / (36g Travel Sachet)),262.0,167.0,36.3,463.89,True,https://asitisnutrition.com/products/atom-whey-protein
2026-08-22 09:27 IST,AS-IT-IS Nutrition,AS-IT-IS Nutrition,"AS-IT-IS ONE Whey Protein Concentrate I Single Ingredient | 28g Protein, Unflavoured 35g (35g Sachet (Pack of 1))",305.0,178.0,41.6,593.33,True,https://asitisnutrition.com/products/whey-protein-30g-sachet
2026-08-22 09:27 IST,AS-IT-IS Nutrition,AS-IT-IS Nutrition,ATOM NITRO WHEY WITH CREASURE® (Double Rich Chocolate / 45g),289.0,185.0,36.0,,True,https://asitisnutrition.com/products/atom-nitro-whey-with-creatine-i-33g-protein-3g-creatine-7-4g-bcaa
2026-08-22 09:27 IST,AS-IT-IS Nutrition,AS-IT-IS Nutrition,ATOM NITRO WHEY WITH CREASURE® (Kesar Kulfi / 45g),3407.0,185.0,94.6,,False,https://asitisnutrition.com/products/atom-nitro-whey-with-creatine-i-33g-protein-3g-creatine-7-4g-bcaa
2026-08-22 09:27 IST,AS-IT-IS Nutrition,AS-IT-IS Nutrition,ATOM NITRO WHEY WITH CREASURE® (Classic Vanilla / 45g),3407.0,185.0,94.6,,False,https://asitisnutrition.com/products/atom-nitro-whey-with-creatine-i-33g-protein-3g-creatine-7-4g-bcaa
2026-08-22 09:27 IST,AS-IT-IS Nutrition,AS-IT-IS Nutrition,"AS-IT-IS ONE Whey Protein Concentrate I Single Ingredient | 28g Protein, Unflavoured 35g (35g Sachet (Pack of 1) + Shaker)",438.0,303.0,30.8,1010.0,False,https://asitisnutrition.com/products/whey-protein-30g-sachet
2026-08-22 09:27 IST,MyFitness,MYFITNESS,MyFitness Peanut Butter - Chocolate | 26% Protein | Crispy | Chocolate Peanut Butter Spread (227g),159.0,149.0,6.3,65.64,True,https://myfitness.co.in/products/chocolate-crispy
2026-08-22 09:27 IST,MyFitness,MYFITNESS,"Pro.Fitness High Protein Chocolate Oats | Dark Chocolate | Healthy Oats With Nuts, Seeds & Added Whey (375g)",339.0,219.0,35.4,58.4,True,https://myfitness.co.in/products/high-protein-oats-900g-27g-protein
2026-08-22 09:27 IST,MyFitness,MYFITNESS,Pro.Fitness Rolled Oats | 13% Protein | Healthy Oats With High Fiber and Zero Cholesterol (900g),320.0,269.0,15.9,,True,https://myfitness.co.in/products/pro-fitness-rolled-oats-900g
2026-08-22 09:27 IST,MyFitness,myfitness-official-store,MyFitness Peanut Butter - Classic Zero | 28% Protein | Extra Crunchy | Zero Sugar Peanut Spread (510 g),349.0,275.0,21.2,53.92,True,https://myfitness.co.in/products/myfitness-zero-peanut-butter-crunchy-510g
2026-08-22 09:27 IST,MyFitness,myfitness-official-store,MyFitness Peanut Butter - Chocolate | 26% Protein | Crunchy | Chocolate Peanut Butter Spread (510 g),319.0,275.0,13.8,45.08,True,https://myfitness.co.in/products/myfitness-chocolate-peanut-butter-crunchy
2026-08-22 09:27 IST,MyFitness,myfitness-official-store,MyFitness Peanut Butter - Natural Unsweetened | 31% Protein | Crunchy | Zero Sugar Peanut Butter Spread (510 g),319.0,275.0,13.8,45.08,True,https://myfitness.co.in/products/myfitness-all-natural-peanut-butter-crunchy
2026-08-22 09:27 IST,MyFitness,myfitness-official-store,MyFitness Peanut Butter - Natural Unsweetened | 25% Protein | Smooth | Zero Sugar Peanut Butter Spread (510 g),319.0,275.0,13.8,45.08,True,https://myfitness.co.in/products/myfitness-all-natural-peanut-butter-smooth
2026-08-22 09:27 IST,MyFitness,myfitness-official-store,MyFitness Peanut Butter - Chocolate | 26% Protein | Crispy | Chocolate Peanut Butter Spread (510 g),319.0,275.0,13.8,45.08,True,https://myfitness.co.in/products/myfitness-chocolate-peanut-butter-crispy
2026-08-22 09:27 IST,MyFitness,myfitness-official-store,MyFitness Peanut Butter - Chocolate | 28% Protein | Smooth | Chocolate Peanut Butter Spread (510 g),319.0,275.0,13.8,45.08,True,https://myfitness.co.in/products/myfitness-chocolate-peanut-butter-smooth
2026-08-22 09:27 IST,MyFitness,myfitness-official-store,MyFitness Peanut Butter - Original | 28% Protein | Crunchy | Classic Peanut Butter Spread (510 g),319.0,275.0,13.8,45.08,True,https://myfitness.co.in/products/myfitness-original-peanut-butter-crunchy
2026-08-22 09:27 IST,MyFitness,myfitness-official-store,MyFitness Peanut Butter - Original | 28% Protein | Smooth | Classic Peanut Butter Spread (510 g),319.0,275.0,13.8,45.08,True,https://myfitness.co.in/products/myfitness-original-peanut-butter-smooth
2026-08-22 09:27 IST,MyFitness,MYFITNESS,MyFitness Peanut Butter - Chocolate | 25% Protein | Almond Crunch | Chocolate Peanut Butter Spread (510 g),379.0,279.0,26.4,54.71,True,https://myfitness.co.in/products/myfitness-chocolate-peanut-butter-with-almond-crunch
2026-08-22 09:27 IST,MyFitness,myfitness-official-store,MyFitness Peanut Butter - Chocolate | 26% Protein | Crunchy | Chocolate Peanut Butter Spread (900g),499.0,399.0,20.0,39.9,True,https://myfitness.co.in/products/myfitness-chocolate-peanut-butter-crunchy
2026-08-22 09:27 IST,MyFitness,myfitness-official-store,MyFitness Peanut Butter - Chocolate | 28% Protein | Smooth | Chocolate Peanut Butter Spread (900g),499.0,399.0,20.0,39.9,True,https://myfitness.co.in/products/myfitness-chocolate-peanut-butter-smooth
2026-08-22 09:27 IST,MyFitness,myfitness-official-store,MyFitness Peanut Butter - Original | 28% Protein | Crunchy | Classic Peanut Butter Spread (900g),499.0,399.0,20.0,44.33,True,https://myfitness.co.in/products/myfitness-original-peanut-butter-crunchy
2026-08-22 09:27 IST,Naturaltein,naturaltein,The Protein Dessert E-Cook Book by Naturaltein,599.0,399.0,33.4,,True,https://naturaltein.in/products/the-protein-dessert-e-cook-book-by-naturaltein
2026-08-22 09:27 IST,Naturaltein,naturaltein,Natural Plant Protein (Chocolate / 1 Box (500 g)),3000.0,1112.0,62.9,222.4,True,https://naturaltein.in/products/plant-protein
2026-08-22 09:27 IST,Naturaltein,naturaltein,Natural Plant Protein (Mango / 1 Box (500 g)),3000.0,1112.0,62.9,222.4,True,https://naturaltein.in/products/plant-protein
2026-08-22 09:27 IST,Naturaltein,naturaltein,Natural Plant Protein (Berry / 1 Box (500 g)),3000.0,1112.0,62.9,222.4,True,https://naturaltein.in/products/plant-protein
2026-08-22 09:27 IST,Naturaltein,naturaltein,Natural Plant Protein (Pista / 1 Box (500 g)),3000.0,1112.0,62.9,222.4,True,https://naturaltein.in/products/plant-protein
2026-08-22 09:27 IST,Naturaltein,naturaltein,Natural Plant Protein (Coffee / 1 Box (500 g)),3000.0,1112.0,62.9,222.4,True,https://naturaltein.in/products/plant-protein
2026-08-22 09:27 IST,Naturaltein,naturaltein,Natural Whey Protein Concentrate (Italian Ice Cream / 1 Box (300 g)),1424.0,1299.0,8.8,433.0,False,https://naturaltein.in/products/whey-protein-concentrate
2026-08-22 09:27 IST,Naturaltein,naturaltein,Natural Whey Protein Concentrate (Chocolate Biscoff / 1 Box (300 g)),1424.0,1399.0,1.8,466.33,False,https://naturaltein.in/products/whey-protein-concentrate
2026-08-22 09:27 IST,Naturaltein,naturaltein,Natural Whey Protein Concentrate (Chocolate Caramel / 1 Box (300 g)),1424.0,1399.0,1.8,466.33,False,https://naturaltein.in/products/whey-protein-concentrate
2026-08-22 09:27 IST,Naturaltein,naturaltein,Natural Whey Protein Concentrate (Chocolate / 1 Box (300 g)),2500.0,1524.0,39.0,508.0,True,https://naturaltein.in/products/whey-protein-concentrate
2026-08-22 09:27 IST,Naturaltein,naturaltein,Natural Whey Protein Concentrate (Unflavoured / 1 Box (300 g)),2500.0,1524.0,39.0,508.0,True,https://naturaltein.in/products/whey-protein-concentrate
2026-08-22 09:27 IST,Naturaltein,naturaltein,Natural Whey Protein Concentrate (Caffe Mocha / 1 Box (300 g)),2500.0,1524.0,39.0,508.0,True,https://naturaltein.in/products/whey-protein-concentrate
2026-08-22 09:27 IST,Naturaltein,naturaltein,Natural Plant Protein (Chocolate / 2 Boxes (1 kg)),6000.0,1600.0,73.3,160.0,True,https://naturaltein.in/products/plant-protein
2026-08-22 09:27 IST,Naturaltein,naturaltein,Natural Plant Protein (Mango / 2 Boxes (1 kg)),6000.0,1600.0,73.3,160.0,True,https://naturaltein.in/products/plant-protein
2026-08-22 09:27 IST,Naturaltein,naturaltein,Natural Plant Protein (Berry / 2 Boxes (1 kg)),6000.0,1600.0,73.3,160.0,True,https://naturaltein.in/products/plant-protein
2026-08-22 09:27 IST,GNC India,GNC India,GNC Superfood Plant Isolate 35 gram (35gm / Chocolate),149.0,1.0,99.3,,True,https://gnc.in/products/gnc-superfood-plant-isolate-35-gram
2026-08-22 09:27 IST,GNC India,GNC India,GNC Superfood Plant Isolate 35 gram (35gm / Coffee),149.0,1.0,99.3,,True,https://gnc.in/products/gnc-superfood-plant-isolate-35-gram
2026-08-22 09:27 IST,GNC India,GNC India,GNC Superfood Plant Isolate 35 gram (35gm / Mango),149.0,1.0,99.3,,True,https://gnc.in/products/gnc-superfood-plant-isolate-35-gram
2026-08-22 09:27 IST,GNC India,GNC India,GNC Superfood Plant Isolate 35 gram (35gm / Vanilla),149.0,1.0,99.3,,False,https://gnc.in/products/gnc-superfood-plant-isolate-35-gram
2026-08-22 09:27 IST,GNC India,GNC India,PP Protein Wafer Bar Mini 20gm (Chocolate / 20 gm),60.0,40.0,33.3,200.0,True,https://gnc.in/products/pp-protein-wafer-bar-mini-20gm
2026-08-22 09:27 IST,GNC India,GNC India,PP Protein Wafer Bar Mini 20gm (Coffee / 20 gm),60.0,40.0,33.3,200.0,True,https://gnc.in/products/pp-protein-wafer-bar-mini-20gm
2026-08-22 09:27 IST,GNC India,GNC India,PP Protein Wafer Bar Mini 20gm (Peanut Butter / 20 gm),60.0,40.0,33.3,200.0,True,https://gnc.in/products/pp-protein-wafer-bar-mini-20gm
2026-08-22 09:27 IST,GNC India,GNC,GNC Protein Wafer Bar (Chocolate) (Pack of 1 / Chocolate),59.0,55.0,6.8,,True,https://gnc.in/products/gnc-protein-wafer-bar-chocolate
2026-08-22 09:27 IST,GNC India,GNC,GNC Protein Wafer Bar (Peanut butter) (Pack of 1 / Peanut Butter),59.0,55.0,6.8,,True,https://gnc.in/products/gnc-protein-wafer-bar-peanut-butter
2026-08-22 09:27 IST,GNC India,GNC,GNC Protein Wafer Bar (Coffee) (Pack of 1 / Coffee),59.0,55.0,6.8,,True,https://gnc.in/products/gnc-protein-wafer-bar-coffee
2026-08-22 09:27 IST,GNC India,GNC,GNC Protein Wafer Bar (40g / Chocolate),60.0,55.0,8.3,137.5,True,https://gnc.in/products/gnc-protein-wafer-bar-upsell
2026-08-22 09:27 IST,GNC India,GNC India,GNC Select Fermented Yeast Protein Isolate (35gm) (35 gm / Chocolate),149.0,65.0,56.4,185.71,True,https://gnc.in/products/gnc-select-fermented-yeast-protein-isolate-35gm
2026-08-22 09:27 IST,GNC India,GNC India,GNC Select Fermented Yeast Protein Isolate (35gm) (35 gm / Coffee),149.0,65.0,56.4,185.71,True,https://gnc.in/products/gnc-select-fermented-yeast-protein-isolate-35gm
2026-08-22 09:27 IST,GNC India,GNC India,GNC Select Fermented Yeast Protein Isolate (35gm) (35 gm / Vanilla),149.0,65.0,56.4,185.71,True,https://gnc.in/products/gnc-select-fermented-yeast-protein-isolate-35gm
2026-08-22 09:27 IST,GNC India,GNC India,GNC Select Fermented Yeast Protein Isolate (35 gm / Chocolate),149.0,69.0,53.7,197.14,True,https://gnc.in/products/gnc-select-fermented-yeast-protein
2026-08-23 09:33 IST,Nutrabay,Nutrabay,Nutrabay Gold Pea Protein,69,69,0.0,172.5,True,https://nutrabay.com/product/nutrabay-gold-hydrolyzed-pea-protein/?pId=3302532
2026-08-23 09:33 IST,Nutrabay,Nutrabay,Nutrabay Gold Pea Protein,69,69,0.0,172.5,True,https://nutrabay.com/product/nutrabay-gold-hydrolyzed-pea-protein/?pId=3302532
2026-08-23 09:33 IST,Nutrabay,Nutrabay,Nutrabay Gold Pea Protein,69,69,0.0,172.5,True,https://nutrabay.com/product/nutrabay-gold-hydrolyzed-pea-protein/?pId=3302532
2026-08-23 09:33 IST,Nutrabay,Velbiom,Velbiom Happy Cultures Tastiest Plant Protein,600,499,16.8,346.53,True,https://nutrabay.com/product/velbiom-happy-cultures-tastiest-plant-protein/?pId=7407265
2026-08-23 09:33 IST,Nutrabay,TruNativ,TruNativ Plant Based Everyday Protein - Protein You Can Cook With!,699,599,14.3,363.03,True,https://nutrabay.com/product/trunativ-plant-based-everyday-protein-protein-you-can-cook-with/?pId=9485223
2026-08-23 09:33 IST,Nutrabay,Nutrabay,Nutrabay Pure Pea Protein Isolate,669,649,3.0,129.8,True,https://nutrabay.com/product/nutrabay-pure-100-pea-protein-isolate/?pId=4537768
2026-08-23 09:33 IST,Nutrabay,Nutrabay,Nutrabay Wellness Vegan Plant Protein Powder + Superfoods,1199,799,33.4,159.8,True,https://nutrabay.com/product/nutrabay-wellness-vegan-plant-protein-powder-superfoods/?pId=4698878
2026-08-23 09:33 IST,Nutrabay,Nutrabay,Nutrabay Wellness Vegan Plant Protein Powder + Superfoods,1199,799,33.4,159.8,True,https://nutrabay.com/product/nutrabay-wellness-vegan-plant-protein-powder-superfoods/?pId=4698878
2026-08-23 09:33 IST,Nutrabay,Nutrabay,Nutrabay BioAbsorb™ Whey Protein Powder | Clinically Tested 54% Better Protein Absorption | 26g Protein/Scoop | India's 1st Protein with ProDiFi™ for No Bloating | No Added Sugar,859,859,0.0,474.59,True,https://nutrabay.com/product/nutrabay-bioabsorb-whey-protein/?pId=8042444
2026-08-23 09:33 IST,Nutrabay,Nakpro Nutrition,Nakpro Nutrition Platinum Soy Protein Isolate,2050,899,56.1,89.9,True,https://nutrabay.com/product/nakpro-vegan-soy-protein-isolate-90-raw-pure-natural-vegetarian-plant-protein-supplement-powder/?pId=3990475
2026-08-23 09:33 IST,Nutrabay,Nakpro Nutrition,Nakpro Nutrition Platinum Soy Protein Isolate,2050,899,56.1,89.9,True,https://nutrabay.com/product/nakpro-vegan-soy-protein-isolate-90-raw-pure-natural-vegetarian-plant-protein-supplement-powder/?pId=3990475
2026-08-23 09:33 IST,Nutrabay,Nakpro Nutrition,Nakpro Nutrition Platinum Soy Protein Isolate,2300,899,60.9,89.9,True,https://nutrabay.com/product/nakpro-vegan-soy-protein-isolate-90-raw-pure-natural-vegetarian-plant-protein-supplement-powder/?pId=3990475
2026-08-23 09:33 IST,Nutrabay,Optimum Nutrition,Optimum Nutrition (ON) Gold Standard Whey Protein Powder,940,940,0.0,,True,https://nutrabay.com/product/optimum-nutrition-on-100-whey-gold-standard-2/?pId=4471481
2026-08-23 09:33 IST,Nutrabay,Velbiom,Velbiom Happy Cultures Tastiest Plant Protein,1699,949,44.1,187.92,True,https://nutrabay.com/product/velbiom-happy-cultures-tastiest-plant-protein/?pId=7407265
2026-08-23 09:33 IST,Nutrabay,Velbiom,Velbiom Happy Cultures Tastiest Plant Protein,1699,949,44.1,187.92,True,https://nutrabay.com/product/velbiom-happy-cultures-tastiest-plant-protein/?pId=7407265
2026-08-23 09:33 IST,Fast&Up,Fastandup,100% Pure & Natural Moringa Powder,250.0,225.0,10.0,,True,https://in.fastandup.com/products/100-pure-natural-moringa-powder
2026-08-23 09:33 IST,Fast&Up,Fastandup,Plant Protein - Assorted Pack,270.0,243.0,10.0,,True,https://in.fastandup.com/products/fast-up-plant-protein-assorted-pack
2026-08-23 09:33 IST,Fast&Up,Fastandup,Plant Protein - Rich Chocolate - Single Serving Sachet Combo Pack (Rich Chocolate / Pack of 5),450.0,396.0,12.0,,True,https://in.fastandup.com/products/plant-protein-rich-chocolate-single-serving-sachet-combo-pack
2026-08-23 09:33 IST,Fast&Up,Fastandup,Plant Protein - Rich Chocolate - Single Serving Sachet Combo Pack (Rich Chocolate / Pack of 10),900.0,765.0,15.0,,True,https://in.fastandup.com/products/plant-protein-rich-chocolate-single-serving-sachet-combo-pack
2026-08-23 09:33 IST,Fast&Up,Fastandup,Plant Protein - Rich Chocolate – 500gms,1599.0,831.48,48.0,166.3,False,https://in.fastandup.com/products/plant-protein-powder-500gms
2026-08-23 09:33 IST,Fast&Up,Fastandup,Plant Protein - Cookies & Cream - 500g,1599.0,1103.31,31.0,220.66,True,https://in.fastandup.com/products/plant-protein-cookies-cream-500g
2026-08-23 09:33 IST,Fast&Up,Fastandup,Plant Protein - Rich Chocolate - Single Serving Sachet Combo Pack (Rich Chocolate / Pack of 15),1350.0,1107.0,18.0,,True,https://in.fastandup.com/products/plant-protein-rich-chocolate-single-serving-sachet-combo-pack
2026-08-23 09:33 IST,Fast&Up,Fastandup,Plant Protein - Alphonso Mango - 1Kg,3115.0,1619.8,48.0,161.98,False,https://in.fastandup.com/products/plant-protein-alphonso-mango-25-servings
2026-08-23 09:33 IST,Fast&Up,Fastandup,Plant Protein - Cookies & Cream - 1Kg,3115.0,1619.8,48.0,161.98,True,https://in.fastandup.com/products/plant-protein-cookies-cream-1-kg
2026-08-23 09:33 IST,Fast&Up,Fastandup,Plant Protein - Strawberry Blast - 25 Servings,3115.0,1619.8,48.0,,True,https://in.fastandup.com/products/plant-protein-strawberry-25-servings
2026-08-23 09:33 IST,Fast&Up,Fastandup,Plant Protein - Rich Chocolate - 1kg,3115.0,1619.8,48.0,161.98,True,https://in.fastandup.com/products/plant-protein-rich-chocolate-1kg
2026-08-23 09:33 IST,Fast&Up,Fastandup,Plant Protein - Kesar Kulfi - 1kg,3115.0,1819.48,41.6,181.95,False,https://in.fastandup.com/products/plant-protein-powder-special-festive-pack
2026-08-23 09:33 IST,Fast&Up,Fastandup,Plant Protein - Cookies & Cream - 500g Pack of 2,3198.0,1999.0,37.5,399.8,True,https://in.fastandup.com/products/plant-protein-cookies-cream-500g-pack-of-2
2026-08-23 09:33 IST,Fast&Up,Fastandup,Daily Fiber + Plant Protein Rich Chocolate Combo,3715.0,2299.0,38.1,,True,https://in.fastandup.com/products/daily-fiber-plant-protein-rich-chocolate-combo
2026-08-23 09:33 IST,Fast&Up,Fastandup,Plant Protein Rich Chocolate - 1kg pouch+ Plant Protein Cookies Cream- 1kg Pouch,6230.0,3239.6,48.0,323.96,True,https://in.fastandup.com/products/plant-protein-rich-chocolate-1kg-pouch-plant-protein-cookies-cream-1kg-pouch
2026-08-23 09:33 IST,OZiva,OZiva,Plant Protein + Pro-Digest (Mango),139.0,139.0,0.0,,True,https://oziva.in/products/plant-protein-pro-digest
2026-08-23 09:33 IST,OZiva,OZiva,Pro-Collagen Protein Peptides Caramel | 250g,799.0,433.0,45.8,173.2,True,https://oziva.in/products/pro-collagen-protein-peptides-caramel-250g
2026-08-23 09:33 IST,OZiva,OZiva,"Vegan Collagen, Clinically Proven (Watermelon / Starter Pack-125g)",499.0,459.0,8.0,367.2,True,https://oziva.in/products/plant-based-collagen
2026-08-23 09:33 IST,OZiva,OZiva,Plant Protein + Pro-Digest (Assorted),699.0,699.0,0.0,,True,https://oziva.in/products/plant-protein-pro-digest
2026-08-23 09:33 IST,OZiva,OZiva,Plant Protein + Pro-Digest (Chocolate),699.0,699.0,0.0,,False,https://oziva.in/products/plant-protein-pro-digest
2026-08-23 09:33 IST,OZiva,OZiva,Plant Protein + Pro-Digest (Strawberry),699.0,699.0,0.0,,False,https://oziva.in/products/plant-protein-pro-digest
2026-08-23 09:33 IST,OZiva,OZiva,Plant Protein + Pro-Digest (Vanilla),699.0,699.0,0.0,,False,https://oziva.in/products/plant-protein-pro-digest
2026-08-23 09:33 IST,OZiva,OZiva,Bioactive Plant Protein (Assorted / Starter Pack),699.0,699.0,0.0,,True,https://oziva.in/products/oziva-bioactive-plant-protein-with-25g-vegan-protein-5-5-bcaas-100-rda-vitamins-minerals-ayurvedic-herbs-for-better-endurance-stamina-muscle-recovery-1-kg
2026-08-23 09:33 IST,OZiva,OZiva,Daily Protein Activ for Women (Rich Chocolate / Starter Pack),799.0,749.0,6.3,,True,https://oziva.in/products/daily-protein-activ-for-women-with-clean-whey-protein-multivitamins-tulsi-probiotics-for-improved-everyday-energy-stamina-bone-health-immune-health
2026-08-23 09:33 IST,OZiva,OZiva,Daily Protein Activ for Women (Classic Vanilla / Starter Pack),799.0,749.0,6.3,,False,https://oziva.in/products/daily-protein-activ-for-women-with-clean-whey-protein-multivitamins-tulsi-probiotics-for-improved-everyday-energy-stamina-bone-health-immune-health
2026-08-23 09:33 IST,OZiva,OZiva,"Pro-Collagen Protein Peptides, 250 g (Starter Pack)",849.0,799.0,5.9,319.6,True,https://oziva.in/products/oziva-pro-collagen-protein-peptides-with-clean-protein-green-coffee-hyaluronic-acid-biotin-for-skin-hair-health-muscle-joint-health-protein-breakdown-caramel-250-g
2026-08-23 09:33 IST,OZiva,OZiva,"Vegan Collagen, Clinically Proven (Guava Glow / Starter Pack)",959.0,929.0,3.1,,True,https://oziva.in/products/plant-based-collagen
2026-08-23 09:33 IST,OZiva,OZiva,"Vegan Collagen, Clinically Proven (Classic / Starter Pack)",959.0,929.0,3.1,,True,https://oziva.in/products/plant-based-collagen
2026-08-23 09:33 IST,OZiva,OZiva,"Vegan Collagen, Clinically Proven (Berry Orange / Starter Pack)",959.0,929.0,3.1,,True,https://oziva.in/products/plant-based-collagen
2026-08-23 09:33 IST,OZiva,OZiva,"Vegan Collagen, Clinically Proven (Watermelon / Starter Pack)",959.0,929.0,3.1,,True,https://oziva.in/products/plant-based-collagen
2026-08-23 09:33 IST,Wellbeing Nutrition,Wellbeing Nutrition,Kids Protein Vanilla Free Sachet,79.0,79.0,0.0,,True,https://wellbeingnutrition.com/products/kids-protein-vanilla-free-sachet
2026-08-23 09:33 IST,Wellbeing Nutrition,Wellbeing Nutrition,Kids Protein Chocolate Sachet,79.0,79.0,0.0,,True,https://wellbeingnutrition.com/products/kids-protein-chocolate-sachet
2026-08-23 09:33 IST,Wellbeing Nutrition,Wellbeing Nutrition,Kids Protein Vanilla Sachet,79.0,79.0,0.0,,True,https://wellbeingnutrition.com/products/kids-protein-vanilla-sachet
2026-08-23 09:33 IST,Wellbeing Nutrition,Wellbeing Nutrition,Vegan Protein Dark Chocolate Hazelnut Sachet,150.0,150.0,0.0,,True,https://wellbeingnutrition.com/products/vegan-protein-dark-chocolate-hazelnut-sachet
2026-08-23 09:33 IST,Wellbeing Nutrition,Wellbeing Nutrition,Whey Protein Isolate Dark Chocolate Sachet (Pack of 1),160.0,160.0,0.0,,False,https://wellbeingnutrition.com/products/whey-protein-isolate-dark-chocolate-sachet
2026-08-23 09:33 IST,Wellbeing Nutrition,Wellbeing Nutrition,Whey Protein Isolate + Concentrate Mango Sachets (Pack of 1),1399.0,1399.0,0.0,,False,https://wellbeingnutrition.com/products/whey-protein-isolate-concentrate-mango-sachets
2026-08-23 09:33 IST,Wellbeing Nutrition,Wellbeing Nutrition,Plant Protein 22g | 500g | 3B CFU Probiotics | Belgian Dark Chocolate (Pack of 1),1799.0,1619.0,10.0,323.8,True,https://wellbeingnutrition.com/products/vegan-protein-belgian-chocolate
2026-08-23 09:33 IST,Wellbeing Nutrition,Wellbeing Nutrition,Plant Protein 22g | 500g | 3B CFU Probiotics | Dark Chocolate Hazelnut (Pack of 1),1799.0,1709.0,5.0,341.8,True,https://wellbeingnutrition.com/products/vegan-protein-dark-chocolate-hazelnut
2026-08-23 09:33 IST,Wellbeing Nutrition,Wellbeing Nutrition,Plant Protein 22g | 500g | 3B CFU Probiotics | Italian Cafe Mocha (Pack of 1),1799.0,1709.0,5.0,341.8,False,https://wellbeingnutrition.com/products/vegan-protein-italian-cafe-mocha
2026-08-23 09:33 IST,Wellbeing Nutrition,Wellbeing Nutrition,Plant Protein 22g | 500g | 3B CFU Probiotics | French Vanilla Caramel (Pack of 1),1799.0,1709.0,5.0,341.8,True,https://wellbeingnutrition.com/products/vegan-protein-french-vanilla-caramel
2026-08-23 09:33 IST,Wellbeing Nutrition,Wellbeing Nutrition,Plant Protein 22g | 500g | 3B CFU Probiotics | Canadian Mixed Berry (Pack of 1),1799.0,1709.0,5.0,341.8,True,https://wellbeingnutrition.com/products/vegan-protein-canadian-mixed-berry
2026-08-23 09:33 IST,Wellbeing Nutrition,Wellbeing Nutrition,Her Superfood Plant Protein | Chocolate Peanut Butter (Pack of 1),1799.0,1709.0,5.0,,True,https://wellbeingnutrition.com/products/superfood-plant-protein-powder-for-women
2026-08-23 09:33 IST,Wellbeing Nutrition,Wellbeing Nutrition,Superfood Plant Protein | British Banoffee Pie (Pack of 1),1799.0,1709.0,5.0,,True,https://wellbeingnutrition.com/products/superfood-plant-protein-powder-in-banoffee-pie
2026-08-23 09:33 IST,Wellbeing Nutrition,Wellbeing Nutrition,Whey Protein Isolate + Concentrate Mango Sachets (Pack of 2),2798.0,2798.0,0.0,,False,https://wellbeingnutrition.com/products/whey-protein-isolate-concentrate-mango-sachets
2026-08-23 09:33 IST,Wellbeing Nutrition,Wellbeing Nutrition,Plant Protein 22g | 907g | 3B CFU Probiotics | Belgian Dark Chocolate (Pack of 1),3399.0,3059.0,10.0,337.27,True,https://wellbeingnutrition.com/products/vegan-protein-belgian-dark-chocolate-probiotics
2026-08-23 09:33 IST,AS-IT-IS Nutrition,AS-IT-IS Nutrition,AS-IT-IS Brown Rice Protein | 27g Protein Per Serving (35g),175.0,122.0,30.3,,True,https://asitisnutrition.com/products/as-it-is-nutrition-brown-rice-protein-80-designed-as-meal-supplement-lab-tested-unflavoured
2026-08-23 09:33 IST,AS-IT-IS Nutrition,AS-IT-IS Nutrition,AS-IT-IS ONE Pea Protein Isolate| 29g Protein Per Serving| Plant Based Protein Powder (36g-Sachet),175.0,122.0,30.3,,False,https://asitisnutrition.com/products/as-it-is-nutrition-pea-protein-isolate-powder
2026-08-23 09:33 IST,AS-IT-IS Nutrition,AS-IT-IS Nutrition,AS-IT-IS Soy Protein Isolate | 30g Protein Per Serving (35g),175.0,122.0,30.3,,True,https://asitisnutrition.com/products/as-it-is-nutrition-buy-soy-protein-isolate-powder-in-india
2026-08-23 09:33 IST,AS-IT-IS Nutrition,AS-IT-IS Nutrition,ATOM Beginners Whey Protein | Supports Muscle-building | Supports Body Strength (Choco Hazel Fusion / 37g),203.0,131.0,35.5,,True,https://asitisnutrition.com/products/atom-beginners-whey-protein
2026-08-23 09:33 IST,AS-IT-IS Nutrition,AS-IT-IS Nutrition,ATOM Performance Whey  | With Safed Musli (Double Rich Chocolate / 45g),220.0,140.0,36.4,,True,https://asitisnutrition.com/products/as-it-is-atom-performance-whey-1kg-with-safed-musli-for-faster-recovery-highly-bioavailable
2026-08-23 09:33 IST,AS-IT-IS Nutrition,AS-IT-IS Nutrition,ATOM Performance Whey  | With Safed Musli (Pista Fusion / 45g),2485.0,140.0,94.4,,False,https://asitisnutrition.com/products/as-it-is-atom-performance-whey-1kg-with-safed-musli-for-faster-recovery-highly-bioavailable
2026-08-23 09:33 IST,AS-IT-IS Nutrition,AS-IT-IS Nutrition,ATOM Performance Whey  | With Safed Musli (Cafe Latte / 45g),2485.0,140.0,94.4,,False,https://asitisnutrition.com/products/as-it-is-atom-performance-whey-1kg-with-safed-musli-for-faster-recovery-highly-bioavailable
2026-08-23 09:33 IST,AS-IT-IS Nutrition,AS-IT-IS Nutrition,ATOM Performance Whey  | With Safed Musli (Cookie delight / 45g),2485.0,140.0,94.4,,False,https://asitisnutrition.com/products/as-it-is-atom-performance-whey-1kg-with-safed-musli-for-faster-recovery-highly-bioavailable
2026-08-23 09:33 IST,AS-IT-IS Nutrition,AS-IT-IS Nutrition,ATOM Performance Whey  | With Safed Musli (Choco hazel fusion / 45g),2485.0,140.0,94.4,,False,https://asitisnutrition.com/products/as-it-is-atom-performance-whey-1kg-with-safed-musli-for-faster-recovery-highly-bioavailable
2026-08-23 09:33 IST,AS-IT-IS Nutrition,AS-IT-IS Nutrition,ATOM Whey Protein (Double Rich Chocolate / (36g Travel Sachet)),262.0,167.0,36.3,463.89,True,https://asitisnutrition.com/products/atom-whey-protein
2026-08-23 09:33 IST,AS-IT-IS Nutrition,AS-IT-IS Nutrition,"AS-IT-IS ONE Whey Protein Concentrate I Single Ingredient | 28g Protein, Unflavoured 35g (35g Sachet (Pack of 1))",305.0,178.0,41.6,593.33,True,https://asitisnutrition.com/products/whey-protein-30g-sachet
2026-08-23 09:33 IST,AS-IT-IS Nutrition,AS-IT-IS Nutrition,ATOM NITRO WHEY WITH CREASURE® (Double Rich Chocolate / 45g),289.0,185.0,36.0,,True,https://asitisnutrition.com/products/atom-nitro-whey-with-creatine-i-33g-protein-3g-creatine-7-4g-bcaa
2026-08-23 09:33 IST,AS-IT-IS Nutrition,AS-IT-IS Nutrition,ATOM NITRO WHEY WITH CREASURE® (Kesar Kulfi / 45g),3407.0,185.0,94.6,,False,https://asitisnutrition.com/products/atom-nitro-whey-with-creatine-i-33g-protein-3g-creatine-7-4g-bcaa
2026-08-23 09:33 IST,AS-IT-IS Nutrition,AS-IT-IS Nutrition,ATOM NITRO WHEY WITH CREASURE® (Classic Vanilla / 45g),3407.0,185.0,94.6,,False,https://asitisnutrition.com/products/atom-nitro-whey-with-creatine-i-33g-protein-3g-creatine-7-4g-bcaa
2026-08-23 09:33 IST,AS-IT-IS Nutrition,AS-IT-IS Nutrition,"AS-IT-IS ONE Whey Protein Concentrate I Single Ingredient | 28g Protein, Unflavoured 35g (35g Sachet (Pack of 1) + Shaker)",438.0,303.0,30.8,1010.0,False,https://asitisnutrition.com/products/whey-protein-30g-sachet
2026-08-23 09:33 IST,MyFitness,MYFITNESS,MyFitness Peanut Butter - Chocolate | 26% Protein | Crispy | Chocolate Peanut Butter Spread (227g),159.0,149.0,6.3,65.64,True,https://myfitness.co.in/products/chocolate-crispy
2026-08-23 09:33 IST,MyFitness,MYFITNESS,"Pro.Fitness High Protein Chocolate Oats | Dark Chocolate | Healthy Oats With Nuts, Seeds & Added Whey (375g)",339.0,219.0,35.4,58.4,True,https://myfitness.co.in/products/high-protein-oats-900g-27g-protein
2026-08-23 09:33 IST,MyFitness,MYFITNESS,Pro.Fitness Rolled Oats | 13% Protein | Healthy Oats With High Fiber and Zero Cholesterol (900g),320.0,269.0,15.9,,True,https://myfitness.co.in/products/pro-fitness-rolled-oats-900g
2026-08-23 09:33 IST,MyFitness,myfitness-official-store,MyFitness Peanut Butter - Classic Zero | 28% Protein | Extra Crunchy | Zero Sugar Peanut Spread (510 g),349.0,275.0,21.2,53.92,True,https://myfitness.co.in/products/myfitness-zero-peanut-butter-crunchy-510g
2026-08-23 09:33 IST,MyFitness,myfitness-official-store,MyFitness Peanut Butter - Chocolate | 26% Protein | Crunchy | Chocolate Peanut Butter Spread (510 g),319.0,275.0,13.8,45.08,True,https://myfitness.co.in/products/myfitness-chocolate-peanut-butter-crunchy
2026-08-23 09:33 IST,MyFitness,myfitness-official-store,MyFitness Peanut Butter - Natural Unsweetened | 31% Protein | Crunchy | Zero Sugar Peanut Butter Spread (510 g),319.0,275.0,13.8,45.08,True,https://myfitness.co.in/products/myfitness-all-natural-peanut-butter-crunchy
2026-08-23 09:33 IST,MyFitness,myfitness-official-store,MyFitness Peanut Butter - Natural Unsweetened | 25% Protein | Smooth | Zero Sugar Peanut Butter Spread (510 g),319.0,275.0,13.8,45.08,True,https://myfitness.co.in/products/myfitness-all-natural-peanut-butter-smooth
2026-08-23 09:33 IST,MyFitness,myfitness-official-store,MyFitness Peanut Butter - Chocolate | 26% Protein | Crispy | Chocolate Peanut Butter Spread (510 g),319.0,275.0,13.8,45.08,True,https://myfitness.co.in/products/myfitness-chocolate-peanut-butter-crispy
2026-08-23 09:33 IST,MyFitness,myfitness-official-store,MyFitness Peanut Butter - Chocolate | 28% Protein | Smooth | Chocolate Peanut Butter Spread (510 g),319.0,275.0,13.8,45.08,True,https://myfitness.co.in/products/myfitness-chocolate-peanut-butter-smooth
2026-08-23 09:33 IST,MyFitness,myfitness-official-store,MyFitness Peanut Butter - Original | 28% Protein | Crunchy | Classic Peanut Butter Spread (510 g),319.0,275.0,13.8,45.08,True,https://myfitness.co.in/products/myfitness-original-peanut-butter-crunchy
2026-08-23 09:33 IST,MyFitness,myfitness-official-store,MyFitness Peanut Butter - Original | 28% Protein | Smooth | Classic Peanut Butter Spread (510 g),319.0,275.0,13.8,45.08,True,https://myfitness.co.in/products/myfitness-original-peanut-butter-smooth
2026-08-23 09:33 IST,MyFitness,MYFITNESS,MyFitness Peanut Butter - Chocolate | 25% Protein | Almond Crunch | Chocolate Peanut Butter Spread (510 g),379.0,279.0,26.4,54.71,True,https://myfitness.co.in/products/myfitness-chocolate-peanut-butter-with-almond-crunch
2026-08-23 09:33 IST,MyFitness,myfitness-official-store,MyFitness Peanut Butter - Chocolate | 26% Protein | Crunchy | Chocolate Peanut Butter Spread (900g),499.0,399.0,20.0,39.9,True,https://myfitness.co.in/products/myfitness-chocolate-peanut-butter-crunchy
2026-08-23 09:33 IST,MyFitness,myfitness-official-store,MyFitness Peanut Butter - Chocolate | 28% Protein | Smooth | Chocolate Peanut Butter Spread (900g),499.0,399.0,20.0,39.9,True,https://myfitness.co.in/products/myfitness-chocolate-peanut-butter-smooth
2026-08-23 09:33 IST,MyFitness,myfitness-official-store,MyFitness Peanut Butter - Original | 28% Protein | Crunchy | Classic Peanut Butter Spread (900g),499.0,399.0,20.0,44.33,True,https://myfitness.co.in/products/myfitness-original-peanut-butter-crunchy
2026-08-23 09:33 IST,Naturaltein,naturaltein,The Protein Dessert E-Cook Book by Naturaltein,599.0,399.0,33.4,,True,https://naturaltein.in/products/the-protein-dessert-e-cook-book-by-naturaltein
2026-08-23 09:33 IST,Naturaltein,naturaltein,Natural Plant Protein (Chocolate / 1 Box (500 g)),3000.0,1112.0,62.9,222.4,True,https://naturaltein.in/products/plant-protein
2026-08-23 09:33 IST,Naturaltein,naturaltein,Natural Plant Protein (Mango / 1 Box (500 g)),3000.0,1112.0,62.9,222.4,True,https://naturaltein.in/products/plant-protein
2026-08-23 09:33 IST,Naturaltein,naturaltein,Natural Plant Protein (Berry / 1 Box (500 g)),3000.0,1112.0,62.9,222.4,True,https://naturaltein.in/products/plant-protein
2026-08-23 09:33 IST,Naturaltein,naturaltein,Natural Plant Protein (Pista / 1 Box (500 g)),3000.0,1112.0,62.9,222.4,True,https://naturaltein.in/products/plant-protein
2026-08-23 09:33 IST,Naturaltein,naturaltein,Natural Plant Protein (Coffee / 1 Box (500 g)),3000.0,1112.0,62.9,222.4,True,https://naturaltein.in/products/plant-protein
2026-08-23 09:33 IST,Naturaltein,naturaltein,Natural Whey Protein Concentrate (Italian Ice Cream / 1 Box (300 g)),1424.0,1299.0,8.8,433.0,False,https://naturaltein.in/products/whey-protein-concentrate
2026-08-23 09:33 IST,Naturaltein,naturaltein,Natural Whey Protein Concentrate (Chocolate Biscoff / 1 Box (300 g)),1424.0,1399.0,1.8,466.33,False,https://naturaltein.in/products/whey-protein-concentrate
2026-08-23 09:33 IST,Naturaltein,naturaltein,Natural Whey Protein Concentrate (Chocolate Caramel / 1 Box (300 g)),1424.0,1399.0,1.8,466.33,False,https://naturaltein.in/products/whey-protein-concentrate
2026-08-23 09:33 IST,Naturaltein,naturaltein,Natural Whey Protein Concentrate (Chocolate / 1 Box (300 g)),2500.0,1524.0,39.0,508.0,True,https://naturaltein.in/products/whey-protein-concentrate
2026-08-23 09:33 IST,Naturaltein,naturaltein,Natural Whey Protein Concentrate (Unflavoured / 1 Box (300 g)),2500.0,1524.0,39.0,508.0,True,https://naturaltein.in/products/whey-protein-concentrate
2026-08-23 09:33 IST,Naturaltein,naturaltein,Natural Whey Protein Concentrate (Caffe Mocha / 1 Box (300 g)),2500.0,1524.0,39.0,508.0,True,https://naturaltein.in/products/whey-protein-concentrate
2026-08-23 09:33 IST,Naturaltein,naturaltein,Natural Plant Protein (Chocolate / 2 Boxes (1 kg)),6000.0,1600.0,73.3,160.0,True,https://naturaltein.in/products/plant-protein
2026-08-23 09:33 IST,Naturaltein,naturaltein,Natural Plant Protein (Mango / 2 Boxes (1 kg)),6000.0,1600.0,73.3,160.0,True,https://naturaltein.in/products/plant-protein
2026-08-23 09:33 IST,Naturaltein,naturaltein,Natural Plant Protein (Berry / 2 Boxes (1 kg)),6000.0,1600.0,73.3,160.0,True,https://naturaltein.in/products/plant-protein
2026-08-23 09:33 IST,GNC India,GNC India,GNC Superfood Plant Isolate 35 gram (35gm / Chocolate),149.0,1.0,99.3,,True,https://gnc.in/products/gnc-superfood-plant-isolate-35-gram
2026-08-23 09:33 IST,GNC India,GNC India,GNC Superfood Plant Isolate 35 gram (35gm / Coffee),149.0,1.0,99.3,,True,https://gnc.in/products/gnc-superfood-plant-isolate-35-gram
2026-08-23 09:33 IST,GNC India,GNC India,GNC Superfood Plant Isolate 35 gram (35gm / Mango),149.0,1.0,99.3,,True,https://gnc.in/products/gnc-superfood-plant-isolate-35-gram
2026-08-23 09:33 IST,GNC India,GNC India,GNC Superfood Plant Isolate 35 gram (35gm / Vanilla),149.0,1.0,99.3,,False,https://gnc.in/products/gnc-superfood-plant-isolate-35-gram
2026-08-23 09:33 IST,GNC India,GNC India,PP Protein Wafer Bar Mini 20gm (Chocolate / 20 gm),60.0,40.0,33.3,200.0,True,https://gnc.in/products/pp-protein-wafer-bar-mini-20gm
2026-08-23 09:33 IST,GNC India,GNC India,PP Protein Wafer Bar Mini 20gm (Coffee / 20 gm),60.0,40.0,33.3,200.0,True,https://gnc.in/products/pp-protein-wafer-bar-mini-20gm
2026-08-23 09:33 IST,GNC India,GNC India,PP Protein Wafer Bar Mini 20gm (Peanut Butter / 20 gm),60.0,40.0,33.3,200.0,True,https://gnc.in/products/pp-protein-wafer-bar-mini-20gm
2026-08-23 09:33 IST,GNC India,GNC,GNC Protein Wafer Bar (Chocolate) (Pack of 1 / Chocolate),59.0,55.0,6.8,,True,https://gnc.in/products/gnc-protein-wafer-bar-chocolate
2026-08-23 09:33 IST,GNC India,GNC,GNC Protein Wafer Bar (Peanut butter) (Pack of 1 / Peanut Butter),59.0,55.0,6.8,,True,https://gnc.in/products/gnc-protein-wafer-bar-peanut-butter
2026-08-23 09:33 IST,GNC India,GNC,GNC Protein Wafer Bar (Coffee) (Pack of 1 / Coffee),59.0,55.0,6.8,,True,https://gnc.in/products/gnc-protein-wafer-bar-coffee
2026-08-23 09:33 IST,GNC India,GNC,GNC Protein Wafer Bar (40g / Chocolate),60.0,55.0,8.3,137.5,True,https://gnc.in/products/gnc-protein-wafer-bar-upsell
2026-08-23 09:33 IST,GNC India,GNC India,GNC Select Fermented Yeast Protein Isolate (35gm) (35 gm / Chocolate),149.0,65.0,56.4,185.71,True,https://gnc.in/products/gnc-select-fermented-yeast-protein-isolate-35gm
2026-08-23 09:33 IST,GNC India,GNC India,GNC Select Fermented Yeast Protein Isolate (35gm) (35 gm / Coffee),149.0,65.0,56.4,185.71,True,https://gnc.in/products/gnc-select-fermented-yeast-protein-isolate-35gm
2026-08-23 09:33 IST,GNC India,GNC India,GNC Select Fermented Yeast Protein Isolate (35gm) (35 gm / Vanilla),149.0,65.0,56.4,185.71,True,https://gnc.in/products/gnc-select-fermented-yeast-protein-isolate-35gm
2026-08-23 09:33 IST,GNC India,GNC India,GNC Select Fermented Yeast Protein Isolate (35 gm / Chocolate),149.0,69.0,53.7,197.14,True,https://gnc.in/products/gnc-select-fermented-yeast-protein
2026-08-24 09:37 IST,Nutrabay,Nutrabay,Nutrabay Gold Pea Protein,69,49,29.0,122.5,True,https://nutrabay.com/product/nutrabay-gold-hydrolyzed-pea-protein/?pId=3302532
2026-08-24 09:37 IST,Nutrabay,Nutrabay,Nutrabay Gold Pea Protein,69,59,14.5,147.5,True,https://nutrabay.com/product/nutrabay-gold-hydrolyzed-pea-protein/?pId=3302532
2026-08-24 09:37 IST,Nutrabay,Nutrabay,Nutrabay Gold Pea Protein,69,69,0.0,172.5,True,https://nutrabay.com/product/nutrabay-gold-hydrolyzed-pea-protein/?pId=3302532
2026-08-24 09:37 IST,Nutrabay,Velbiom,Velbiom Happy Cultures Tastiest Plant Protein,600,499,16.8,346.53,True,https://nutrabay.com/product/velbiom-happy-cultures-tastiest-plant-protein/?pId=7407265
2026-08-24 09:37 IST,Nutrabay,Nutrabay,Nutrabay Pure Pea Protein Isolate,669,599,10.5,119.8,True,https://nutrabay.com/product/nutrabay-pure-100-pea-protein-isolate/?pId=4537768
2026-08-24 09:37 IST,Nutrabay,TruNativ,TruNativ Plant Based Everyday Protein - Protein You Can Cook With!,699,599,14.3,363.03,True,https://nutrabay.com/product/trunativ-plant-based-everyday-protein-protein-you-can-cook-with/?pId=9485223
2026-08-24 09:37 IST,Nutrabay,Nutrabay,Nutrabay Wellness Vegan Plant Protein Powder + Superfoods,1199,699,41.7,139.8,True,https://nutrabay.com/product/nutrabay-wellness-vegan-plant-protein-powder-superfoods/?pId=4698878
2026-08-24 09:37 IST,Nutrabay,Nutrabay,Nutrabay BioAbsorb™ Whey Protein Powder | Clinically Tested 54% Better Protein Absorption | 26g Protein/Scoop | India's 1st Protein with ProDiFi™ for No Bloating | No Added Sugar,859,749,12.8,413.81,True,https://nutrabay.com/product/nutrabay-bioabsorb-whey-protein/?pId=8042444
2026-08-24 09:37 IST,Nutrabay,Nutrabay,Nutrabay Wellness Vegan Plant Protein Powder + Superfoods,1199,799,33.4,159.8,True,https://nutrabay.com/product/nutrabay-wellness-vegan-plant-protein-powder-superfoods/?pId=4698878
2026-08-24 09:37 IST,Nutrabay,Nutrabay,Nutrabay Pure Pea Protein Isolate,1349,899,33.4,89.9,True,https://nutrabay.com/product/nutrabay-pure-100-pea-protein-isolate/?pId=4537768
2026-08-24 09:37 IST,Nutrabay,Nakpro Nutrition,Nakpro Nutrition Platinum Soy Protein Isolate,2050,899,56.1,89.9,True,https://nutrabay.com/product/nakpro-vegan-soy-protein-isolate-90-raw-pure-natural-vegetarian-plant-protein-supplement-powder/?pId=3990475
2026-08-24 09:37 IST,Nutrabay,Nakpro Nutrition,Nakpro Nutrition Platinum Soy Protein Isolate,2050,899,56.1,89.9,True,https://nutrabay.com/product/nakpro-vegan-soy-protein-isolate-90-raw-pure-natural-vegetarian-plant-protein-supplement-powder/?pId=3990475
2026-08-24 09:37 IST,Nutrabay,Nakpro Nutrition,Nakpro Nutrition Platinum Soy Protein Isolate,2300,899,60.9,89.9,True,https://nutrabay.com/product/nakpro-vegan-soy-protein-isolate-90-raw-pure-natural-vegetarian-plant-protein-supplement-powder/?pId=3990475
2026-08-24 09:37 IST,Nutrabay,Optimum Nutrition,Optimum Nutrition (ON) Gold Standard Whey Protein Powder,940,940,0.0,,True,https://nutrabay.com/product/optimum-nutrition-on-100-whey-gold-standard-2/?pId=4471481
2026-08-24 09:37 IST,Nutrabay,Velbiom,Velbiom Happy Cultures Tastiest Plant Protein,1699,949,44.1,187.92,True,https://nutrabay.com/product/velbiom-happy-cultures-tastiest-plant-protein/?pId=7407265
2026-08-24 09:37 IST,Fast&Up,Fastandup,100% Pure & Natural Moringa Powder,250.0,225.0,10.0,,True,https://in.fastandup.com/products/100-pure-natural-moringa-powder
2026-08-24 09:37 IST,Fast&Up,Fastandup,Plant Protein - Assorted Pack,270.0,243.0,10.0,,True,https://in.fastandup.com/products/fast-up-plant-protein-assorted-pack
2026-08-24 09:37 IST,Fast&Up,Fastandup,Plant Protein - Rich Chocolate - Single Serving Sachet Combo Pack (Rich Chocolate / Pack of 5),450.0,396.0,12.0,,True,https://in.fastandup.com/products/plant-protein-rich-chocolate-single-serving-sachet-combo-pack
2026-08-24 09:37 IST,Fast&Up,Fastandup,Plant Protein - Rich Chocolate - Single Serving Sachet Combo Pack (Rich Chocolate / Pack of 10),900.0,765.0,15.0,,True,https://in.fastandup.com/products/plant-protein-rich-chocolate-single-serving-sachet-combo-pack
2026-08-24 09:37 IST,Fast&Up,Fastandup,Plant Protein - Rich Chocolate – 500gms,1599.0,831.48,48.0,166.3,False,https://in.fastandup.com/products/plant-protein-powder-500gms
2026-08-24 09:37 IST,Fast&Up,Fastandup,Plant Protein - Cookies & Cream - 500g,1599.0,1103.31,31.0,220.66,True,https://in.fastandup.com/products/plant-protein-cookies-cream-500g
2026-08-24 09:37 IST,Fast&Up,Fastandup,Plant Protein - Rich Chocolate - Single Serving Sachet Combo Pack (Rich Chocolate / Pack of 15),1350.0,1107.0,18.0,,True,https://in.fastandup.com/products/plant-protein-rich-chocolate-single-serving-sachet-combo-pack
2026-08-24 09:37 IST,Fast&Up,Fastandup,Plant Protein - Alphonso Mango - 1Kg,3115.0,1619.8,48.0,161.98,False,https://in.fastandup.com/products/plant-protein-alphonso-mango-25-servings
2026-08-24 09:37 IST,Fast&Up,Fastandup,Plant Protein - Cookies & Cream - 1Kg,3115.0,1619.8,48.0,161.98,True,https://in.fastandup.com/products/plant-protein-cookies-cream-1-kg
2026-08-24 09:37 IST,Fast&Up,Fastandup,Plant Protein - Strawberry Blast - 25 Servings,3115.0,1619.8,48.0,,True,https://in.fastandup.com/products/plant-protein-strawberry-25-servings
2026-08-24 09:37 IST,Fast&Up,Fastandup,Plant Protein - Rich Chocolate - 1kg,3115.0,1619.8,48.0,161.98,True,https://in.fastandup.com/products/plant-protein-rich-chocolate-1kg
2026-08-24 09:37 IST,Fast&Up,Fastandup,Plant Protein - Kesar Kulfi - 1kg,3115.0,1819.48,41.6,181.95,False,https://in.fastandup.com/products/plant-protein-powder-special-festive-pack
2026-08-24 09:37 IST,Fast&Up,Fastandup,Plant Protein - Cookies & Cream - 500g Pack of 2,3198.0,1999.0,37.5,399.8,True,https://in.fastandup.com/products/plant-protein-cookies-cream-500g-pack-of-2
2026-08-24 09:37 IST,Fast&Up,Fastandup,Daily Fiber + Plant Protein Rich Chocolate Combo,3715.0,2299.0,38.1,,True,https://in.fastandup.com/products/daily-fiber-plant-protein-rich-chocolate-combo
2026-08-24 09:37 IST,Fast&Up,Fastandup,Plant Protein Rich Chocolate - 1kg pouch+ Plant Protein Cookies Cream- 1kg Pouch,6230.0,3239.6,48.0,323.96,True,https://in.fastandup.com/products/plant-protein-rich-chocolate-1kg-pouch-plant-protein-cookies-cream-1kg-pouch
2026-08-24 09:37 IST,OZiva,OZiva,Plant Protein + Pro-Digest (Mango),139.0,139.0,0.0,,True,https://oziva.in/products/plant-protein-pro-digest
2026-08-24 09:37 IST,OZiva,OZiva,Pro-Collagen Protein Peptides Caramel | 250g,799.0,433.0,45.8,173.2,True,https://oziva.in/products/pro-collagen-protein-peptides-caramel-250g
2026-08-24 09:37 IST,OZiva,OZiva,"Vegan Collagen, Clinically Proven (Watermelon / Starter Pack-125g)",499.0,459.0,8.0,367.2,True,https://oziva.in/products/plant-based-collagen
2026-08-24 09:37 IST,OZiva,OZiva,Plant Protein + Pro-Digest (Assorted),699.0,699.0,0.0,,True,https://oziva.in/products/plant-protein-pro-digest
2026-08-24 09:37 IST,OZiva,OZiva,Plant Protein + Pro-Digest (Chocolate),699.0,699.0,0.0,,False,https://oziva.in/products/plant-protein-pro-digest
2026-08-24 09:37 IST,OZiva,OZiva,Plant Protein + Pro-Digest (Strawberry),699.0,699.0,0.0,,False,https://oziva.in/products/plant-protein-pro-digest
2026-08-24 09:37 IST,OZiva,OZiva,Plant Protein + Pro-Digest (Vanilla),699.0,699.0,0.0,,False,https://oziva.in/products/plant-protein-pro-digest
2026-08-24 09:37 IST,OZiva,OZiva,Bioactive Plant Protein (Assorted / Starter Pack),699.0,699.0,0.0,,True,https://oziva.in/products/oziva-bioactive-plant-protein-with-25g-vegan-protein-5-5-bcaas-100-rda-vitamins-minerals-ayurvedic-herbs-for-better-endurance-stamina-muscle-recovery-1-kg
2026-08-24 09:37 IST,OZiva,OZiva,Daily Protein Activ for Women (Rich Chocolate / Starter Pack),799.0,749.0,6.3,,True,https://oziva.in/products/daily-protein-activ-for-women-with-clean-whey-protein-multivitamins-tulsi-probiotics-for-improved-everyday-energy-stamina-bone-health-immune-health
2026-08-24 09:37 IST,OZiva,OZiva,Daily Protein Activ for Women (Classic Vanilla / Starter Pack),799.0,749.0,6.3,,False,https://oziva.in/products/daily-protein-activ-for-women-with-clean-whey-protein-multivitamins-tulsi-probiotics-for-improved-everyday-energy-stamina-bone-health-immune-health
2026-08-24 09:37 IST,OZiva,OZiva,"Pro-Collagen Protein Peptides, 250 g (Starter Pack)",849.0,799.0,5.9,319.6,True,https://oziva.in/products/oziva-pro-collagen-protein-peptides-with-clean-protein-green-coffee-hyaluronic-acid-biotin-for-skin-hair-health-muscle-joint-health-protein-breakdown-caramel-250-g
2026-08-24 09:37 IST,OZiva,OZiva,"Vegan Collagen, Clinically Proven (Guava Glow / Starter Pack)",959.0,929.0,3.1,,True,https://oziva.in/products/plant-based-collagen
2026-08-24 09:37 IST,OZiva,OZiva,"Vegan Collagen, Clinically Proven (Classic / Starter Pack)",959.0,929.0,3.1,,True,https://oziva.in/products/plant-based-collagen
2026-08-24 09:37 IST,OZiva,OZiva,"Vegan Collagen, Clinically Proven (Berry Orange / Starter Pack)",959.0,929.0,3.1,,True,https://oziva.in/products/plant-based-collagen
2026-08-24 09:37 IST,OZiva,OZiva,"Vegan Collagen, Clinically Proven (Watermelon / Starter Pack)",959.0,929.0,3.1,,True,https://oziva.in/products/plant-based-collagen
2026-08-24 09:37 IST,Wellbeing Nutrition,Wellbeing Nutrition,Kids Protein Vanilla Free Sachet,79.0,79.0,0.0,,True,https://wellbeingnutrition.com/products/kids-protein-vanilla-free-sachet
2026-08-24 09:37 IST,Wellbeing Nutrition,Wellbeing Nutrition,Kids Protein Chocolate Sachet,79.0,79.0,0.0,,True,https://wellbeingnutrition.com/products/kids-protein-chocolate-sachet
2026-08-24 09:37 IST,Wellbeing Nutrition,Wellbeing Nutrition,Kids Protein Vanilla Sachet,79.0,79.0,0.0,,True,https://wellbeingnutrition.com/products/kids-protein-vanilla-sachet
2026-08-24 09:37 IST,Wellbeing Nutrition,Wellbeing Nutrition,Vegan Protein Dark Chocolate Hazelnut Sachet,150.0,150.0,0.0,,True,https://wellbeingnutrition.com/products/vegan-protein-dark-chocolate-hazelnut-sachet
2026-08-24 09:37 IST,Wellbeing Nutrition,Wellbeing Nutrition,Whey Protein Isolate Dark Chocolate Sachet (Pack of 1),160.0,160.0,0.0,,False,https://wellbeingnutrition.com/products/whey-protein-isolate-dark-chocolate-sachet
2026-08-24 09:37 IST,Wellbeing Nutrition,Wellbeing Nutrition,Whey Protein Isolate + Concentrate Mango Sachets (Pack of 1),1399.0,1399.0,0.0,,False,https://wellbeingnutrition.com/products/whey-protein-isolate-concentrate-mango-sachets
2026-08-24 09:37 IST,Wellbeing Nutrition,Wellbeing Nutrition,Plant Protein 22g | 500g | 3B CFU Probiotics | Belgian Dark Chocolate (Pack of 1),1799.0,1619.0,10.0,323.8,True,https://wellbeingnutrition.com/products/vegan-protein-belgian-chocolate
2026-08-24 09:37 IST,Wellbeing Nutrition,Wellbeing Nutrition,Plant Protein 22g | 500g | 3B CFU Probiotics | Dark Chocolate Hazelnut (Pack of 1),1799.0,1709.0,5.0,341.8,True,https://wellbeingnutrition.com/products/vegan-protein-dark-chocolate-hazelnut
2026-08-24 09:37 IST,Wellbeing Nutrition,Wellbeing Nutrition,Plant Protein 22g | 500g | 3B CFU Probiotics | Italian Cafe Mocha (Pack of 1),1799.0,1709.0,5.0,341.8,False,https://wellbeingnutrition.com/products/vegan-protein-italian-cafe-mocha
2026-08-24 09:37 IST,Wellbeing Nutrition,Wellbeing Nutrition,Plant Protein 22g | 500g | 3B CFU Probiotics | French Vanilla Caramel (Pack of 1),1799.0,1709.0,5.0,341.8,True,https://wellbeingnutrition.com/products/vegan-protein-french-vanilla-caramel
2026-08-24 09:37 IST,Wellbeing Nutrition,Wellbeing Nutrition,Plant Protein 22g | 500g | 3B CFU Probiotics | Canadian Mixed Berry (Pack of 1),1799.0,1709.0,5.0,341.8,True,https://wellbeingnutrition.com/products/vegan-protein-canadian-mixed-berry
2026-08-24 09:37 IST,Wellbeing Nutrition,Wellbeing Nutrition,Her Superfood Plant Protein | Chocolate Peanut Butter (Pack of 1),1799.0,1709.0,5.0,,True,https://wellbeingnutrition.com/products/superfood-plant-protein-powder-for-women
2026-08-24 09:37 IST,Wellbeing Nutrition,Wellbeing Nutrition,Superfood Plant Protein | British Banoffee Pie (Pack of 1),1799.0,1709.0,5.0,,True,https://wellbeingnutrition.com/products/superfood-plant-protein-powder-in-banoffee-pie
2026-08-24 09:37 IST,Wellbeing Nutrition,Wellbeing Nutrition,Whey Protein Isolate + Concentrate Mango Sachets (Pack of 2),2798.0,2798.0,0.0,,False,https://wellbeingnutrition.com/products/whey-protein-isolate-concentrate-mango-sachets
2026-08-24 09:37 IST,Wellbeing Nutrition,Wellbeing Nutrition,Plant Protein 22g | 907g | 3B CFU Probiotics | Belgian Dark Chocolate (Pack of 1),3399.0,3059.0,10.0,337.27,True,https://wellbeingnutrition.com/products/vegan-protein-belgian-dark-chocolate-probiotics
2026-08-24 09:37 IST,AS-IT-IS Nutrition,AS-IT-IS Nutrition,AS-IT-IS Brown Rice Protein | 27g Protein Per Serving (35g),175.0,122.0,30.3,,True,https://asitisnutrition.com/products/as-it-is-nutrition-brown-rice-protein-80-designed-as-meal-supplement-lab-tested-unflavoured
2026-08-24 09:37 IST,AS-IT-IS Nutrition,AS-IT-IS Nutrition,AS-IT-IS ONE Pea Protein Isolate| 29g Protein Per Serving| Plant Based Protein Powder (36g-Sachet),175.0,122.0,30.3,,False,https://asitisnutrition.com/products/as-it-is-nutrition-pea-protein-isolate-powder
2026-08-24 09:37 IST,AS-IT-IS Nutrition,AS-IT-IS Nutrition,AS-IT-IS Soy Protein Isolate | 30g Protein Per Serving (35g),175.0,122.0,30.3,,True,https://asitisnutrition.com/products/as-it-is-nutrition-buy-soy-protein-isolate-powder-in-india
2026-08-24 09:37 IST,AS-IT-IS Nutrition,AS-IT-IS Nutrition,ATOM Beginners Whey Protein | Supports Muscle-building | Supports Body Strength (Choco Hazel Fusion / 37g),203.0,131.0,35.5,,True,https://asitisnutrition.com/products/atom-beginners-whey-protein
2026-08-24 09:37 IST,AS-IT-IS Nutrition,AS-IT-IS Nutrition,ATOM Performance Whey  | With Safed Musli (Double Rich Chocolate / 45g),220.0,140.0,36.4,,True,https://asitisnutrition.com/products/as-it-is-atom-performance-whey-1kg-with-safed-musli-for-faster-recovery-highly-bioavailable
2026-08-24 09:37 IST,AS-IT-IS Nutrition,AS-IT-IS Nutrition,ATOM Performance Whey  | With Safed Musli (Pista Fusion / 45g),2485.0,140.0,94.4,,False,https://asitisnutrition.com/products/as-it-is-atom-performance-whey-1kg-with-safed-musli-for-faster-recovery-highly-bioavailable
2026-08-24 09:37 IST,AS-IT-IS Nutrition,AS-IT-IS Nutrition,ATOM Performance Whey  | With Safed Musli (Cafe Latte / 45g),2485.0,140.0,94.4,,False,https://asitisnutrition.com/products/as-it-is-atom-performance-whey-1kg-with-safed-musli-for-faster-recovery-highly-bioavailable
2026-08-24 09:37 IST,AS-IT-IS Nutrition,AS-IT-IS Nutrition,ATOM Performance Whey  | With Safed Musli (Cookie delight / 45g),2485.0,140.0,94.4,,False,https://asitisnutrition.com/products/as-it-is-atom-performance-whey-1kg-with-safed-musli-for-faster-recovery-highly-bioavailable
2026-08-24 09:37 IST,AS-IT-IS Nutrition,AS-IT-IS Nutrition,ATOM Performance Whey  | With Safed Musli (Choco hazel fusion / 45g),2485.0,140.0,94.4,,False,https://asitisnutrition.com/products/as-it-is-atom-performance-whey-1kg-with-safed-musli-for-faster-recovery-highly-bioavailable
2026-08-24 09:37 IST,AS-IT-IS Nutrition,AS-IT-IS Nutrition,ATOM Whey Protein (Double Rich Chocolate / (36g Travel Sachet)),262.0,167.0,36.3,463.89,True,https://asitisnutrition.com/products/atom-whey-protein
2026-08-24 09:37 IST,AS-IT-IS Nutrition,AS-IT-IS Nutrition,"AS-IT-IS ONE Whey Protein Concentrate I Single Ingredient | 28g Protein, Unflavoured 35g (35g Sachet (Pack of 1))",305.0,178.0,41.6,593.33,True,https://asitisnutrition.com/products/whey-protein-30g-sachet
2026-08-24 09:37 IST,AS-IT-IS Nutrition,AS-IT-IS Nutrition,ATOM NITRO WHEY WITH CREASURE® (Double Rich Chocolate / 45g),289.0,185.0,36.0,,True,https://asitisnutrition.com/products/atom-nitro-whey-with-creatine-i-33g-protein-3g-creatine-7-4g-bcaa
2026-08-24 09:37 IST,AS-IT-IS Nutrition,AS-IT-IS Nutrition,ATOM NITRO WHEY WITH CREASURE® (Kesar Kulfi / 45g),3407.0,185.0,94.6,,False,https://asitisnutrition.com/products/atom-nitro-whey-with-creatine-i-33g-protein-3g-creatine-7-4g-bcaa
2026-08-24 09:37 IST,AS-IT-IS Nutrition,AS-IT-IS Nutrition,ATOM NITRO WHEY WITH CREASURE® (Classic Vanilla / 45g),3407.0,185.0,94.6,,False,https://asitisnutrition.com/products/atom-nitro-whey-with-creatine-i-33g-protein-3g-creatine-7-4g-bcaa
2026-08-24 09:37 IST,AS-IT-IS Nutrition,AS-IT-IS Nutrition,"AS-IT-IS ONE Whey Protein Concentrate I Single Ingredient | 28g Protein, Unflavoured 35g (35g Sachet (Pack of 1) + Shaker)",438.0,303.0,30.8,1010.0,False,https://asitisnutrition.com/products/whey-protein-30g-sachet
2026-08-24 09:37 IST,MyFitness,MYFITNESS,MyFitness Peanut Butter - Chocolate | 26% Protein | Crispy | Chocolate Peanut Butter Spread (227g),159.0,149.0,6.3,65.64,True,https://myfitness.co.in/products/chocolate-crispy
2026-08-24 09:37 IST,MyFitness,MYFITNESS,"Pro.Fitness High Protein Chocolate Oats | Dark Chocolate | Healthy Oats With Nuts, Seeds & Added Whey (375g)",339.0,219.0,35.4,58.4,True,https://myfitness.co.in/products/high-protein-oats-900g-27g-protein
2026-08-24 09:37 IST,MyFitness,MYFITNESS,Pro.Fitness Rolled Oats | 13% Protein | Healthy Oats With High Fiber and Zero Cholesterol (900g),320.0,269.0,15.9,,True,https://myfitness.co.in/products/pro-fitness-rolled-oats-900g
2026-08-24 09:37 IST,MyFitness,myfitness-official-store,MyFitness Peanut Butter - Classic Zero | 28% Protein | Extra Crunchy | Zero Sugar Peanut Spread (510 g),349.0,275.0,21.2,53.92,True,https://myfitness.co.in/products/myfitness-zero-peanut-butter-crunchy-510g
2026-08-24 09:37 IST,MyFitness,myfitness-official-store,MyFitness Peanut Butter - Chocolate | 26% Protein | Crunchy | Chocolate Peanut Butter Spread (510 g),319.0,275.0,13.8,45.08,True,https://myfitness.co.in/products/myfitness-chocolate-peanut-butter-crunchy
2026-08-24 09:37 IST,MyFitness,myfitness-official-store,MyFitness Peanut Butter - Natural Unsweetened | 31% Protein | Crunchy | Zero Sugar Peanut Butter Spread (510 g),319.0,275.0,13.8,45.08,True,https://myfitness.co.in/products/myfitness-all-natural-peanut-butter-crunchy
2026-08-24 09:37 IST,MyFitness,myfitness-official-store,MyFitness Peanut Butter - Natural Unsweetened | 25% Protein | Smooth | Zero Sugar Peanut Butter Spread (510 g),319.0,275.0,13.8,45.08,True,https://myfitness.co.in/products/myfitness-all-natural-peanut-butter-smooth
2026-08-24 09:37 IST,MyFitness,myfitness-official-store,MyFitness Peanut Butter - Chocolate | 26% Protein | Crispy | Chocolate Peanut Butter Spread (510 g),319.0,275.0,13.8,45.08,True,https://myfitness.co.in/products/myfitness-chocolate-peanut-butter-crispy
2026-08-24 09:37 IST,MyFitness,myfitness-official-store,MyFitness Peanut Butter - Chocolate | 28% Protein | Smooth | Chocolate Peanut Butter Spread (510 g),319.0,275.0,13.8,45.08,True,https://myfitness.co.in/products/myfitness-chocolate-peanut-butter-smooth
2026-08-24 09:37 IST,MyFitness,myfitness-official-store,MyFitness Peanut Butter - Original | 28% Protein | Crunchy | Classic Peanut Butter Spread (510 g),319.0,275.0,13.8,45.08,True,https://myfitness.co.in/products/myfitness-original-peanut-butter-crunchy
2026-08-24 09:37 IST,MyFitness,myfitness-official-store,MyFitness Peanut Butter - Original | 28% Protein | Smooth | Classic Peanut Butter Spread (510 g),319.0,275.0,13.8,45.08,True,https://myfitness.co.in/products/myfitness-original-peanut-butter-smooth
2026-08-24 09:37 IST,MyFitness,MYFITNESS,MyFitness Peanut Butter - Chocolate | 25% Protein | Almond Crunch | Chocolate Peanut Butter Spread (510 g),379.0,279.0,26.4,54.71,True,https://myfitness.co.in/products/myfitness-chocolate-peanut-butter-with-almond-crunch
2026-08-24 09:37 IST,MyFitness,myfitness-official-store,MyFitness Peanut Butter - Chocolate | 26% Protein | Crunchy | Chocolate Peanut Butter Spread (900g),499.0,399.0,20.0,39.9,True,https://myfitness.co.in/products/myfitness-chocolate-peanut-butter-crunchy
2026-08-24 09:37 IST,MyFitness,myfitness-official-store,MyFitness Peanut Butter - Chocolate | 28% Protein | Smooth | Chocolate Peanut Butter Spread (900g),499.0,399.0,20.0,39.9,True,https://myfitness.co.in/products/myfitness-chocolate-peanut-butter-smooth
2026-08-24 09:37 IST,MyFitness,myfitness-official-store,MyFitness Peanut Butter - Original | 28% Protein | Crunchy | Classic Peanut Butter Spread (900g),499.0,399.0,20.0,44.33,True,https://myfitness.co.in/products/myfitness-original-peanut-butter-crunchy
2026-08-24 09:37 IST,Naturaltein,naturaltein,The Protein Dessert E-Cook Book by Naturaltein,599.0,399.0,33.4,,True,https://naturaltein.in/products/the-protein-dessert-e-cook-book-by-naturaltein
2026-08-24 09:37 IST,Naturaltein,naturaltein,Natural Plant Protein (Chocolate / 1 Box (500 g)),3000.0,1112.0,62.9,222.4,True,https://naturaltein.in/products/plant-protein
2026-08-24 09:37 IST,Naturaltein,naturaltein,Natural Plant Protein (Mango / 1 Box (500 g)),3000.0,1112.0,62.9,222.4,True,https://naturaltein.in/products/plant-protein
2026-08-24 09:37 IST,Naturaltein,naturaltein,Natural Plant Protein (Berry / 1 Box (500 g)),3000.0,1112.0,62.9,222.4,True,https://naturaltein.in/products/plant-protein
2026-08-24 09:37 IST,Naturaltein,naturaltein,Natural Plant Protein (Pista / 1 Box (500 g)),3000.0,1112.0,62.9,222.4,True,https://naturaltein.in/products/plant-protein
2026-08-24 09:37 IST,Naturaltein,naturaltein,Natural Plant Protein (Coffee / 1 Box (500 g)),3000.0,1112.0,62.9,222.4,True,https://naturaltein.in/products/plant-protein
2026-08-24 09:37 IST,Naturaltein,naturaltein,Natural Whey Protein Concentrate (Italian Ice Cream / 1 Box (300 g)),1424.0,1299.0,8.8,433.0,False,https://naturaltein.in/products/whey-protein-concentrate
2026-08-24 09:37 IST,Naturaltein,naturaltein,Natural Whey Protein Concentrate (Chocolate Biscoff / 1 Box (300 g)),1424.0,1399.0,1.8,466.33,False,https://naturaltein.in/products/whey-protein-concentrate
2026-08-24 09:37 IST,Naturaltein,naturaltein,Natural Whey Protein Concentrate (Chocolate Caramel / 1 Box (300 g)),1424.0,1399.0,1.8,466.33,False,https://naturaltein.in/products/whey-protein-concentrate
2026-08-24 09:37 IST,Naturaltein,naturaltein,Natural Whey Protein Concentrate (Chocolate / 1 Box (300 g)),2500.0,1524.0,39.0,508.0,True,https://naturaltein.in/products/whey-protein-concentrate
2026-08-24 09:37 IST,Naturaltein,naturaltein,Natural Whey Protein Concentrate (Unflavoured / 1 Box (300 g)),2500.0,1524.0,39.0,508.0,True,https://naturaltein.in/products/whey-protein-concentrate
2026-08-24 09:37 IST,Naturaltein,naturaltein,Natural Whey Protein Concentrate (Caffe Mocha / 1 Box (300 g)),2500.0,1524.0,39.0,508.0,True,https://naturaltein.in/products/whey-protein-concentrate
2026-08-24 09:37 IST,Naturaltein,naturaltein,Natural Plant Protein (Chocolate / 2 Boxes (1 kg)),6000.0,1600.0,73.3,160.0,True,https://naturaltein.in/products/plant-protein
2026-08-24 09:37 IST,Naturaltein,naturaltein,Natural Plant Protein (Mango / 2 Boxes (1 kg)),6000.0,1600.0,73.3,160.0,True,https://naturaltein.in/products/plant-protein
2026-08-24 09:37 IST,Naturaltein,naturaltein,Natural Plant Protein (Berry / 2 Boxes (1 kg)),6000.0,1600.0,73.3,160.0,True,https://naturaltein.in/products/plant-protein
2026-08-24 09:37 IST,GNC India,GNC India,GNC Superfood Plant Isolate 35 gram (35gm / Chocolate),149.0,1.0,99.3,,True,https://gnc.in/products/gnc-superfood-plant-isolate-35-gram
2026-08-24 09:37 IST,GNC India,GNC India,GNC Superfood Plant Isolate 35 gram (35gm / Coffee),149.0,1.0,99.3,,True,https://gnc.in/products/gnc-superfood-plant-isolate-35-gram
2026-08-24 09:37 IST,GNC India,GNC India,GNC Superfood Plant Isolate 35 gram (35gm / Mango),149.0,1.0,99.3,,True,https://gnc.in/products/gnc-superfood-plant-isolate-35-gram
2026-08-24 09:37 IST,GNC India,GNC India,GNC Superfood Plant Isolate 35 gram (35gm / Vanilla),149.0,1.0,99.3,,False,https://gnc.in/products/gnc-superfood-plant-isolate-35-gram
2026-08-24 09:37 IST,GNC India,GNC India,PP Protein Wafer Bar Mini 20gm (Chocolate / 20 gm),60.0,40.0,33.3,200.0,True,https://gnc.in/products/pp-protein-wafer-bar-mini-20gm
2026-08-24 09:37 IST,GNC India,GNC India,PP Protein Wafer Bar Mini 20gm (Coffee / 20 gm),60.0,40.0,33.3,200.0,True,https://gnc.in/products/pp-protein-wafer-bar-mini-20gm
2026-08-24 09:37 IST,GNC India,GNC India,PP Protein Wafer Bar Mini 20gm (Peanut Butter / 20 gm),60.0,40.0,33.3,200.0,True,https://gnc.in/products/pp-protein-wafer-bar-mini-20gm
2026-08-24 09:37 IST,GNC India,GNC,GNC Protein Wafer Bar (Chocolate) (Pack of 1 / Chocolate),59.0,55.0,6.8,,True,https://gnc.in/products/gnc-protein-wafer-bar-chocolate
2026-08-24 09:37 IST,GNC India,GNC,GNC Protein Wafer Bar (Peanut butter) (Pack of 1 / Peanut Butter),59.0,55.0,6.8,,True,https://gnc.in/products/gnc-protein-wafer-bar-peanut-butter
2026-08-24 09:37 IST,GNC India,GNC,GNC Protein Wafer Bar (Coffee) (Pack of 1 / Coffee),59.0,55.0,6.8,,True,https://gnc.in/products/gnc-protein-wafer-bar-coffee
2026-08-24 09:37 IST,GNC India,GNC,GNC Protein Wafer Bar (40g / Chocolate),60.0,55.0,8.3,137.5,True,https://gnc.in/products/gnc-protein-wafer-bar-upsell
2026-08-24 09:37 IST,GNC India,GNC India,GNC Select Fermented Yeast Protein Isolate (35gm) (35 gm / Chocolate),149.0,65.0,56.4,185.71,True,https://gnc.in/products/gnc-select-fermented-yeast-protein-isolate-35gm
2026-08-24 09:37 IST,GNC India,GNC India,GNC Select Fermented Yeast Protein Isolate (35gm) (35 gm / Coffee),149.0,65.0,56.4,185.71,True,https://gnc.in/products/gnc-select-fermented-yeast-protein-isolate-35gm
2026-08-24 09:37 IST,GNC India,GNC India,GNC Select Fermented Yeast Protein Isolate (35gm) (35 gm / Vanilla),149.0,65.0,56.4,185.71,True,https://gnc.in/products/gnc-select-fermented-yeast-protein-isolate-35gm
2026-08-24 09:37 IST,GNC India,GNC India,GNC Select Fermented Yeast Protein Isolate (35 gm / Chocolate),149.0,69.0,53.7,197.14,True,https://gnc.in/products/gnc-select-fermented-yeast-protein
2026-08-25 09:31 IST,Nutrabay,Nutrabay,Nutrabay Gold Pea Protein,69,49,29.0,122.5,True,https://nutrabay.com/product/nutrabay-gold-hydrolyzed-pea-protein/?pId=3302532
2026-08-25 09:31 IST,Nutrabay,Velbiom,Velbiom Happy Cultures Tastiest Plant Protein,600,499,16.8,346.53,True,https://nutrabay.com/product/velbiom-happy-cultures-tastiest-plant-protein/?pId=7407265
2026-08-25 09:31 IST,Nutrabay,Nutrabay,Nutrabay Pure Pea Protein Isolate,669,599,10.5,119.8,True,https://nutrabay.com/product/nutrabay-pure-100-pea-protein-isolate/?pId=4537768
2026-08-25 09:31 IST,Nutrabay,TruNativ,TruNativ Plant Based Everyday Protein - Protein You Can Cook With!,699,599,14.3,363.03,True,https://nutrabay.com/product/trunativ-plant-based-everyday-protein-protein-you-can-cook-with/?pId=9485223
2026-08-25 09:31 IST,Nutrabay,Nutrabay,Nutrabay Wellness Vegan Plant Protein Powder + Superfoods,1199,699,41.7,139.8,True,https://nutrabay.com/product/nutrabay-wellness-vegan-plant-protein-powder-superfoods/?pId=4698878
2026-08-25 09:31 IST,Nutrabay,Nutrabay,Nutrabay BioAbsorb™ Whey Protein Powder | Clinically Tested 54% Better Protein Absorption | 26g Protein/Scoop | India's 1st Protein with ProDiFi™ for No Bloating | No Added Sugar,859,749,12.8,413.81,True,https://nutrabay.com/product/nutrabay-bioabsorb-whey-protein/?pId=8042444
2026-08-25 09:31 IST,Nutrabay,Nutrabay,Nutrabay Gold Pea Protein,1049,749,28.6,149.8,True,https://nutrabay.com/product/nutrabay-gold-hydrolyzed-pea-protein/?pId=3302532
2026-08-25 09:31 IST,Nutrabay,Nutrabay,Nutrabay Wellness Vegan Plant Protein Powder + Superfoods,1199,799,33.4,159.8,True,https://nutrabay.com/product/nutrabay-wellness-vegan-plant-protein-powder-superfoods/?pId=4698878
2026-08-25 09:31 IST,Nutrabay,Nutrabay,Nutrabay Gold Pea Protein,1049,799,23.8,159.8,True,https://nutrabay.com/product/nutrabay-gold-hydrolyzed-pea-protein/?pId=3302532
2026-08-25 09:31 IST,Nutrabay,Nutrabay,Nutrabay Pure Pea Protein Isolate,1349,899,33.4,89.9,True,https://nutrabay.com/product/nutrabay-pure-100-pea-protein-isolate/?pId=4537768
2026-08-25 09:31 IST,Nutrabay,Nakpro Nutrition,Nakpro Nutrition Platinum Soy Protein Isolate,2050,899,56.1,89.9,True,https://nutrabay.com/product/nakpro-vegan-soy-protein-isolate-90-raw-pure-natural-vegetarian-plant-protein-supplement-powder/?pId=3990475
2026-08-25 09:31 IST,Nutrabay,Nakpro Nutrition,Nakpro Nutrition Platinum Soy Protein Isolate,2050,899,56.1,89.9,True,https://nutrabay.com/product/nakpro-vegan-soy-protein-isolate-90-raw-pure-natural-vegetarian-plant-protein-supplement-powder/?pId=3990475
2026-08-25 09:31 IST,Nutrabay,Nakpro Nutrition,Nakpro Nutrition Platinum Soy Protein Isolate,2300,899,60.9,89.9,True,https://nutrabay.com/product/nakpro-vegan-soy-protein-isolate-90-raw-pure-natural-vegetarian-plant-protein-supplement-powder/?pId=3990475
2026-08-25 09:31 IST,Nutrabay,Optimum Nutrition,Optimum Nutrition (ON) Gold Standard Whey Protein Powder,940,940,0.0,,True,https://nutrabay.com/product/optimum-nutrition-on-100-whey-gold-standard-2/?pId=4471481
2026-08-25 09:31 IST,Nutrabay,Velbiom,Velbiom Happy Cultures Tastiest Plant Protein,1699,949,44.1,187.92,True,https://nutrabay.com/product/velbiom-happy-cultures-tastiest-plant-protein/?pId=7407265
2026-08-25 09:31 IST,Fast&Up,Fastandup,100% Pure & Natural Moringa Powder,250.0,225.0,10.0,,True,https://in.fastandup.com/products/100-pure-natural-moringa-powder
2026-08-25 09:31 IST,Fast&Up,Fastandup,Plant Protein - Assorted Pack,270.0,243.0,10.0,,True,https://in.fastandup.com/products/fast-up-plant-protein-assorted-pack
2026-08-25 09:31 IST,Fast&Up,Fastandup,Plant Protein - Rich Chocolate - Single Serving Sachet Combo Pack (Rich Chocolate / Pack of 5),450.0,396.0,12.0,,True,https://in.fastandup.com/products/plant-protein-rich-chocolate-single-serving-sachet-combo-pack
2026-08-25 09:31 IST,Fast&Up,Fastandup,Plant Protein - Rich Chocolate - Single Serving Sachet Combo Pack (Rich Chocolate / Pack of 10),900.0,765.0,15.0,,True,https://in.fastandup.com/products/plant-protein-rich-chocolate-single-serving-sachet-combo-pack
2026-08-25 09:31 IST,Fast&Up,Fastandup,Plant Protein - Rich Chocolate – 500gms,1599.0,831.48,48.0,166.3,True,https://in.fastandup.com/products/plant-protein-powder-500gms
2026-08-25 09:31 IST,Fast&Up,Fastandup,Plant Protein - Cookies & Cream - 500g,1599.0,1103.31,31.0,220.66,True,https://in.fastandup.com/products/plant-protein-cookies-cream-500g
2026-08-25 09:31 IST,Fast&Up,Fastandup,Plant Protein - Rich Chocolate - Single Serving Sachet Combo Pack (Rich Chocolate / Pack of 15),1350.0,1107.0,18.0,,True,https://in.fastandup.com/products/plant-protein-rich-chocolate-single-serving-sachet-combo-pack
2026-08-25 09:31 IST,Fast&Up,Fastandup,Plant Protein - Alphonso Mango - 1Kg,3115.0,1619.8,48.0,161.98,False,https://in.fastandup.com/products/plant-protein-alphonso-mango-25-servings
2026-08-25 09:31 IST,Fast&Up,Fastandup,Plant Protein - Cookies & Cream - 1Kg,3115.0,1619.8,48.0,161.98,True,https://in.fastandup.com/products/plant-protein-cookies-cream-1-kg
2026-08-25 09:31 IST,Fast&Up,Fastandup,Plant Protein - Strawberry Blast - 25 Servings,3115.0,1619.8,48.0,,True,https://in.fastandup.com/products/plant-protein-strawberry-25-servings
2026-08-25 09:31 IST,Fast&Up,Fastandup,Plant Protein - Rich Chocolate - 1kg,3115.0,1619.8,48.0,161.98,True,https://in.fastandup.com/products/plant-protein-rich-chocolate-1kg
2026-08-25 09:31 IST,Fast&Up,Fastandup,Plant Protein - Kesar Kulfi - 1kg,3115.0,1819.48,41.6,181.95,False,https://in.fastandup.com/products/plant-protein-powder-special-festive-pack
2026-08-25 09:31 IST,Fast&Up,Fastandup,Plant Protein - Cookies & Cream - 500g Pack of 2,3198.0,1999.0,37.5,399.8,True,https://in.fastandup.com/products/plant-protein-cookies-cream-500g-pack-of-2
2026-08-25 09:31 IST,Fast&Up,Fastandup,Daily Fiber + Plant Protein Rich Chocolate Combo,3715.0,2299.0,38.1,,True,https://in.fastandup.com/products/daily-fiber-plant-protein-rich-chocolate-combo
2026-08-25 09:31 IST,Fast&Up,Fastandup,Plant Protein Rich Chocolate - 1kg pouch+ Plant Protein Cookies Cream- 1kg Pouch,6230.0,3239.6,48.0,323.96,True,https://in.fastandup.com/products/plant-protein-rich-chocolate-1kg-pouch-plant-protein-cookies-cream-1kg-pouch
2026-08-25 09:31 IST,OZiva,OZiva,Plant Protein + Pro-Digest (Mango),139.0,139.0,0.0,,True,https://oziva.in/products/plant-protein-pro-digest
2026-08-25 09:31 IST,OZiva,OZiva,Pro-Collagen Protein Peptides Caramel | 250g,799.0,433.0,45.8,173.2,True,https://oziva.in/products/pro-collagen-protein-peptides-caramel-250g
2026-08-25 09:31 IST,OZiva,OZiva,"Vegan Collagen, Clinically Proven (Watermelon / Starter Pack-125g)",499.0,459.0,8.0,367.2,True,https://oziva.in/products/plant-based-collagen
2026-08-25 09:31 IST,OZiva,OZiva,Plant Protein + Pro-Digest (Assorted),699.0,699.0,0.0,,True,https://oziva.in/products/plant-protein-pro-digest
2026-08-25 09:31 IST,OZiva,OZiva,Plant Protein + Pro-Digest (Chocolate),699.0,699.0,0.0,,False,https://oziva.in/products/plant-protein-pro-digest
2026-08-25 09:31 IST,OZiva,OZiva,Plant Protein + Pro-Digest (Strawberry),699.0,699.0,0.0,,False,https://oziva.in/products/plant-protein-pro-digest
2026-08-25 09:31 IST,OZiva,OZiva,Plant Protein + Pro-Digest (Vanilla),699.0,699.0,0.0,,False,https://oziva.in/products/plant-protein-pro-digest
2026-08-25 09:31 IST,OZiva,OZiva,Bioactive Plant Protein (Assorted / Starter Pack),699.0,699.0,0.0,,True,https://oziva.in/products/oziva-bioactive-plant-protein-with-25g-vegan-protein-5-5-bcaas-100-rda-vitamins-minerals-ayurvedic-herbs-for-better-endurance-stamina-muscle-recovery-1-kg
2026-08-25 09:31 IST,OZiva,OZiva,Daily Protein Activ for Women (Rich Chocolate / Starter Pack),799.0,749.0,6.3,,True,https://oziva.in/products/daily-protein-activ-for-women-with-clean-whey-protein-multivitamins-tulsi-probiotics-for-improved-everyday-energy-stamina-bone-health-immune-health
2026-08-25 09:31 IST,OZiva,OZiva,Daily Protein Activ for Women (Classic Vanilla / Starter Pack),799.0,749.0,6.3,,False,https://oziva.in/products/daily-protein-activ-for-women-with-clean-whey-protein-multivitamins-tulsi-probiotics-for-improved-everyday-energy-stamina-bone-health-immune-health
2026-08-25 09:31 IST,OZiva,OZiva,"Pro-Collagen Protein Peptides, 250 g (Starter Pack)",849.0,799.0,5.9,319.6,True,https://oziva.in/products/oziva-pro-collagen-protein-peptides-with-clean-protein-green-coffee-hyaluronic-acid-biotin-for-skin-hair-health-muscle-joint-health-protein-breakdown-caramel-250-g
2026-08-25 09:31 IST,OZiva,OZiva,"Vegan Collagen, Clinically Proven (Guava Glow / Starter Pack)",959.0,929.0,3.1,,True,https://oziva.in/products/plant-based-collagen
2026-08-25 09:31 IST,OZiva,OZiva,"Vegan Collagen, Clinically Proven (Classic / Starter Pack)",959.0,929.0,3.1,,True,https://oziva.in/products/plant-based-collagen
2026-08-25 09:31 IST,OZiva,OZiva,"Vegan Collagen, Clinically Proven (Berry Orange / Starter Pack)",959.0,929.0,3.1,,True,https://oziva.in/products/plant-based-collagen
2026-08-25 09:31 IST,OZiva,OZiva,"Vegan Collagen, Clinically Proven (Watermelon / Starter Pack)",959.0,929.0,3.1,,True,https://oziva.in/products/plant-based-collagen
2026-08-25 09:31 IST,Wellbeing Nutrition,Wellbeing Nutrition,Kids Protein Vanilla Free Sachet,79.0,79.0,0.0,,True,https://wellbeingnutrition.com/products/kids-protein-vanilla-free-sachet
2026-08-25 09:31 IST,Wellbeing Nutrition,Wellbeing Nutrition,Kids Protein Chocolate Sachet,79.0,79.0,0.0,,True,https://wellbeingnutrition.com/products/kids-protein-chocolate-sachet
2026-08-25 09:31 IST,Wellbeing Nutrition,Wellbeing Nutrition,Kids Protein Vanilla Sachet,79.0,79.0,0.0,,True,https://wellbeingnutrition.com/products/kids-protein-vanilla-sachet
2026-08-25 09:31 IST,Wellbeing Nutrition,Wellbeing Nutrition,Vegan Protein Dark Chocolate Hazelnut Sachet,150.0,150.0,0.0,,True,https://wellbeingnutrition.com/products/vegan-protein-dark-chocolate-hazelnut-sachet
2026-08-25 09:31 IST,Wellbeing Nutrition,Wellbeing Nutrition,Whey Protein Isolate Dark Chocolate Sachet (Pack of 1),160.0,160.0,0.0,,False,https://wellbeingnutrition.com/products/whey-protein-isolate-dark-chocolate-sachet
2026-08-25 09:31 IST,Wellbeing Nutrition,Wellbeing Nutrition,Whey Protein Isolate + Concentrate Mango Sachets (Pack of 1),1399.0,1399.0,0.0,,False,https://wellbeingnutrition.com/products/whey-protein-isolate-concentrate-mango-sachets
2026-08-25 09:31 IST,Wellbeing Nutrition,Wellbeing Nutrition,Plant Protein 22g | 500g | 3B CFU Probiotics | Belgian Dark Chocolate (Pack of 1),1799.0,1619.0,10.0,323.8,True,https://wellbeingnutrition.com/products/vegan-protein-belgian-chocolate
2026-08-25 09:31 IST,Wellbeing Nutrition,Wellbeing Nutrition,Plant Protein 22g | 500g | 3B CFU Probiotics | Dark Chocolate Hazelnut (Pack of 1),1799.0,1709.0,5.0,341.8,True,https://wellbeingnutrition.com/products/vegan-protein-dark-chocolate-hazelnut
2026-08-25 09:31 IST,Wellbeing Nutrition,Wellbeing Nutrition,Plant Protein 22g | 500g | 3B CFU Probiotics | Italian Cafe Mocha (Pack of 1),1799.0,1709.0,5.0,341.8,False,https://wellbeingnutrition.com/products/vegan-protein-italian-cafe-mocha
2026-08-25 09:31 IST,Wellbeing Nutrition,Wellbeing Nutrition,Plant Protein 22g | 500g | 3B CFU Probiotics | French Vanilla Caramel (Pack of 1),1799.0,1709.0,5.0,341.8,True,https://wellbeingnutrition.com/products/vegan-protein-french-vanilla-caramel
2026-08-25 09:31 IST,Wellbeing Nutrition,Wellbeing Nutrition,Plant Protein 22g | 500g | 3B CFU Probiotics | Canadian Mixed Berry (Pack of 1),1799.0,1709.0,5.0,341.8,True,https://wellbeingnutrition.com/products/vegan-protein-canadian-mixed-berry
2026-08-25 09:31 IST,Wellbeing Nutrition,Wellbeing Nutrition,Her Superfood Plant Protein | Chocolate Peanut Butter (Pack of 1),1799.0,1709.0,5.0,,True,https://wellbeingnutrition.com/products/superfood-plant-protein-powder-for-women
2026-08-25 09:31 IST,Wellbeing Nutrition,Wellbeing Nutrition,Superfood Plant Protein | British Banoffee Pie (Pack of 1),1799.0,1709.0,5.0,,True,https://wellbeingnutrition.com/products/superfood-plant-protein-powder-in-banoffee-pie
2026-08-25 09:31 IST,Wellbeing Nutrition,Wellbeing Nutrition,Whey Protein Isolate + Concentrate Mango Sachets (Pack of 2),2798.0,2798.0,0.0,,False,https://wellbeingnutrition.com/products/whey-protein-isolate-concentrate-mango-sachets
2026-08-25 09:31 IST,Wellbeing Nutrition,Wellbeing Nutrition,Plant Protein 22g | 907g | 3B CFU Probiotics | Belgian Dark Chocolate (Pack of 1),3399.0,3059.0,10.0,337.27,True,https://wellbeingnutrition.com/products/vegan-protein-belgian-dark-chocolate-probiotics
2026-08-25 09:31 IST,AS-IT-IS Nutrition,AS-IT-IS Nutrition,AS-IT-IS Brown Rice Protein | 27g Protein Per Serving (35g),175.0,122.0,30.3,,True,https://asitisnutrition.com/products/as-it-is-nutrition-brown-rice-protein-80-designed-as-meal-supplement-lab-tested-unflavoured
2026-08-25 09:31 IST,AS-IT-IS Nutrition,AS-IT-IS Nutrition,AS-IT-IS ONE Pea Protein Isolate| 29g Protein Per Serving| Plant Based Protein Powder (36g-Sachet),175.0,122.0,30.3,,False,https://asitisnutrition.com/products/as-it-is-nutrition-pea-protein-isolate-powder
2026-08-25 09:31 IST,AS-IT-IS Nutrition,AS-IT-IS Nutrition,AS-IT-IS Soy Protein Isolate | 30g Protein Per Serving (35g),175.0,122.0,30.3,,True,https://asitisnutrition.com/products/as-it-is-nutrition-buy-soy-protein-isolate-powder-in-india
2026-08-25 09:31 IST,AS-IT-IS Nutrition,AS-IT-IS Nutrition,ATOM Beginners Whey Protein | Supports Muscle-building | Supports Body Strength (Choco Hazel Fusion / 37g),203.0,131.0,35.5,,True,https://asitisnutrition.com/products/atom-beginners-whey-protein
2026-08-25 09:31 IST,AS-IT-IS Nutrition,AS-IT-IS Nutrition,ATOM Performance Whey  | With Safed Musli (Double Rich Chocolate / 45g),220.0,140.0,36.4,,True,https://asitisnutrition.com/products/as-it-is-atom-performance-whey-1kg-with-safed-musli-for-faster-recovery-highly-bioavailable
2026-08-25 09:31 IST,AS-IT-IS Nutrition,AS-IT-IS Nutrition,ATOM Performance Whey  | With Safed Musli (Pista Fusion / 45g),2485.0,140.0,94.4,,False,https://asitisnutrition.com/products/as-it-is-atom-performance-whey-1kg-with-safed-musli-for-faster-recovery-highly-bioavailable
2026-08-25 09:31 IST,AS-IT-IS Nutrition,AS-IT-IS Nutrition,ATOM Performance Whey  | With Safed Musli (Cafe Latte / 45g),2485.0,140.0,94.4,,False,https://asitisnutrition.com/products/as-it-is-atom-performance-whey-1kg-with-safed-musli-for-faster-recovery-highly-bioavailable
2026-08-25 09:31 IST,AS-IT-IS Nutrition,AS-IT-IS Nutrition,ATOM Performance Whey  | With Safed Musli (Cookie delight / 45g),2485.0,140.0,94.4,,False,https://asitisnutrition.com/products/as-it-is-atom-performance-whey-1kg-with-safed-musli-for-faster-recovery-highly-bioavailable
2026-08-25 09:31 IST,AS-IT-IS Nutrition,AS-IT-IS Nutrition,ATOM Performance Whey  | With Safed Musli (Choco hazel fusion / 45g),2485.0,140.0,94.4,,False,https://asitisnutrition.com/products/as-it-is-atom-performance-whey-1kg-with-safed-musli-for-faster-recovery-highly-bioavailable
2026-08-25 09:31 IST,AS-IT-IS Nutrition,AS-IT-IS Nutrition,ATOM Whey Protein (Double Rich Chocolate / (36g Travel Sachet)),262.0,167.0,36.3,463.89,True,https://asitisnutrition.com/products/atom-whey-protein
2026-08-25 09:31 IST,AS-IT-IS Nutrition,AS-IT-IS Nutrition,"AS-IT-IS ONE Whey Protein Concentrate I Single Ingredient | 28g Protein, Unflavoured 35g (35g Sachet (Pack of 1))",305.0,178.0,41.6,593.33,True,https://asitisnutrition.com/products/whey-protein-30g-sachet
2026-08-25 09:31 IST,AS-IT-IS Nutrition,AS-IT-IS Nutrition,ATOM NITRO WHEY WITH CREASURE® (Double Rich Chocolate / 45g),289.0,185.0,36.0,,True,https://asitisnutrition.com/products/atom-nitro-whey-with-creatine-i-33g-protein-3g-creatine-7-4g-bcaa
2026-08-25 09:31 IST,AS-IT-IS Nutrition,AS-IT-IS Nutrition,ATOM NITRO WHEY WITH CREASURE® (Kesar Kulfi / 45g),3407.0,185.0,94.6,,False,https://asitisnutrition.com/products/atom-nitro-whey-with-creatine-i-33g-protein-3g-creatine-7-4g-bcaa
2026-08-25 09:31 IST,AS-IT-IS Nutrition,AS-IT-IS Nutrition,ATOM NITRO WHEY WITH CREASURE® (Classic Vanilla / 45g),3407.0,185.0,94.6,,False,https://asitisnutrition.com/products/atom-nitro-whey-with-creatine-i-33g-protein-3g-creatine-7-4g-bcaa
2026-08-25 09:31 IST,AS-IT-IS Nutrition,AS-IT-IS Nutrition,"AS-IT-IS ONE Whey Protein Concentrate I Single Ingredient | 28g Protein, Unflavoured 35g (35g Sachet (Pack of 1) + Shaker)",438.0,303.0,30.8,1010.0,False,https://asitisnutrition.com/products/whey-protein-30g-sachet
2026-08-25 09:31 IST,MyFitness,MYFITNESS,MyFitness Peanut Butter - Chocolate | 26% Protein | Crispy | Chocolate Peanut Butter Spread (227g),159.0,149.0,6.3,65.64,True,https://myfitness.co.in/products/chocolate-crispy
2026-08-25 09:31 IST,MyFitness,MYFITNESS,"Pro.Fitness High Protein Chocolate Oats | Dark Chocolate | Healthy Oats With Nuts, Seeds & Added Whey (375g)",339.0,219.0,35.4,58.4,True,https://myfitness.co.in/products/high-protein-oats-900g-27g-protein
2026-08-25 09:31 IST,MyFitness,MYFITNESS,Pro.Fitness Rolled Oats | 13% Protein | Healthy Oats With High Fiber and Zero Cholesterol (900g),320.0,269.0,15.9,,True,https://myfitness.co.in/products/pro-fitness-rolled-oats-900g
2026-08-25 09:31 IST,MyFitness,myfitness-official-store,MyFitness Peanut Butter - Classic Zero | 28% Protein | Extra Crunchy | Zero Sugar Peanut Spread (510 g),349.0,275.0,21.2,53.92,True,https://myfitness.co.in/products/myfitness-zero-peanut-butter-crunchy-510g
2026-08-25 09:31 IST,MyFitness,myfitness-official-store,MyFitness Peanut Butter - Chocolate | 26% Protein | Crunchy | Chocolate Peanut Butter Spread (510 g),319.0,275.0,13.8,45.08,True,https://myfitness.co.in/products/myfitness-chocolate-peanut-butter-crunchy
2026-08-25 09:31 IST,MyFitness,myfitness-official-store,MyFitness Peanut Butter - Natural Unsweetened | 31% Protein | Crunchy | Zero Sugar Peanut Butter Spread (510 g),319.0,275.0,13.8,45.08,True,https://myfitness.co.in/products/myfitness-all-natural-peanut-butter-crunchy
2026-08-25 09:31 IST,MyFitness,myfitness-official-store,MyFitness Peanut Butter - Natural Unsweetened | 25% Protein | Smooth | Zero Sugar Peanut Butter Spread (510 g),319.0,275.0,13.8,45.08,True,https://myfitness.co.in/products/myfitness-all-natural-peanut-butter-smooth
2026-08-25 09:31 IST,MyFitness,myfitness-official-store,MyFitness Peanut Butter - Chocolate | 26% Protein | Crispy | Chocolate Peanut Butter Spread (510 g),319.0,275.0,13.8,45.08,True,https://myfitness.co.in/products/myfitness-chocolate-peanut-butter-crispy
2026-08-25 09:31 IST,MyFitness,myfitness-official-store,MyFitness Peanut Butter - Chocolate | 28% Protein | Smooth | Chocolate Peanut Butter Spread (510 g),319.0,275.0,13.8,45.08,True,https://myfitness.co.in/products/myfitness-chocolate-peanut-butter-smooth
2026-08-25 09:31 IST,MyFitness,myfitness-official-store,MyFitness Peanut Butter - Original | 28% Protein | Crunchy | Classic Peanut Butter Spread (510 g),319.0,275.0,13.8,45.08,True,https://myfitness.co.in/products/myfitness-original-peanut-butter-crunchy
2026-08-25 09:31 IST,MyFitness,myfitness-official-store,MyFitness Peanut Butter - Original | 28% Protein | Smooth | Classic Peanut Butter Spread (510 g),319.0,275.0,13.8,45.08,True,https://myfitness.co.in/products/myfitness-original-peanut-butter-smooth
2026-08-25 09:31 IST,MyFitness,MYFITNESS,MyFitness Peanut Butter - Chocolate | 25% Protein | Almond Crunch | Chocolate Peanut Butter Spread (510 g),379.0,279.0,26.4,54.71,True,https://myfitness.co.in/products/myfitness-chocolate-peanut-butter-with-almond-crunch
2026-08-25 09:31 IST,MyFitness,MYFITNESS,MyFitness x Batman | Chocolate Zero Peanut Butter Extra Crunchy | 27% Protein | Zero Added Sugar | High Protein (510 g),369.0,299.0,19.0,58.63,True,https://myfitness.co.in/products/myfitness-zero-chocolate-peanut-butter-crunchy-zero-sugar-extra-crunch-510g-27g-protein-10g-fiber-tasty-healthy-nut-butter-spread-cholesterol-free-zero-trans-fat-crunchy-peanut-butter
2026-08-25 09:31 IST,MyFitness,MYFITNESS,MyFitness Peanut Butter - Dark Chocolate | 30% Protein | Smooth | Rich Chocolate Peanut Butter Spread (510 g),399.0,299.0,25.1,49.02,True,https://myfitness.co.in/products/myfitness-olympia-edition-dark-chocolate-peanut-butter-with-added-whey-smooth
2026-08-25 09:31 IST,MyFitness,MYFITNESS,MyFitness Peanut Butter - Dark Chocolate | 29% Protein | Crispy | Rich Chocolate Peanut Butter Spread (510 g),399.0,319.0,20.1,52.3,False,https://myfitness.co.in/products/myfitness-peanut-butter-dark-chocolate-29-protein-crispy-rich-chocolate-peanut-butter-spread
2026-08-25 09:31 IST,Naturaltein,naturaltein,The Protein Dessert E-Cook Book by Naturaltein,599.0,399.0,33.4,,True,https://naturaltein.in/products/the-protein-dessert-e-cook-book-by-naturaltein
2026-08-25 09:31 IST,Naturaltein,naturaltein,Natural Plant Protein (Chocolate / 1 Box (500 g)),3000.0,1112.0,62.9,222.4,True,https://naturaltein.in/products/plant-protein
2026-08-25 09:31 IST,Naturaltein,naturaltein,Natural Plant Protein (Mango / 1 Box (500 g)),3000.0,1112.0,62.9,222.4,True,https://naturaltein.in/products/plant-protein
2026-08-25 09:31 IST,Naturaltein,naturaltein,Natural Plant Protein (Berry / 1 Box (500 g)),3000.0,1112.0,62.9,222.4,True,https://naturaltein.in/products/plant-protein
2026-08-25 09:31 IST,Naturaltein,naturaltein,Natural Plant Protein (Pista / 1 Box (500 g)),3000.0,1112.0,62.9,222.4,True,https://naturaltein.in/products/plant-protein
2026-08-25 09:31 IST,Naturaltein,naturaltein,Natural Plant Protein (Coffee / 1 Box (500 g)),3000.0,1112.0,62.9,222.4,True,https://naturaltein.in/products/plant-protein
2026-08-25 09:31 IST,Naturaltein,naturaltein,Natural Whey Protein Concentrate (Italian Ice Cream / 1 Box (300 g)),1424.0,1299.0,8.8,433.0,False,https://naturaltein.in/products/whey-protein-concentrate
2026-08-25 09:31 IST,Naturaltein,naturaltein,Natural Whey Protein Concentrate (Chocolate Biscoff / 1 Box (300 g)),1424.0,1399.0,1.8,466.33,False,https://naturaltein.in/products/whey-protein-concentrate
2026-08-25 09:31 IST,Naturaltein,naturaltein,Natural Whey Protein Concentrate (Chocolate Caramel / 1 Box (300 g)),1424.0,1399.0,1.8,466.33,False,https://naturaltein.in/products/whey-protein-concentrate
2026-08-25 09:31 IST,Naturaltein,naturaltein,Natural Whey Protein Concentrate (Chocolate / 1 Box (300 g)),2500.0,1524.0,39.0,508.0,True,https://naturaltein.in/products/whey-protein-concentrate
2026-08-25 09:31 IST,Naturaltein,naturaltein,Natural Whey Protein Concentrate (Unflavoured / 1 Box (300 g)),2500.0,1524.0,39.0,508.0,True,https://naturaltein.in/products/whey-protein-concentrate
2026-08-25 09:31 IST,Naturaltein,naturaltein,Natural Whey Protein Concentrate (Caffe Mocha / 1 Box (300 g)),2500.0,1524.0,39.0,508.0,True,https://naturaltein.in/products/whey-protein-concentrate
2026-08-25 09:31 IST,Naturaltein,naturaltein,Natural Plant Protein (Chocolate / 2 Boxes (1 kg)),6000.0,1600.0,73.3,160.0,True,https://naturaltein.in/products/plant-protein
2026-08-25 09:31 IST,Naturaltein,naturaltein,Natural Plant Protein (Mango / 2 Boxes (1 kg)),6000.0,1600.0,73.3,160.0,True,https://naturaltein.in/products/plant-protein
2026-08-25 09:31 IST,Naturaltein,naturaltein,Natural Plant Protein (Berry / 2 Boxes (1 kg)),6000.0,1600.0,73.3,160.0,True,https://naturaltein.in/products/plant-protein
2026-08-25 09:31 IST,GNC India,GNC India,GNC Superfood Plant Isolate 35 gram (35gm / Chocolate),149.0,1.0,99.3,,True,https://gnc.in/products/gnc-superfood-plant-isolate-35-gram
2026-08-25 09:31 IST,GNC India,GNC India,GNC Superfood Plant Isolate 35 gram (35gm / Coffee),149.0,1.0,99.3,,True,https://gnc.in/products/gnc-superfood-plant-isolate-35-gram
2026-08-25 09:31 IST,GNC India,GNC India,GNC Superfood Plant Isolate 35 gram (35gm / Mango),149.0,1.0,99.3,,True,https://gnc.in/products/gnc-superfood-plant-isolate-35-gram
2026-08-25 09:31 IST,GNC India,GNC India,GNC Superfood Plant Isolate 35 gram (35gm / Vanilla),149.0,1.0,99.3,,False,https://gnc.in/products/gnc-superfood-plant-isolate-35-gram
2026-08-25 09:31 IST,GNC India,GNC India,PP Protein Wafer Bar Mini 20gm (Chocolate / 20 gm),60.0,40.0,33.3,200.0,True,https://gnc.in/products/pp-protein-wafer-bar-mini-20gm
2026-08-25 09:31 IST,GNC India,GNC India,PP Protein Wafer Bar Mini 20gm (Coffee / 20 gm),60.0,40.0,33.3,200.0,True,https://gnc.in/products/pp-protein-wafer-bar-mini-20gm
2026-08-25 09:31 IST,GNC India,GNC India,PP Protein Wafer Bar Mini 20gm (Peanut Butter / 20 gm),60.0,40.0,33.3,200.0,True,https://gnc.in/products/pp-protein-wafer-bar-mini-20gm
2026-08-25 09:31 IST,GNC India,GNC,GNC Protein Wafer Bar (Chocolate) (Pack of 1 / Chocolate),59.0,55.0,6.8,,True,https://gnc.in/products/gnc-protein-wafer-bar-chocolate
2026-08-25 09:31 IST,GNC India,GNC,GNC Protein Wafer Bar (Peanut butter) (Pack of 1 / Peanut Butter),59.0,55.0,6.8,,True,https://gnc.in/products/gnc-protein-wafer-bar-peanut-butter
2026-08-25 09:31 IST,GNC India,GNC,GNC Protein Wafer Bar (Coffee) (Pack of 1 / Coffee),59.0,55.0,6.8,,True,https://gnc.in/products/gnc-protein-wafer-bar-coffee
2026-08-25 09:31 IST,GNC India,GNC,GNC Protein Wafer Bar (40g / Chocolate),60.0,55.0,8.3,137.5,True,https://gnc.in/products/gnc-protein-wafer-bar-upsell
2026-08-25 09:31 IST,GNC India,GNC India,GNC Select Fermented Yeast Protein Isolate (35gm) (35 gm / Chocolate),149.0,65.0,56.4,185.71,True,https://gnc.in/products/gnc-select-fermented-yeast-protein-isolate-35gm
2026-08-25 09:31 IST,GNC India,GNC India,GNC Select Fermented Yeast Protein Isolate (35gm) (35 gm / Coffee),149.0,65.0,56.4,185.71,True,https://gnc.in/products/gnc-select-fermented-yeast-protein-isolate-35gm
2026-08-25 09:31 IST,GNC India,GNC India,GNC Select Fermented Yeast Protein Isolate (35gm) (35 gm / Vanilla),149.0,65.0,56.4,185.71,True,https://gnc.in/products/gnc-select-fermented-yeast-protein-isolate-35gm
2026-08-25 09:31 IST,GNC India,GNC India,GNC Select Fermented Yeast Protein Isolate (35 gm / Chocolate),149.0,69.0,53.7,197.14,True,https://gnc.in/products/gnc-select-fermented-yeast-protein
2026-08-26 09:34 IST,Nutrabay,Nutrabay,Nutrabay Gold Pea Protein,69,49,29.0,122.5,True,https://nutrabay.com/product/nutrabay-gold-hydrolyzed-pea-protein/?pId=3302532
2026-08-26 09:34 IST,Nutrabay,Nutrabay,Nutrabay Gold Pea Protein,69,59,14.5,147.5,True,https://nutrabay.com/product/nutrabay-gold-hydrolyzed-pea-protein/?pId=3302532
2026-08-26 09:34 IST,Nutrabay,Nutrabay,Nutrabay Gold Pea Protein,69,69,0.0,172.5,True,https://nutrabay.com/product/nutrabay-gold-hydrolyzed-pea-protein/?pId=3302532
2026-08-26 09:34 IST,Nutrabay,Velbiom,Velbiom Happy Cultures Tastiest Plant Protein,600,499,16.8,346.53,True,https://nutrabay.com/product/velbiom-happy-cultures-tastiest-plant-protein/?pId=7407265
2026-08-26 09:34 IST,Nutrabay,Nutrabay,Nutrabay Pure Pea Protein Isolate,669,599,10.5,119.8,True,https://nutrabay.com/product/nutrabay-pure-100-pea-protein-isolate/?pId=4537768
2026-08-26 09:34 IST,Nutrabay,TruNativ,TruNativ Plant Based Everyday Protein - Protein You Can Cook With!,699,599,14.3,363.03,True,https://nutrabay.com/product/trunativ-plant-based-everyday-protein-protein-you-can-cook-with/?pId=9485223
2026-08-26 09:34 IST,Nutrabay,Nutrabay,Nutrabay Wellness Vegan Plant Protein Powder + Superfoods,1199,699,41.7,139.8,True,https://nutrabay.com/product/nutrabay-wellness-vegan-plant-protein-powder-superfoods/?pId=4698878
2026-08-26 09:34 IST,Nutrabay,Nutrabay,Nutrabay BioAbsorb™ Whey Protein Powder | Clinically Tested 54% Better Protein Absorption | 26g Protein/Scoop | India's 1st Protein with ProDiFi™ for No Bloating | No Added Sugar,859,749,12.8,413.81,True,https://nutrabay.com/product/nutrabay-bioabsorb-whey-protein/?pId=8042444
2026-08-26 09:34 IST,Nutrabay,Nutrabay,Nutrabay Gold Pea Protein,1049,749,28.6,149.8,True,https://nutrabay.com/product/nutrabay-gold-hydrolyzed-pea-protein/?pId=3302532
2026-08-26 09:34 IST,Nutrabay,Nutrabay,Nutrabay Gold Pea Protein,899,749,16.7,149.8,True,https://nutrabay.com/product/nutrabay-gold-hydrolyzed-pea-protein/?pId=3302532
2026-08-26 09:34 IST,Nutrabay,Nutrabay,Nutrabay Wellness Vegan Plant Protein Powder + Superfoods,1199,799,33.4,159.8,True,https://nutrabay.com/product/nutrabay-wellness-vegan-plant-protein-powder-superfoods/?pId=4698878
2026-08-26 09:34 IST,Nutrabay,Nutrabay,Nutrabay Gold Pea Protein,1049,799,23.8,159.8,True,https://nutrabay.com/product/nutrabay-gold-hydrolyzed-pea-protein/?pId=3302532
2026-08-26 09:34 IST,Nutrabay,Nutrabay,Nutrabay Pure Pea Protein Isolate,1349,899,33.4,89.9,True,https://nutrabay.com/product/nutrabay-pure-100-pea-protein-isolate/?pId=4537768
2026-08-26 09:34 IST,Nutrabay,Nakpro Nutrition,Nakpro Nutrition Platinum Soy Protein Isolate,2050,899,56.1,89.9,True,https://nutrabay.com/product/nakpro-vegan-soy-protein-isolate-90-raw-pure-natural-vegetarian-plant-protein-supplement-powder/?pId=3990475
2026-08-26 09:34 IST,Nutrabay,Nakpro Nutrition,Nakpro Nutrition Platinum Soy Protein Isolate,2050,899,56.1,89.9,True,https://nutrabay.com/product/nakpro-vegan-soy-protein-isolate-90-raw-pure-natural-vegetarian-plant-protein-supplement-powder/?pId=3990475
2026-08-26 09:34 IST,Fast&Up,Fastandup,100% Pure & Natural Moringa Powder,250.0,225.0,10.0,,True,https://in.fastandup.com/products/100-pure-natural-moringa-powder
2026-08-26 09:34 IST,Fast&Up,Fastandup,Plant Protein - Assorted Pack,270.0,243.0,10.0,,True,https://in.fastandup.com/products/fast-up-plant-protein-assorted-pack
2026-08-26 09:34 IST,Fast&Up,Fastandup,Plant Protein - Rich Chocolate - Single Serving Sachet Combo Pack (Rich Chocolate / Pack of 5),450.0,396.0,12.0,,True,https://in.fastandup.com/products/plant-protein-rich-chocolate-single-serving-sachet-combo-pack
2026-08-26 09:34 IST,Fast&Up,Fastandup,Plant Protein - Rich Chocolate - Single Serving Sachet Combo Pack (Rich Chocolate / Pack of 10),900.0,765.0,15.0,,True,https://in.fastandup.com/products/plant-protein-rich-chocolate-single-serving-sachet-combo-pack
2026-08-26 09:34 IST,Fast&Up,Fastandup,Plant Protein - Rich Chocolate – 500gms,1599.0,831.0,48.0,166.2,True,https://in.fastandup.com/products/plant-protein-powder-500gms
2026-08-26 09:34 IST,Fast&Up,Fastandup,Plant Protein - Cookies & Cream - 500g,1599.0,1103.0,31.0,220.6,True,https://in.fastandup.com/products/plant-protein-cookies-cream-500g
2026-08-26 09:34 IST,Fast&Up,Fastandup,Plant Protein - Rich Chocolate - Single Serving Sachet Combo Pack (Rich Chocolate / Pack of 15),1350.0,1107.0,18.0,,True,https://in.fastandup.com/products/plant-protein-rich-chocolate-single-serving-sachet-combo-pack
2026-08-26 09:34 IST,Fast&Up,Fastandup,Plant Protein - Alphonso Mango - 1Kg,3115.0,1620.0,48.0,162.0,False,https://in.fastandup.com/products/plant-protein-alphonso-mango-25-servings
2026-08-26 09:34 IST,Fast&Up,Fastandup,Plant Protein - Kesar Kulfi - 1kg,3115.0,1620.0,48.0,162.0,False,https://in.fastandup.com/products/plant-protein-powder-special-festive-pack
2026-08-26 09:34 IST,Fast&Up,Fastandup,Plant Protein - Cookies & Cream - 1Kg,3115.0,1620.0,48.0,162.0,True,https://in.fastandup.com/products/plant-protein-cookies-cream-1-kg
2026-08-26 09:34 IST,Fast&Up,Fastandup,Plant Protein - Strawberry Blast - 25 Servings,3115.0,1620.0,48.0,,True,https://in.fastandup.com/products/plant-protein-strawberry-25-servings
2026-08-26 09:34 IST,Fast&Up,Fastandup,Plant Protein - Rich Chocolate - 1kg,3115.0,1620.0,48.0,162.0,True,https://in.fastandup.com/products/plant-protein-rich-chocolate-1kg
2026-08-26 09:34 IST,Fast&Up,Fastandup,Plant Protein - Cookies & Cream - 500g Pack of 2,3198.0,1999.0,37.5,399.8,True,https://in.fastandup.com/products/plant-protein-cookies-cream-500g-pack-of-2
2026-08-26 09:34 IST,Fast&Up,Fastandup,Daily Fiber + Plant Protein Rich Chocolate Combo,3715.0,2299.0,38.1,,True,https://in.fastandup.com/products/daily-fiber-plant-protein-rich-chocolate-combo
2026-08-26 09:34 IST,Fast&Up,Fastandup,Plant Protein Rich Chocolate - 1kg pouch+ Plant Protein Cookies Cream- 1kg Pouch,6230.0,3240.0,48.0,324.0,True,https://in.fastandup.com/products/plant-protein-rich-chocolate-1kg-pouch-plant-protein-cookies-cream-1kg-pouch
2026-08-26 09:34 IST,OZiva,OZiva,Plant Protein + Pro-Digest (Mango),139.0,139.0,0.0,,True,https://oziva.in/products/plant-protein-pro-digest
2026-08-26 09:34 IST,OZiva,OZiva,Pro-Collagen Protein Peptides Caramel | 250g,799.0,433.0,45.8,173.2,True,https://oziva.in/products/pro-collagen-protein-peptides-caramel-250g
2026-08-26 09:34 IST,OZiva,OZiva,"Vegan Collagen, Clinically Proven (Watermelon / Starter Pack-125g)",499.0,459.0,8.0,367.2,True,https://oziva.in/products/plant-based-collagen
2026-08-26 09:34 IST,OZiva,OZiva,Plant Protein + Pro-Digest (Assorted),699.0,699.0,0.0,,True,https://oziva.in/products/plant-protein-pro-digest
2026-08-26 09:34 IST,OZiva,OZiva,Plant Protein + Pro-Digest (Chocolate),699.0,699.0,0.0,,False,https://oziva.in/products/plant-protein-pro-digest
2026-08-26 09:34 IST,OZiva,OZiva,Plant Protein + Pro-Digest (Strawberry),699.0,699.0,0.0,,False,https://oziva.in/products/plant-protein-pro-digest
2026-08-26 09:34 IST,OZiva,OZiva,Plant Protein + Pro-Digest (Vanilla),699.0,699.0,0.0,,False,https://oziva.in/products/plant-protein-pro-digest
2026-08-26 09:34 IST,OZiva,OZiva,Bioactive Plant Protein (Assorted / Starter Pack),699.0,699.0,0.0,,True,https://oziva.in/products/oziva-bioactive-plant-protein-with-25g-vegan-protein-5-5-bcaas-100-rda-vitamins-minerals-ayurvedic-herbs-for-better-endurance-stamina-muscle-recovery-1-kg
2026-08-26 09:34 IST,OZiva,OZiva,Daily Protein Activ for Women (Rich Chocolate / Starter Pack),799.0,749.0,6.3,,True,https://oziva.in/products/daily-protein-activ-for-women-with-clean-whey-protein-multivitamins-tulsi-probiotics-for-improved-everyday-energy-stamina-bone-health-immune-health
2026-08-26 09:34 IST,OZiva,OZiva,Daily Protein Activ for Women (Classic Vanilla / Starter Pack),799.0,749.0,6.3,,False,https://oziva.in/products/daily-protein-activ-for-women-with-clean-whey-protein-multivitamins-tulsi-probiotics-for-improved-everyday-energy-stamina-bone-health-immune-health
2026-08-26 09:34 IST,OZiva,OZiva,"Pro-Collagen Protein Peptides, 250 g (Starter Pack)",849.0,799.0,5.9,319.6,True,https://oziva.in/products/oziva-pro-collagen-protein-peptides-with-clean-protein-green-coffee-hyaluronic-acid-biotin-for-skin-hair-health-muscle-joint-health-protein-breakdown-caramel-250-g
2026-08-26 09:34 IST,OZiva,OZiva,"Vegan Collagen, Clinically Proven (Guava Glow / Starter Pack)",959.0,929.0,3.1,,True,https://oziva.in/products/plant-based-collagen
2026-08-26 09:34 IST,OZiva,OZiva,"Vegan Collagen, Clinically Proven (Classic / Starter Pack)",959.0,929.0,3.1,,True,https://oziva.in/products/plant-based-collagen
2026-08-26 09:34 IST,OZiva,OZiva,"Vegan Collagen, Clinically Proven (Berry Orange / Starter Pack)",959.0,929.0,3.1,,True,https://oziva.in/products/plant-based-collagen
2026-08-26 09:34 IST,OZiva,OZiva,"Vegan Collagen, Clinically Proven (Watermelon / Starter Pack)",959.0,929.0,3.1,,True,https://oziva.in/products/plant-based-collagen
2026-08-26 09:34 IST,Wellbeing Nutrition,Wellbeing Nutrition,Kids Protein Vanilla Free Sachet,79.0,79.0,0.0,,True,https://wellbeingnutrition.com/products/kids-protein-vanilla-free-sachet
2026-08-26 09:34 IST,Wellbeing Nutrition,Wellbeing Nutrition,Kids Protein Chocolate Sachet,79.0,79.0,0.0,,True,https://wellbeingnutrition.com/products/kids-protein-chocolate-sachet
2026-08-26 09:34 IST,Wellbeing Nutrition,Wellbeing Nutrition,Kids Protein Vanilla Sachet,79.0,79.0,0.0,,True,https://wellbeingnutrition.com/products/kids-protein-vanilla-sachet
2026-08-26 09:34 IST,Wellbeing Nutrition,Wellbeing Nutrition,Vegan Protein Dark Chocolate Hazelnut Sachet,150.0,150.0,0.0,,True,https://wellbeingnutrition.com/products/vegan-protein-dark-chocolate-hazelnut-sachet
2026-08-26 09:34 IST,Wellbeing Nutrition,Wellbeing Nutrition,Whey Protein Isolate Dark Chocolate Sachet (Pack of 1),160.0,160.0,0.0,,False,https://wellbeingnutrition.com/products/whey-protein-isolate-dark-chocolate-sachet
2026-08-26 09:34 IST,Wellbeing Nutrition,Wellbeing Nutrition,Whey Protein Isolate + Concentrate Mango Sachets (Pack of 1),1399.0,1399.0,0.0,,False,https://wellbeingnutrition.com/products/whey-protein-isolate-concentrate-mango-sachets
2026-08-26 09:34 IST,Wellbeing Nutrition,Wellbeing Nutrition,Plant Protein 22g | 500g | 3B CFU Probiotics | Belgian Dark Chocolate (Pack of 1),1799.0,1619.0,10.0,323.8,True,https://wellbeingnutrition.com/products/vegan-protein-belgian-chocolate
2026-08-26 09:34 IST,Wellbeing Nutrition,Wellbeing Nutrition,Plant Protein 22g | 500g | 3B CFU Probiotics | Dark Chocolate Hazelnut (Pack of 1),1799.0,1709.0,5.0,341.8,True,https://wellbeingnutrition.com/products/vegan-protein-dark-chocolate-hazelnut
2026-08-26 09:34 IST,Wellbeing Nutrition,Wellbeing Nutrition,Plant Protein 22g | 500g | 3B CFU Probiotics | Italian Cafe Mocha (Pack of 1),1799.0,1709.0,5.0,341.8,False,https://wellbeingnutrition.com/products/vegan-protein-italian-cafe-mocha
2026-08-26 09:34 IST,Wellbeing Nutrition,Wellbeing Nutrition,Plant Protein 22g | 500g | 3B CFU Probiotics | French Vanilla Caramel (Pack of 1),1799.0,1709.0,5.0,341.8,True,https://wellbeingnutrition.com/products/vegan-protein-french-vanilla-caramel
2026-08-26 09:34 IST,Wellbeing Nutrition,Wellbeing Nutrition,Plant Protein 22g | 500g | 3B CFU Probiotics | Canadian Mixed Berry (Pack of 1),1799.0,1709.0,5.0,341.8,True,https://wellbeingnutrition.com/products/vegan-protein-canadian-mixed-berry
2026-08-26 09:34 IST,Wellbeing Nutrition,Wellbeing Nutrition,Her Superfood Plant Protein | Chocolate Peanut Butter (Pack of 1),1799.0,1709.0,5.0,,True,https://wellbeingnutrition.com/products/superfood-plant-protein-powder-for-women
2026-08-26 09:34 IST,Wellbeing Nutrition,Wellbeing Nutrition,Superfood Plant Protein | British Banoffee Pie (Pack of 1),1799.0,1709.0,5.0,,True,https://wellbeingnutrition.com/products/superfood-plant-protein-powder-in-banoffee-pie
2026-08-26 09:34 IST,Wellbeing Nutrition,Wellbeing Nutrition,Whey Protein Isolate + Concentrate Mango Sachets (Pack of 2),2798.0,2798.0,0.0,,False,https://wellbeingnutrition.com/products/whey-protein-isolate-concentrate-mango-sachets
2026-08-26 09:34 IST,Wellbeing Nutrition,Wellbeing Nutrition,Plant Protein 22g | 907g | 3B CFU Probiotics | Belgian Dark Chocolate (Pack of 1),3399.0,3059.0,10.0,337.27,True,https://wellbeingnutrition.com/products/vegan-protein-belgian-dark-chocolate-probiotics
2026-08-26 09:34 IST,AS-IT-IS Nutrition,AS-IT-IS Nutrition,"AS-IT-IS ONE Brown Rice Protein | 27g Protein, 5.8g BCAA, 10.9g EAA per Serving | Plant Protein | Single-Ingredient, Unflavoured (35g)",175.0,122.0,30.3,,True,https://asitisnutrition.com/products/as-it-is-nutrition-brown-rice-protein-80-designed-as-meal-supplement-lab-tested-unflavoured
2026-08-26 09:34 IST,AS-IT-IS Nutrition,AS-IT-IS Nutrition,"AS-IT-IS ONE Pea Protein Isolate | 29g Protein, 5g BCAA, 10.8g EAA per Serving | Plant Protein | Single-Ingredient, Unflavoured (36g-Sachet)",175.0,122.0,30.3,,False,https://asitisnutrition.com/products/as-it-is-nutrition-pea-protein-isolate-powder
2026-08-26 09:34 IST,AS-IT-IS Nutrition,AS-IT-IS Nutrition,"AS-IT-IS ONE Soy Protein Isolate | 30g Protein, 5g BCAA, 10.7g EAA per Serving | Plant Protein | Single-Ingredient, Unflavoured (35g)",175.0,122.0,30.3,,True,https://asitisnutrition.com/products/as-it-is-nutrition-buy-soy-protein-isolate-powder-in-india
2026-08-26 09:34 IST,AS-IT-IS Nutrition,AS-IT-IS Nutrition,"AS-IT-IS ATOM Beginners Whey Protein | 15g Protein, 3g BCAA, 6.9g EAA per Serving | With DigeZyme® Enzymes (Choco Hazel Fusion / 37g)",203.0,131.0,35.5,,True,https://asitisnutrition.com/products/atom-beginners-whey-protein
2026-08-26 09:34 IST,AS-IT-IS Nutrition,AS-IT-IS Nutrition,"AS-IT-IS ATOM Performance Whey | 25g Protein, 5.9g BCAA, 11.7g EAA per Serving | With Safed Musli, Mucuna & DigeZyme® Enzymes (Double Rich Chocolate / 45g)",220.0,140.0,36.4,,True,https://asitisnutrition.com/products/as-it-is-atom-performance-whey-1kg-with-safed-musli-for-faster-recovery-highly-bioavailable
2026-08-26 09:34 IST,AS-IT-IS Nutrition,AS-IT-IS Nutrition,"AS-IT-IS ATOM Performance Whey | 25g Protein, 5.9g BCAA, 11.7g EAA per Serving | With Safed Musli, Mucuna & DigeZyme® Enzymes (Pista Fusion / 45g)",2485.0,140.0,94.4,,False,https://asitisnutrition.com/products/as-it-is-atom-performance-whey-1kg-with-safed-musli-for-faster-recovery-highly-bioavailable
2026-08-26 09:34 IST,AS-IT-IS Nutrition,AS-IT-IS Nutrition,"AS-IT-IS ATOM Performance Whey | 25g Protein, 5.9g BCAA, 11.7g EAA per Serving | With Safed Musli, Mucuna & DigeZyme® Enzymes (Cafe Latte / 45g)",2485.0,140.0,94.4,,False,https://asitisnutrition.com/products/as-it-is-atom-performance-whey-1kg-with-safed-musli-for-faster-recovery-highly-bioavailable
2026-08-26 09:34 IST,AS-IT-IS Nutrition,AS-IT-IS Nutrition,"AS-IT-IS ATOM Performance Whey | 25g Protein, 5.9g BCAA, 11.7g EAA per Serving | With Safed Musli, Mucuna & DigeZyme® Enzymes (Cookie delight / 45g)",2485.0,140.0,94.4,,False,https://asitisnutrition.com/products/as-it-is-atom-performance-whey-1kg-with-safed-musli-for-faster-recovery-highly-bioavailable
2026-08-26 09:34 IST,AS-IT-IS Nutrition,AS-IT-IS Nutrition,"AS-IT-IS ATOM Performance Whey | 25g Protein, 5.9g BCAA, 11.7g EAA per Serving | With Safed Musli, Mucuna & DigeZyme® Enzymes (Choco hazel fusion / 45g)",2485.0,140.0,94.4,,False,https://asitisnutrition.com/products/as-it-is-atom-performance-whey-1kg-with-safed-musli-for-faster-recovery-highly-bioavailable
2026-08-26 09:34 IST,AS-IT-IS Nutrition,AS-IT-IS Nutrition,"AS-IT-IS ATOM Whey Protein | 27g Protein, 5.8g BCAA, 12.5g EAA per Serving | DigeZyme® Enzymes & 1 Billion CFU Probiotics (Double Rich Chocolate / (36g Travel Sachet))",262.0,167.0,36.3,463.89,True,https://asitisnutrition.com/products/atom-whey-protein
2026-08-26 09:34 IST,AS-IT-IS Nutrition,AS-IT-IS Nutrition,"AS-IT-IS ONE Whey Protein Concentrate Sachets | 28g Protein, 6.3g BCAA, 13.2g EAA per Serving | Unflavoured (35g Sachet (Pack of 1))",305.0,178.0,41.6,593.33,True,https://asitisnutrition.com/products/whey-protein-30g-sachet
2026-08-26 09:34 IST,AS-IT-IS Nutrition,AS-IT-IS Nutrition,"AS-IT-IS ATOM Nitro Whey with Creasure® | 33g Protein, 7.4g BCAA, 15.9g EAA, 3g Creatine per Serving | With DigeZyme® Enzymes (Double Rich Chocolate / 45g)",289.0,185.0,36.0,,True,https://asitisnutrition.com/products/atom-nitro-whey-with-creatine-i-33g-protein-3g-creatine-7-4g-bcaa
2026-08-26 09:34 IST,AS-IT-IS Nutrition,AS-IT-IS Nutrition,"AS-IT-IS ATOM Nitro Whey with Creasure® | 33g Protein, 7.4g BCAA, 15.9g EAA, 3g Creatine per Serving | With DigeZyme® Enzymes (Kesar Kulfi / 45g)",3407.0,185.0,94.6,,False,https://asitisnutrition.com/products/atom-nitro-whey-with-creatine-i-33g-protein-3g-creatine-7-4g-bcaa
2026-08-26 09:34 IST,AS-IT-IS Nutrition,AS-IT-IS Nutrition,"AS-IT-IS ATOM Nitro Whey with Creasure® | 33g Protein, 7.4g BCAA, 15.9g EAA, 3g Creatine per Serving | With DigeZyme® Enzymes (Classic Vanilla / 45g)",3407.0,185.0,94.6,,False,https://asitisnutrition.com/products/atom-nitro-whey-with-creatine-i-33g-protein-3g-creatine-7-4g-bcaa
2026-08-26 09:34 IST,AS-IT-IS Nutrition,AS-IT-IS Nutrition,"AS-IT-IS ONE Whey Protein Concentrate Sachets | 28g Protein, 6.3g BCAA, 13.2g EAA per Serving | Unflavoured (35g Sachet (Pack of 1) + Shaker)",438.0,303.0,30.8,1010.0,False,https://asitisnutrition.com/products/whey-protein-30g-sachet
2026-08-26 09:34 IST,MyFitness,MYFITNESS,MyFitness Peanut Butter - Chocolate | 26% Protein | Crispy | Chocolate Peanut Butter Spread (227g),159.0,149.0,6.3,65.64,True,https://myfitness.co.in/products/chocolate-crispy
2026-08-26 09:34 IST,MyFitness,MYFITNESS,"Pro.Fitness High Protein Chocolate Oats | Dark Chocolate | Healthy Oats With Nuts, Seeds & Added Whey (375g)",339.0,219.0,35.4,58.4,True,https://myfitness.co.in/products/high-protein-oats-900g-27g-protein
2026-08-26 09:34 IST,MyFitness,MYFITNESS,Pro.Fitness Rolled Oats | 13% Protein | Healthy Oats With High Fiber and Zero Cholesterol (900g),320.0,269.0,15.9,,True,https://myfitness.co.in/products/pro-fitness-rolled-oats-900g
2026-08-26 09:34 IST,MyFitness,myfitness-official-store,MyFitness Peanut Butter - Classic Zero | 28% Protein | Extra Crunchy | Zero Sugar Peanut Spread (510 g),349.0,275.0,21.2,53.92,True,https://myfitness.co.in/products/myfitness-zero-peanut-butter-crunchy-510g
2026-08-26 09:34 IST,MyFitness,myfitness-official-store,MyFitness Peanut Butter - Chocolate | 26% Protein | Crunchy | Chocolate Peanut Butter Spread (510 g),319.0,275.0,13.8,45.08,True,https://myfitness.co.in/products/myfitness-chocolate-peanut-butter-crunchy
2026-08-26 09:34 IST,MyFitness,myfitness-official-store,MyFitness Peanut Butter - Natural Unsweetened | 31% Protein | Crunchy | Zero Sugar Peanut Butter Spread (510 g),319.0,275.0,13.8,45.08,True,https://myfitness.co.in/products/myfitness-all-natural-peanut-butter-crunchy
2026-08-26 09:34 IST,MyFitness,myfitness-official-store,MyFitness Peanut Butter - Natural Unsweetened | 25% Protein | Smooth | Zero Sugar Peanut Butter Spread (510 g),319.0,275.0,13.8,45.08,True,https://myfitness.co.in/products/myfitness-all-natural-peanut-butter-smooth
2026-08-26 09:34 IST,MyFitness,myfitness-official-store,MyFitness Peanut Butter - Chocolate | 26% Protein | Crispy | Chocolate Peanut Butter Spread (510 g),319.0,275.0,13.8,45.08,True,https://myfitness.co.in/products/myfitness-chocolate-peanut-butter-crispy
2026-08-26 09:34 IST,MyFitness,myfitness-official-store,MyFitness Peanut Butter - Chocolate | 28% Protein | Smooth | Chocolate Peanut Butter Spread (510 g),319.0,275.0,13.8,45.08,True,https://myfitness.co.in/products/myfitness-chocolate-peanut-butter-smooth
2026-08-26 09:34 IST,MyFitness,myfitness-official-store,MyFitness Peanut Butter - Original | 28% Protein | Crunchy | Classic Peanut Butter Spread (510 g),319.0,275.0,13.8,45.08,True,https://myfitness.co.in/products/myfitness-original-peanut-butter-crunchy
2026-08-26 09:34 IST,MyFitness,myfitness-official-store,MyFitness Peanut Butter - Original | 28% Protein | Smooth | Classic Peanut Butter Spread (510 g),319.0,275.0,13.8,45.08,True,https://myfitness.co.in/products/myfitness-original-peanut-butter-smooth
2026-08-26 09:34 IST,MyFitness,MYFITNESS,MyFitness Peanut Butter - Chocolate | 25% Protein | Almond Crunch | Chocolate Peanut Butter Spread (510 g),379.0,279.0,26.4,54.71,True,https://myfitness.co.in/products/myfitness-chocolate-peanut-butter-with-almond-crunch
2026-08-26 09:34 IST,MyFitness,MYFITNESS,MyFitness x Batman | Chocolate Zero Peanut Butter Extra Crunchy | 27% Protein | Zero Added Sugar | High Protein (510 g),369.0,299.0,19.0,58.63,True,https://myfitness.co.in/products/myfitness-zero-chocolate-peanut-butter-crunchy-zero-sugar-extra-crunch-510g-27g-protein-10g-fiber-tasty-healthy-nut-butter-spread-cholesterol-free-zero-trans-fat-crunchy-peanut-butter
2026-08-26 09:34 IST,MyFitness,MYFITNESS,MyFitness Peanut Butter - Dark Chocolate | 30% Protein | Smooth | Rich Chocolate Peanut Butter Spread (510 g),399.0,299.0,25.1,49.02,True,https://myfitness.co.in/products/myfitness-olympia-edition-dark-chocolate-peanut-butter-with-added-whey-smooth
2026-08-26 09:34 IST,MyFitness,MYFITNESS,MyFitness Peanut Butter - Dark Chocolate | 29% Protein | Crispy | Rich Chocolate Peanut Butter Spread (510 g),399.0,319.0,20.1,52.3,True,https://myfitness.co.in/products/myfitness-peanut-butter-dark-chocolate-29-protein-crispy-rich-chocolate-peanut-butter-spread
2026-08-26 09:34 IST,Naturaltein,naturaltein,The Protein Dessert E-Cook Book by Naturaltein,599.0,399.0,33.4,,True,https://naturaltein.in/products/the-protein-dessert-e-cook-book-by-naturaltein
2026-08-26 09:34 IST,Naturaltein,naturaltein,Natural Plant Protein (Chocolate / 1 Box (500 g)),3000.0,1112.0,62.9,222.4,True,https://naturaltein.in/products/plant-protein
2026-08-26 09:34 IST,Naturaltein,naturaltein,Natural Plant Protein (Mango / 1 Box (500 g)),3000.0,1112.0,62.9,222.4,True,https://naturaltein.in/products/plant-protein
2026-08-26 09:34 IST,Naturaltein,naturaltein,Natural Plant Protein (Berry / 1 Box (500 g)),3000.0,1112.0,62.9,222.4,True,https://naturaltein.in/products/plant-protein
2026-08-26 09:34 IST,Naturaltein,naturaltein,Natural Plant Protein (Pista / 1 Box (500 g)),3000.0,1112.0,62.9,222.4,True,https://naturaltein.in/products/plant-protein
2026-08-26 09:34 IST,Naturaltein,naturaltein,Natural Plant Protein (Coffee / 1 Box (500 g)),3000.0,1112.0,62.9,222.4,True,https://naturaltein.in/products/plant-protein
2026-08-26 09:34 IST,Naturaltein,naturaltein,Natural Whey Protein Concentrate (Italian Ice Cream / 1 Box (300 g)),1424.0,1299.0,8.8,433.0,False,https://naturaltein.in/products/whey-protein-concentrate
2026-08-26 09:34 IST,Naturaltein,naturaltein,Natural Whey Protein Concentrate (Chocolate Biscoff / 1 Box (300 g)),1424.0,1399.0,1.8,466.33,False,https://naturaltein.in/products/whey-protein-concentrate
2026-08-26 09:34 IST,Naturaltein,naturaltein,Natural Whey Protein Concentrate (Chocolate Caramel / 1 Box (300 g)),1424.0,1399.0,1.8,466.33,False,https://naturaltein.in/products/whey-protein-concentrate
2026-08-26 09:34 IST,Naturaltein,naturaltein,Natural Whey Protein Concentrate (Chocolate / 1 Box (300 g)),2500.0,1524.0,39.0,508.0,True,https://naturaltein.in/products/whey-protein-concentrate
2026-08-26 09:34 IST,Naturaltein,naturaltein,Natural Whey Protein Concentrate (Unflavoured / 1 Box (300 g)),2500.0,1524.0,39.0,508.0,True,https://naturaltein.in/products/whey-protein-concentrate
2026-08-26 09:34 IST,Naturaltein,naturaltein,Natural Whey Protein Concentrate (Caffe Mocha / 1 Box (300 g)),2500.0,1524.0,39.0,508.0,True,https://naturaltein.in/products/whey-protein-concentrate
2026-08-26 09:34 IST,Naturaltein,naturaltein,Natural Plant Protein (Chocolate / 2 Boxes (1 kg)),6000.0,1600.0,73.3,160.0,True,https://naturaltein.in/products/plant-protein
2026-08-26 09:34 IST,Naturaltein,naturaltein,Natural Plant Protein (Mango / 2 Boxes (1 kg)),6000.0,1600.0,73.3,160.0,True,https://naturaltein.in/products/plant-protein
2026-08-26 09:34 IST,Naturaltein,naturaltein,Natural Plant Protein (Berry / 2 Boxes (1 kg)),6000.0,1600.0,73.3,160.0,True,https://naturaltein.in/products/plant-protein
2026-08-26 09:34 IST,GNC India,GNC India,GNC Superfood Plant Isolate 35 gram (35gm / Chocolate),149.0,1.0,99.3,,True,https://gnc.in/products/gnc-superfood-plant-isolate-35-gram
2026-08-26 09:34 IST,GNC India,GNC India,GNC Superfood Plant Isolate 35 gram (35gm / Coffee),149.0,1.0,99.3,,True,https://gnc.in/products/gnc-superfood-plant-isolate-35-gram
2026-08-26 09:34 IST,GNC India,GNC India,GNC Superfood Plant Isolate 35 gram (35gm / Mango),149.0,1.0,99.3,,True,https://gnc.in/products/gnc-superfood-plant-isolate-35-gram
2026-08-26 09:34 IST,GNC India,GNC India,GNC Superfood Plant Isolate 35 gram (35gm / Vanilla),149.0,1.0,99.3,,False,https://gnc.in/products/gnc-superfood-plant-isolate-35-gram
2026-08-26 09:34 IST,GNC India,GNC India,PP Protein Wafer Bar Mini 20gm (Chocolate / 20 gm),60.0,40.0,33.3,200.0,True,https://gnc.in/products/pp-protein-wafer-bar-mini-20gm
2026-08-26 09:34 IST,GNC India,GNC India,PP Protein Wafer Bar Mini 20gm (Coffee / 20 gm),60.0,40.0,33.3,200.0,True,https://gnc.in/products/pp-protein-wafer-bar-mini-20gm
2026-08-26 09:34 IST,GNC India,GNC India,PP Protein Wafer Bar Mini 20gm (Peanut Butter / 20 gm),60.0,40.0,33.3,200.0,True,https://gnc.in/products/pp-protein-wafer-bar-mini-20gm
2026-08-26 09:34 IST,GNC India,GNC,GNC Protein Wafer Bar (Chocolate) (Pack of 1 / Chocolate),59.0,55.0,6.8,,True,https://gnc.in/products/gnc-protein-wafer-bar-chocolate
2026-08-26 09:34 IST,GNC India,GNC,GNC Protein Wafer Bar (Peanut butter) (Pack of 1 / Peanut Butter),59.0,55.0,6.8,,True,https://gnc.in/products/gnc-protein-wafer-bar-peanut-butter
2026-08-26 09:34 IST,GNC India,GNC,GNC Protein Wafer Bar (Coffee) (Pack of 1 / Coffee),59.0,55.0,6.8,,True,https://gnc.in/products/gnc-protein-wafer-bar-coffee
2026-08-26 09:34 IST,GNC India,GNC,GNC Protein Wafer Bar (40g / Chocolate),60.0,55.0,8.3,137.5,True,https://gnc.in/products/gnc-protein-wafer-bar-upsell
2026-08-26 09:34 IST,GNC India,GNC India,GNC Select Fermented Yeast Protein Isolate (35gm) (35 gm / Chocolate),149.0,65.0,56.4,185.71,True,https://gnc.in/products/gnc-select-fermented-yeast-protein-isolate-35gm
2026-08-26 09:34 IST,GNC India,GNC India,GNC Select Fermented Yeast Protein Isolate (35gm) (35 gm / Coffee),149.0,65.0,56.4,185.71,True,https://gnc.in/products/gnc-select-fermented-yeast-protein-isolate-35gm
2026-08-26 09:34 IST,GNC India,GNC India,GNC Select Fermented Yeast Protein Isolate (35gm) (35 gm / Vanilla),149.0,65.0,56.4,185.71,True,https://gnc.in/products/gnc-select-fermented-yeast-protein-isolate-35gm
2026-08-26 09:34 IST,GNC India,GNC India,GNC Select Fermented Yeast Protein Isolate (35 gm / Chocolate),149.0,69.0,53.7,197.14,True,https://gnc.in/products/gnc-select-fermented-yeast-protein
2026-08-27 19:45 IST,Nutrabay,Velbiom,Velbiom Happy Cultures Tastiest Plant Protein,600,499,16.8,346.53,True,https://nutrabay.com/product/velbiom-happy-cultures-tastiest-plant-protein/?pId=7407265
2026-08-27 19:45 IST,Nutrabay,Nutrabay,Nutrabay Pure Pea Protein Isolate,669,599,10.5,119.8,True,https://nutrabay.com/product/nutrabay-pure-100-pea-protein-isolate/?pId=4537768
2026-08-27 19:45 IST,Nutrabay,TruNativ,TruNativ Plant Based Everyday Protein - Protein You Can Cook With!,699,599,14.3,363.03,True,https://nutrabay.com/product/trunativ-plant-based-everyday-protein-protein-you-can-cook-with/?pId=9485223
2026-08-27 19:45 IST,Nutrabay,Nutrabay,Nutrabay Wellness Vegan Plant Protein Powder + Superfoods,1199,699,41.7,139.8,True,https://nutrabay.com/product/nutrabay-wellness-vegan-plant-protein-powder-superfoods/?pId=4698878
2026-08-27 19:45 IST,Nutrabay,Nutrabay,Nutrabay BioAbsorb™ Whey Protein Powder | Clinically Tested 54% Better Protein Absorption | 26g Protein/Scoop | India's 1st Protein with ProDiFi™ for No Bloating | No Added Sugar,859,749,12.8,413.81,True,https://nutrabay.com/product/nutrabay-bioabsorb-whey-protein/?pId=8042444
2026-08-27 19:45 IST,Nutrabay,Nutrabay,Nutrabay Gold Pea Protein,1049,749,28.6,149.8,True,https://nutrabay.com/product/nutrabay-gold-hydrolyzed-pea-protein/?pId=3302532
2026-08-27 19:45 IST,Nutrabay,Nutrabay,Nutrabay Gold Pea Protein,899,749,16.7,149.8,True,https://nutrabay.com/product/nutrabay-gold-hydrolyzed-pea-protein/?pId=3302532
2026-08-27 19:45 IST,Nutrabay,Nutrabay,Nutrabay Wellness Vegan Plant Protein Powder + Superfoods,1199,799,33.4,159.8,True,https://nutrabay.com/product/nutrabay-wellness-vegan-plant-protein-powder-superfoods/?pId=4698878
2026-08-27 19:45 IST,Nutrabay,Nutrabay,Nutrabay Gold Pea Protein,1049,799,23.8,159.8,True,https://nutrabay.com/product/nutrabay-gold-hydrolyzed-pea-protein/?pId=3302532
2026-08-27 19:45 IST,Nutrabay,Nutrabay,Nutrabay Pure Pea Protein Isolate,1349,899,33.4,89.9,True,https://nutrabay.com/product/nutrabay-pure-100-pea-protein-isolate/?pId=4537768
2026-08-27 19:45 IST,Nutrabay,Nakpro Nutrition,Nakpro Nutrition Platinum Soy Protein Isolate,2050,899,56.1,89.9,True,https://nutrabay.com/product/nakpro-vegan-soy-protein-isolate-90-raw-pure-natural-vegetarian-plant-protein-supplement-powder/?pId=3990475
2026-08-27 19:45 IST,Nutrabay,Nakpro Nutrition,Nakpro Nutrition Platinum Soy Protein Isolate,2300,899,60.9,89.9,True,https://nutrabay.com/product/nakpro-vegan-soy-protein-isolate-90-raw-pure-natural-vegetarian-plant-protein-supplement-powder/?pId=3990475
2026-08-27 19:45 IST,Nutrabay,Optimum Nutrition,Optimum Nutrition (ON) Gold Standard Whey Protein Powder,940,940,0.0,,True,https://nutrabay.com/product/optimum-nutrition-on-100-whey-gold-standard-2/?pId=4471481
2026-08-27 19:45 IST,Nutrabay,Velbiom,Velbiom Happy Cultures Tastiest Plant Protein,1699,949,44.1,187.92,True,https://nutrabay.com/product/velbiom-happy-cultures-tastiest-plant-protein/?pId=7407265
2026-08-27 19:45 IST,Nutrabay,Velbiom,Velbiom Happy Cultures Tastiest Plant Protein,1699,949,44.1,187.92,True,https://nutrabay.com/product/velbiom-happy-cultures-tastiest-plant-protein/?pId=7407265
2026-08-27 19:45 IST,Fast&Up,Fastandup,100% Pure & Natural Moringa Powder,250.0,225.0,10.0,,True,https://in.fastandup.com/products/100-pure-natural-moringa-powder
2026-08-27 19:45 IST,Fast&Up,Fastandup,Plant Protein - Assorted Pack,270.0,243.0,10.0,,True,https://in.fastandup.com/products/fast-up-plant-protein-assorted-pack
2026-08-27 19:45 IST,Fast&Up,Fastandup,Plant Protein - Rich Chocolate - Single Serving Sachet Combo Pack (Rich Chocolate / Pack of 5),450.0,396.0,12.0,,True,https://in.fastandup.com/products/plant-protein-rich-chocolate-single-serving-sachet-combo-pack
2026-08-27 19:45 IST,Fast&Up,Fastandup,Plant Protein - Rich Chocolate - Single Serving Sachet Combo Pack (Rich Chocolate / Pack of 10),900.0,765.0,15.0,,True,https://in.fastandup.com/products/plant-protein-rich-chocolate-single-serving-sachet-combo-pack
2026-08-27 19:45 IST,Fast&Up,Fastandup,Plant Protein - Rich Chocolate – 500gms,1599.0,831.0,48.0,166.2,True,https://in.fastandup.com/products/plant-protein-powder-500gms
2026-08-27 19:45 IST,Fast&Up,Fastandup,Plant Protein - Cookies & Cream - 500g,1599.0,1103.0,31.0,220.6,True,https://in.fastandup.com/products/plant-protein-cookies-cream-500g
2026-08-27 19:45 IST,Fast&Up,Fastandup,Plant Protein - Rich Chocolate - Single Serving Sachet Combo Pack (Rich Chocolate / Pack of 15),1350.0,1107.0,18.0,,True,https://in.fastandup.com/products/plant-protein-rich-chocolate-single-serving-sachet-combo-pack
2026-08-27 19:45 IST,Fast&Up,Fastandup,Plant Protein - Alphonso Mango - 1Kg,3115.0,1620.0,48.0,162.0,False,https://in.fastandup.com/products/plant-protein-alphonso-mango-25-servings
2026-08-27 19:45 IST,Fast&Up,Fastandup,Plant Protein - Kesar Kulfi - 1kg,3115.0,1620.0,48.0,162.0,False,https://in.fastandup.com/products/plant-protein-powder-special-festive-pack
2026-08-27 19:45 IST,Fast&Up,Fastandup,Plant Protein - Cookies & Cream - 1Kg,3115.0,1620.0,48.0,162.0,True,https://in.fastandup.com/products/plant-protein-cookies-cream-1-kg
2026-08-27 19:45 IST,Fast&Up,Fastandup,Plant Protein - Strawberry Blast - 25 Servings,3115.0,1620.0,48.0,,True,https://in.fastandup.com/products/plant-protein-strawberry-25-servings
2026-08-27 19:45 IST,Fast&Up,Fastandup,Plant Protein - Rich Chocolate - 1kg,3115.0,1620.0,48.0,162.0,True,https://in.fastandup.com/products/plant-protein-rich-chocolate-1kg
2026-08-27 19:45 IST,Fast&Up,Fastandup,Plant Protein - Cookies & Cream - 500g Pack of 2,3198.0,1999.0,37.5,399.8,True,https://in.fastandup.com/products/plant-protein-cookies-cream-500g-pack-of-2
2026-08-27 19:45 IST,Fast&Up,Fastandup,Daily Fiber + Plant Protein Rich Chocolate Combo,3715.0,2299.0,38.1,,True,https://in.fastandup.com/products/daily-fiber-plant-protein-rich-chocolate-combo
2026-08-27 19:45 IST,Fast&Up,Fastandup,Plant Protein Rich Chocolate - 1kg pouch+ Plant Protein Cookies Cream- 1kg Pouch,6230.0,3240.0,48.0,324.0,True,https://in.fastandup.com/products/plant-protein-rich-chocolate-1kg-pouch-plant-protein-cookies-cream-1kg-pouch
2026-08-27 19:45 IST,OZiva,OZiva,Plant Protein + Pro-Digest (Mango),139.0,139.0,0.0,,True,https://oziva.in/products/plant-protein-pro-digest
2026-08-27 19:45 IST,OZiva,OZiva,Pro-Collagen Protein Peptides Caramel | 250g,799.0,433.0,45.8,173.2,True,https://oziva.in/products/pro-collagen-protein-peptides-caramel-250g
2026-08-27 19:45 IST,OZiva,OZiva,"Vegan Collagen, Clinically Proven (Watermelon / Starter Pack-125g)",499.0,459.0,8.0,367.2,True,https://oziva.in/products/plant-based-collagen
2026-08-27 19:45 IST,OZiva,OZiva,Plant Protein + Pro-Digest (Assorted),699.0,699.0,0.0,,True,https://oziva.in/products/plant-protein-pro-digest
2026-08-27 19:45 IST,OZiva,OZiva,Plant Protein + Pro-Digest (Chocolate),699.0,699.0,0.0,,False,https://oziva.in/products/plant-protein-pro-digest
2026-08-27 19:45 IST,OZiva,OZiva,Plant Protein + Pro-Digest (Strawberry),699.0,699.0,0.0,,False,https://oziva.in/products/plant-protein-pro-digest
2026-08-27 19:45 IST,OZiva,OZiva,Plant Protein + Pro-Digest (Vanilla),699.0,699.0,0.0,,False,https://oziva.in/products/plant-protein-pro-digest
2026-08-27 19:45 IST,OZiva,OZiva,Bioactive Plant Protein (Assorted / Starter Pack),699.0,699.0,0.0,,True,https://oziva.in/products/oziva-bioactive-plant-protein-with-25g-vegan-protein-5-5-bcaas-100-rda-vitamins-minerals-ayurvedic-herbs-for-better-endurance-stamina-muscle-recovery-1-kg
2026-08-27 19:45 IST,OZiva,OZiva,Daily Protein Activ for Women (Rich Chocolate / Starter Pack),799.0,749.0,6.3,,True,https://oziva.in/products/daily-protein-activ-for-women-with-clean-whey-protein-multivitamins-tulsi-probiotics-for-improved-everyday-energy-stamina-bone-health-immune-health
2026-08-27 19:45 IST,OZiva,OZiva,Daily Protein Activ for Women (Classic Vanilla / Starter Pack),799.0,749.0,6.3,,False,https://oziva.in/products/daily-protein-activ-for-women-with-clean-whey-protein-multivitamins-tulsi-probiotics-for-improved-everyday-energy-stamina-bone-health-immune-health
2026-08-27 19:45 IST,OZiva,OZiva,"Pro-Collagen Protein Peptides, 250 g (Starter Pack)",849.0,799.0,5.9,319.6,True,https://oziva.in/products/oziva-pro-collagen-protein-peptides-with-clean-protein-green-coffee-hyaluronic-acid-biotin-for-skin-hair-health-muscle-joint-health-protein-breakdown-caramel-250-g
2026-08-27 19:45 IST,OZiva,OZiva,"Vegan Collagen, Clinically Proven (Guava Glow / Starter Pack)",959.0,929.0,3.1,,True,https://oziva.in/products/plant-based-collagen
2026-08-27 19:45 IST,OZiva,OZiva,"Vegan Collagen, Clinically Proven (Classic / Starter Pack)",959.0,929.0,3.1,,True,https://oziva.in/products/plant-based-collagen
2026-08-27 19:45 IST,OZiva,OZiva,"Vegan Collagen, Clinically Proven (Berry Orange / Starter Pack)",959.0,929.0,3.1,,True,https://oziva.in/products/plant-based-collagen
2026-08-27 19:45 IST,OZiva,OZiva,"Vegan Collagen, Clinically Proven (Watermelon / Starter Pack)",959.0,929.0,3.1,,True,https://oziva.in/products/plant-based-collagen
2026-08-27 19:45 IST,Wellbeing Nutrition,Wellbeing Nutrition,Kids Protein Vanilla Free Sachet,79.0,79.0,0.0,,True,https://wellbeingnutrition.com/products/kids-protein-vanilla-free-sachet
2026-08-27 19:45 IST,Wellbeing Nutrition,Wellbeing Nutrition,Kids Protein Chocolate Sachet,79.0,79.0,0.0,,True,https://wellbeingnutrition.com/products/kids-protein-chocolate-sachet
2026-08-27 19:45 IST,Wellbeing Nutrition,Wellbeing Nutrition,Kids Protein Vanilla Sachet,79.0,79.0,0.0,,True,https://wellbeingnutrition.com/products/kids-protein-vanilla-sachet
2026-08-27 19:45 IST,Wellbeing Nutrition,Wellbeing Nutrition,Vegan Protein Dark Chocolate Hazelnut Sachet,150.0,150.0,0.0,,True,https://wellbeingnutrition.com/products/vegan-protein-dark-chocolate-hazelnut-sachet
2026-08-27 19:45 IST,Wellbeing Nutrition,Wellbeing Nutrition,Whey Protein Isolate Dark Chocolate Sachet (Pack of 1),160.0,160.0,0.0,,False,https://wellbeingnutrition.com/products/whey-protein-isolate-dark-chocolate-sachet
2026-08-27 19:45 IST,Wellbeing Nutrition,Wellbeing Nutrition,Whey Protein Isolate + Concentrate Mango Sachets (Pack of 1),1399.0,1399.0,0.0,,False,https://wellbeingnutrition.com/products/whey-protein-isolate-concentrate-mango-sachets
2026-08-27 19:45 IST,Wellbeing Nutrition,Wellbeing Nutrition,Plant Protein 22g | 500g | 3B CFU Probiotics | Belgian Dark Chocolate (Pack of 1),1799.0,1619.0,10.0,323.8,True,https://wellbeingnutrition.com/products/vegan-protein-belgian-chocolate
2026-08-27 19:45 IST,Wellbeing Nutrition,Wellbeing Nutrition,Plant Protein 22g | 500g | 3B CFU Probiotics | Dark Chocolate Hazelnut (Pack of 1),1799.0,1709.0,5.0,341.8,True,https://wellbeingnutrition.com/products/vegan-protein-dark-chocolate-hazelnut
2026-08-27 19:45 IST,Wellbeing Nutrition,Wellbeing Nutrition,Plant Protein 22g | 500g | 3B CFU Probiotics | Italian Cafe Mocha (Pack of 1),1799.0,1709.0,5.0,341.8,False,https://wellbeingnutrition.com/products/vegan-protein-italian-cafe-mocha
2026-08-27 19:45 IST,Wellbeing Nutrition,Wellbeing Nutrition,Plant Protein 22g | 500g | 3B CFU Probiotics | French Vanilla Caramel (Pack of 1),1799.0,1709.0,5.0,341.8,True,https://wellbeingnutrition.com/products/vegan-protein-french-vanilla-caramel
2026-08-27 19:45 IST,Wellbeing Nutrition,Wellbeing Nutrition,Plant Protein 22g | 500g | 3B CFU Probiotics | Canadian Mixed Berry (Pack of 1),1799.0,1709.0,5.0,341.8,True,https://wellbeingnutrition.com/products/vegan-protein-canadian-mixed-berry
2026-08-27 19:45 IST,Wellbeing Nutrition,Wellbeing Nutrition,Her Superfood Plant Protein | Chocolate Peanut Butter (Pack of 1),1799.0,1709.0,5.0,,True,https://wellbeingnutrition.com/products/superfood-plant-protein-powder-for-women
2026-08-27 19:45 IST,Wellbeing Nutrition,Wellbeing Nutrition,Superfood Plant Protein | British Banoffee Pie (Pack of 1),1799.0,1709.0,5.0,,True,https://wellbeingnutrition.com/products/superfood-plant-protein-powder-in-banoffee-pie
2026-08-27 19:45 IST,Wellbeing Nutrition,Wellbeing Nutrition,Whey Protein Isolate + Concentrate Mango Sachets (Pack of 2),2798.0,2798.0,0.0,,False,https://wellbeingnutrition.com/products/whey-protein-isolate-concentrate-mango-sachets
2026-08-27 19:45 IST,Wellbeing Nutrition,Wellbeing Nutrition,Plant Protein 22g | 907g | 3B CFU Probiotics | Belgian Dark Chocolate (Pack of 1),3399.0,3059.0,10.0,337.27,True,https://wellbeingnutrition.com/products/vegan-protein-belgian-dark-chocolate-probiotics
2026-08-27 19:45 IST,AS-IT-IS Nutrition,AS-IT-IS Nutrition,"AS-IT-IS ONE Brown Rice Protein | 27g Protein per Serving | Plant Protein | Single-Ingredient, Unflavoured (35g)",175.0,122.0,30.3,,True,https://asitisnutrition.com/products/as-it-is-nutrition-brown-rice-protein-80-designed-as-meal-supplement-lab-tested-unflavoured
2026-08-27 19:45 IST,AS-IT-IS Nutrition,AS-IT-IS Nutrition,"AS-IT-IS ONE Pea Protein Isolate | 29g Protein per Serving | Plant Protein | Single-Ingredient, Unflavoured (36g-Sachet)",175.0,122.0,30.3,,False,https://asitisnutrition.com/products/as-it-is-nutrition-pea-protein-isolate-powder
2026-08-27 19:45 IST,AS-IT-IS Nutrition,AS-IT-IS Nutrition,"AS-IT-IS ONE Soy Protein Isolate | 30g Protein per Serving | Plant Protein | Single-Ingredient, Unflavoured (35g)",175.0,122.0,30.3,,True,https://asitisnutrition.com/products/as-it-is-nutrition-buy-soy-protein-isolate-powder-in-india
2026-08-27 19:45 IST,AS-IT-IS Nutrition,AS-IT-IS Nutrition,AS-IT-IS ATOM Beginners Whey Protein | 15g Protein per Serving | With DigeZyme® Enzymes (Choco Hazel Fusion / 37g),203.0,131.0,35.5,,True,https://asitisnutrition.com/products/atom-beginners-whey-protein
2026-08-27 19:45 IST,AS-IT-IS Nutrition,AS-IT-IS Nutrition,"AS-IT-IS ATOM Performance Whey | 25g Protein per Serving | With Safed Musli, Mucuna & DigeZyme® Enzymes (Double Rich Chocolate / 45g)",220.0,140.0,36.4,,True,https://asitisnutrition.com/products/as-it-is-atom-performance-whey-1kg-with-safed-musli-for-faster-recovery-highly-bioavailable
2026-08-27 19:45 IST,AS-IT-IS Nutrition,AS-IT-IS Nutrition,"AS-IT-IS ATOM Performance Whey | 25g Protein per Serving | With Safed Musli, Mucuna & DigeZyme® Enzymes (Pista Fusion / 45g)",2485.0,140.0,94.4,,False,https://asitisnutrition.com/products/as-it-is-atom-performance-whey-1kg-with-safed-musli-for-faster-recovery-highly-bioavailable
2026-08-27 19:45 IST,AS-IT-IS Nutrition,AS-IT-IS Nutrition,"AS-IT-IS ATOM Performance Whey | 25g Protein per Serving | With Safed Musli, Mucuna & DigeZyme® Enzymes (Cafe Latte / 45g)",2485.0,140.0,94.4,,False,https://asitisnutrition.com/products/as-it-is-atom-performance-whey-1kg-with-safed-musli-for-faster-recovery-highly-bioavailable
2026-08-27 19:45 IST,AS-IT-IS Nutrition,AS-IT-IS Nutrition,"AS-IT-IS ATOM Performance Whey | 25g Protein per Serving | With Safed Musli, Mucuna & DigeZyme® Enzymes (Cookie delight / 45g)",2485.0,140.0,94.4,,False,https://asitisnutrition.com/products/as-it-is-atom-performance-whey-1kg-with-safed-musli-for-faster-recovery-highly-bioavailable
2026-08-27 19:45 IST,AS-IT-IS Nutrition,AS-IT-IS Nutrition,"AS-IT-IS ATOM Performance Whey | 25g Protein per Serving | With Safed Musli, Mucuna & DigeZyme® Enzymes (Choco hazel fusion / 45g)",2485.0,140.0,94.4,,False,https://asitisnutrition.com/products/as-it-is-atom-performance-whey-1kg-with-safed-musli-for-faster-recovery-highly-bioavailable
2026-08-27 19:45 IST,AS-IT-IS Nutrition,AS-IT-IS Nutrition,AS-IT-IS ATOM Whey Protein | 27g Protein per Serving | DigeZyme® Enzymes & 1 Billion CFU Probiotics (Double Rich Chocolate / (36g Travel Sachet)),262.0,167.0,36.3,463.89,True,https://asitisnutrition.com/products/atom-whey-protein
2026-08-27 19:45 IST,AS-IT-IS Nutrition,AS-IT-IS Nutrition,AS-IT-IS ONE Whey Protein Concentrate Sachets | 28g Protein per Serving | Unflavoured (35g Sachet (Pack of 1)),305.0,178.0,41.6,593.33,True,https://asitisnutrition.com/products/whey-protein-30g-sachet
2026-08-27 19:45 IST,AS-IT-IS Nutrition,AS-IT-IS Nutrition,"AS-IT-IS ATOM Nitro Whey with Creasure® | 33g Protein, 3g Creatine per Serving | With DigeZyme® Enzymes (Double Rich Chocolate / 45g)",289.0,185.0,36.0,,True,https://asitisnutrition.com/products/atom-nitro-whey-with-creatine-i-33g-protein-3g-creatine-7-4g-bcaa
2026-08-27 19:45 IST,AS-IT-IS Nutrition,AS-IT-IS Nutrition,"AS-IT-IS ATOM Nitro Whey with Creasure® | 33g Protein, 3g Creatine per Serving | With DigeZyme® Enzymes (Kesar Kulfi / 45g)",3407.0,185.0,94.6,,False,https://asitisnutrition.com/products/atom-nitro-whey-with-creatine-i-33g-protein-3g-creatine-7-4g-bcaa
2026-08-27 19:45 IST,AS-IT-IS Nutrition,AS-IT-IS Nutrition,"AS-IT-IS ATOM Nitro Whey with Creasure® | 33g Protein, 3g Creatine per Serving | With DigeZyme® Enzymes (Classic Vanilla / 45g)",3407.0,185.0,94.6,,False,https://asitisnutrition.com/products/atom-nitro-whey-with-creatine-i-33g-protein-3g-creatine-7-4g-bcaa
2026-08-27 19:45 IST,AS-IT-IS Nutrition,AS-IT-IS Nutrition,AS-IT-IS ONE Whey Protein Concentrate Sachets | 28g Protein per Serving | Unflavoured (35g Sachet (Pack of 1) + Shaker),438.0,303.0,30.8,1010.0,False,https://asitisnutrition.com/products/whey-protein-30g-sachet
2026-08-27 19:45 IST,MyFitness,MYFITNESS,MyFitness Peanut Butter - Chocolate | 26% Protein | Crispy | Chocolate Peanut Butter Spread (227g),159.0,149.0,6.3,65.64,True,https://myfitness.co.in/products/chocolate-crispy
2026-08-27 19:45 IST,MyFitness,MYFITNESS,"Pro.Fitness High Protein Chocolate Oats | Dark Chocolate | Healthy Oats With Nuts, Seeds & Added Whey (375g)",339.0,219.0,35.4,58.4,True,https://myfitness.co.in/products/high-protein-oats-900g-27g-protein
2026-08-27 19:45 IST,MyFitness,MYFITNESS,Pro.Fitness Rolled Oats | 13% Protein | Healthy Oats With High Fiber and Zero Cholesterol (900g),320.0,269.0,15.9,,True,https://myfitness.co.in/products/pro-fitness-rolled-oats-900g
2026-08-27 19:45 IST,MyFitness,myfitness-official-store,MyFitness Peanut Butter - Classic Zero | 28% Protein | Extra Crunchy | Zero Sugar Peanut Spread (510 g),349.0,275.0,21.2,53.92,True,https://myfitness.co.in/products/myfitness-zero-peanut-butter-crunchy-510g
2026-08-27 19:45 IST,MyFitness,myfitness-official-store,MyFitness Peanut Butter - Chocolate | 26% Protein | Crunchy | Chocolate Peanut Butter Spread (510 g),319.0,275.0,13.8,45.08,True,https://myfitness.co.in/products/myfitness-chocolate-peanut-butter-crunchy
2026-08-27 19:45 IST,MyFitness,myfitness-official-store,MyFitness Peanut Butter - Natural Unsweetened | 31% Protein | Crunchy | Zero Sugar Peanut Butter Spread (510 g),319.0,275.0,13.8,45.08,True,https://myfitness.co.in/products/myfitness-all-natural-peanut-butter-crunchy
2026-08-27 19:45 IST,MyFitness,myfitness-official-store,MyFitness Peanut Butter - Natural Unsweetened | 25% Protein | Smooth | Zero Sugar Peanut Butter Spread (510 g),319.0,275.0,13.8,45.08,True,https://myfitness.co.in/products/myfitness-all-natural-peanut-butter-smooth
2026-08-27 19:45 IST,MyFitness,myfitness-official-store,MyFitness Peanut Butter - Chocolate | 26% Protein | Crispy | Chocolate Peanut Butter Spread (510 g),319.0,275.0,13.8,45.08,True,https://myfitness.co.in/products/myfitness-chocolate-peanut-butter-crispy
2026-08-27 19:45 IST,MyFitness,myfitness-official-store,MyFitness Peanut Butter - Chocolate | 28% Protein | Smooth | Chocolate Peanut Butter Spread (510 g),319.0,275.0,13.8,45.08,True,https://myfitness.co.in/products/myfitness-chocolate-peanut-butter-smooth
2026-08-27 19:45 IST,MyFitness,myfitness-official-store,MyFitness Peanut Butter - Original | 28% Protein | Crunchy | Classic Peanut Butter Spread (510 g),319.0,275.0,13.8,45.08,True,https://myfitness.co.in/products/myfitness-original-peanut-butter-crunchy
2026-08-27 19:45 IST,MyFitness,myfitness-official-store,MyFitness Peanut Butter - Original | 28% Protein | Smooth | Classic Peanut Butter Spread (510 g),319.0,275.0,13.8,45.08,True,https://myfitness.co.in/products/myfitness-original-peanut-butter-smooth
2026-08-27 19:45 IST,MyFitness,MYFITNESS,MyFitness Peanut Butter - Chocolate | 25% Protein | Almond Crunch | Chocolate Peanut Butter Spread (510 g),379.0,279.0,26.4,54.71,True,https://myfitness.co.in/products/myfitness-chocolate-peanut-butter-with-almond-crunch
2026-08-27 19:45 IST,MyFitness,MYFITNESS,MyFitness x Batman | Chocolate Zero Peanut Butter Extra Crunchy | 27% Protein | Zero Added Sugar | High Protein (510 g),369.0,299.0,19.0,58.63,True,https://myfitness.co.in/products/myfitness-zero-chocolate-peanut-butter-crunchy-zero-sugar-extra-crunch-510g-27g-protein-10g-fiber-tasty-healthy-nut-butter-spread-cholesterol-free-zero-trans-fat-crunchy-peanut-butter
2026-08-27 19:45 IST,MyFitness,MYFITNESS,MyFitness Peanut Butter - Dark Chocolate | 30% Protein | Smooth | Rich Chocolate Peanut Butter Spread (510 g),399.0,299.0,25.1,49.02,True,https://myfitness.co.in/products/myfitness-olympia-edition-dark-chocolate-peanut-butter-with-added-whey-smooth
2026-08-27 19:45 IST,MyFitness,MYFITNESS,MyFitness Peanut Butter - Dark Chocolate | 29% Protein | Crispy | Rich Chocolate Peanut Butter Spread (510 g),399.0,319.0,20.1,52.3,True,https://myfitness.co.in/products/myfitness-peanut-butter-dark-chocolate-29-protein-crispy-rich-chocolate-peanut-butter-spread
2026-08-27 19:45 IST,Naturaltein,naturaltein,The Protein Dessert E-Cook Book by Naturaltein,599.0,399.0,33.4,,True,https://naturaltein.in/products/the-protein-dessert-e-cook-book-by-naturaltein
2026-08-27 19:45 IST,Naturaltein,naturaltein,Natural Plant Protein (Chocolate / 1 Box (500 g)),3000.0,1112.0,62.9,222.4,True,https://naturaltein.in/products/plant-protein
2026-08-27 19:45 IST,Naturaltein,naturaltein,Natural Plant Protein (Mango / 1 Box (500 g)),3000.0,1112.0,62.9,222.4,True,https://naturaltein.in/products/plant-protein
2026-08-27 19:45 IST,Naturaltein,naturaltein,Natural Plant Protein (Berry / 1 Box (500 g)),3000.0,1112.0,62.9,222.4,True,https://naturaltein.in/products/plant-protein
2026-08-27 19:45 IST,Naturaltein,naturaltein,Natural Plant Protein (Pista / 1 Box (500 g)),3000.0,1112.0,62.9,222.4,True,https://naturaltein.in/products/plant-protein
2026-08-27 19:45 IST,Naturaltein,naturaltein,Natural Plant Protein (Coffee / 1 Box (500 g)),3000.0,1112.0,62.9,222.4,True,https://naturaltein.in/products/plant-protein
2026-08-27 19:45 IST,Naturaltein,naturaltein,Natural Whey Protein Concentrate (Italian Ice Cream / 1 Box (300 g)),1424.0,1299.0,8.8,433.0,False,https://naturaltein.in/products/whey-protein-concentrate
2026-08-27 19:45 IST,Naturaltein,naturaltein,Natural Whey Protein Concentrate (Chocolate Biscoff / 1 Box (300 g)),1424.0,1399.0,1.8,466.33,False,https://naturaltein.in/products/whey-protein-concentrate
2026-08-27 19:45 IST,Naturaltein,naturaltein,Natural Whey Protein Concentrate (Chocolate Caramel / 1 Box (300 g)),1424.0,1399.0,1.8,466.33,False,https://naturaltein.in/products/whey-protein-concentrate
2026-08-27 19:45 IST,Naturaltein,naturaltein,Natural Whey Protein Concentrate (Chocolate / 1 Box (300 g)),2500.0,1524.0,39.0,508.0,True,https://naturaltein.in/products/whey-protein-concentrate
2026-08-27 19:45 IST,Naturaltein,naturaltein,Natural Whey Protein Concentrate (Unflavoured / 1 Box (300 g)),2500.0,1524.0,39.0,508.0,False,https://naturaltein.in/products/whey-protein-concentrate
2026-08-27 19:45 IST,Naturaltein,naturaltein,Natural Whey Protein Concentrate (Caffe Mocha / 1 Box (300 g)),2500.0,1524.0,39.0,508.0,True,https://naturaltein.in/products/whey-protein-concentrate
2026-08-27 19:45 IST,Naturaltein,naturaltein,Natural Plant Protein (Chocolate / 2 Boxes (1 kg)),6000.0,1600.0,73.3,160.0,True,https://naturaltein.in/products/plant-protein
2026-08-27 19:45 IST,Naturaltein,naturaltein,Natural Plant Protein (Mango / 2 Boxes (1 kg)),6000.0,1600.0,73.3,160.0,True,https://naturaltein.in/products/plant-protein
2026-08-27 19:45 IST,Naturaltein,naturaltein,Natural Plant Protein (Berry / 2 Boxes (1 kg)),6000.0,1600.0,73.3,160.0,True,https://naturaltein.in/products/plant-protein
2026-08-27 19:45 IST,GNC India,GNC India,GNC Superfood Plant Isolate 35 gram (35gm / Chocolate),149.0,1.0,99.3,,True,https://gnc.in/products/gnc-superfood-plant-isolate-35-gram
2026-08-27 19:45 IST,GNC India,GNC India,GNC Superfood Plant Isolate 35 gram (35gm / Coffee),149.0,1.0,99.3,,True,https://gnc.in/products/gnc-superfood-plant-isolate-35-gram
2026-08-27 19:45 IST,GNC India,GNC India,GNC Superfood Plant Isolate 35 gram (35gm / Mango),149.0,1.0,99.3,,True,https://gnc.in/products/gnc-superfood-plant-isolate-35-gram
2026-08-27 19:45 IST,GNC India,GNC India,GNC Superfood Plant Isolate 35 gram (35gm / Vanilla),149.0,1.0,99.3,,False,https://gnc.in/products/gnc-superfood-plant-isolate-35-gram
2026-08-27 19:45 IST,GNC India,GNC India,PP Protein Wafer Bar Mini 20gm (Chocolate / 20 gm),60.0,40.0,33.3,200.0,True,https://gnc.in/products/pp-protein-wafer-bar-mini-20gm
2026-08-27 19:45 IST,GNC India,GNC India,PP Protein Wafer Bar Mini 20gm (Coffee / 20 gm),60.0,40.0,33.3,200.0,True,https://gnc.in/products/pp-protein-wafer-bar-mini-20gm
2026-08-27 19:45 IST,GNC India,GNC India,PP Protein Wafer Bar Mini 20gm (Peanut Butter / 20 gm),60.0,40.0,33.3,200.0,True,https://gnc.in/products/pp-protein-wafer-bar-mini-20gm
2026-08-27 19:45 IST,GNC India,GNC,GNC Protein Wafer Bar (Chocolate) (Pack of 1 / Chocolate),59.0,55.0,6.8,,True,https://gnc.in/products/gnc-protein-wafer-bar-chocolate
2026-08-27 19:45 IST,GNC India,GNC,GNC Protein Wafer Bar (Peanut butter) (Pack of 1 / Peanut Butter),59.0,55.0,6.8,,True,https://gnc.in/products/gnc-protein-wafer-bar-peanut-butter
2026-08-27 19:45 IST,GNC India,GNC,GNC Protein Wafer Bar (Coffee) (Pack of 1 / Coffee),59.0,55.0,6.8,,True,https://gnc.in/products/gnc-protein-wafer-bar-coffee
2026-08-27 19:45 IST,GNC India,GNC,GNC Protein Wafer Bar (40g / Chocolate),60.0,55.0,8.3,137.5,True,https://gnc.in/products/gnc-protein-wafer-bar-upsell
2026-08-27 19:45 IST,GNC India,GNC India,GNC Select Fermented Yeast Protein Isolate (35gm) (35 gm / Chocolate),149.0,65.0,56.4,185.71,True,https://gnc.in/products/gnc-select-fermented-yeast-protein-isolate-35gm
2026-08-27 19:45 IST,GNC India,GNC India,GNC Select Fermented Yeast Protein Isolate (35gm) (35 gm / Coffee),149.0,65.0,56.4,185.71,True,https://gnc.in/products/gnc-select-fermented-yeast-protein-isolate-35gm
2026-08-27 19:45 IST,GNC India,GNC India,GNC Select Fermented Yeast Protein Isolate (35gm) (35 gm / Vanilla),149.0,65.0,56.4,185.71,True,https://gnc.in/products/gnc-select-fermented-yeast-protein-isolate-35gm
2026-08-27 19:45 IST,GNC India,GNC India,GNC Select Fermented Yeast Protein Isolate (35 gm / Chocolate),149.0,69.0,53.7,197.14,True,https://gnc.in/products/gnc-select-fermented-yeast-protein
2026-08-28 20:55 IST,Nutrabay,Velbiom,Velbiom Happy Cultures Tastiest Plant Protein,600,499,16.8,346.53,True,https://nutrabay.com/product/velbiom-happy-cultures-tastiest-plant-protein/?pId=7407265
2026-08-28 20:55 IST,Nutrabay,Nutrabay,Nutrabay Pure Pea Protein Isolate,669,599,10.5,119.8,True,https://nutrabay.com/product/nutrabay-pure-100-pea-protein-isolate/?pId=4537768
2026-08-28 20:55 IST,Nutrabay,TruNativ,TruNativ Plant Based Everyday Protein - Protein You Can Cook With!,699,599,14.3,363.03,True,https://nutrabay.com/product/trunativ-plant-based-everyday-protein-protein-you-can-cook-with/?pId=9485223
2026-08-28 20:55 IST,Nutrabay,Nutrabay,Nutrabay Wellness Vegan Plant Protein Powder + Superfoods,1199,699,41.7,139.8,True,https://nutrabay.com/product/nutrabay-wellness-vegan-plant-protein-powder-superfoods/?pId=4698878
2026-08-28 20:55 IST,Nutrabay,Nutrabay,Nutrabay BioAbsorb™ Whey Protein Powder | Clinically Tested 54% Better Protein Absorption | 26g Protein/Scoop | India's 1st Protein with ProDiFi™ for No Bloating | No Added Sugar,859,749,12.8,413.81,True,https://nutrabay.com/product/nutrabay-bioabsorb-whey-protein/?pId=8042444
2026-08-28 20:55 IST,Nutrabay,Nutrabay,Nutrabay Gold Pea Protein,1049,749,28.6,149.8,True,https://nutrabay.com/product/nutrabay-gold-hydrolyzed-pea-protein/?pId=3302532
2026-08-28 20:55 IST,Nutrabay,Nutrabay,Nutrabay Gold Pea Protein,1049,749,28.6,149.8,True,https://nutrabay.com/product/nutrabay-gold-hydrolyzed-pea-protein/?pId=3302532
2026-08-28 20:55 IST,Nutrabay,Nutrabay,Nutrabay Wellness Vegan Plant Protein Powder + Superfoods,1199,799,33.4,159.8,True,https://nutrabay.com/product/nutrabay-wellness-vegan-plant-protein-powder-superfoods/?pId=4698878
2026-08-28 20:55 IST,Nutrabay,Nutrabay,Nutrabay Gold Pea Protein,1049,799,23.8,159.8,True,https://nutrabay.com/product/nutrabay-gold-hydrolyzed-pea-protein/?pId=3302532
2026-08-28 20:55 IST,Nutrabay,Nutrabay,Nutrabay Pure Pea Protein Isolate,1349,899,33.4,89.9,True,https://nutrabay.com/product/nutrabay-pure-100-pea-protein-isolate/?pId=4537768
2026-08-28 20:55 IST,Nutrabay,Nakpro Nutrition,Nakpro Nutrition Platinum Soy Protein Isolate,2050,899,56.1,89.9,True,https://nutrabay.com/product/nakpro-vegan-soy-protein-isolate-90-raw-pure-natural-vegetarian-plant-protein-supplement-powder/?pId=3990475
2026-08-28 20:55 IST,Nutrabay,Nakpro Nutrition,Nakpro Nutrition Platinum Soy Protein Isolate,2300,899,60.9,89.9,True,https://nutrabay.com/product/nakpro-vegan-soy-protein-isolate-90-raw-pure-natural-vegetarian-plant-protein-supplement-powder/?pId=3990475
2026-08-28 20:55 IST,Nutrabay,Optimum Nutrition,Optimum Nutrition (ON) Gold Standard Whey Protein Powder,940,940,0.0,,True,https://nutrabay.com/product/optimum-nutrition-on-100-whey-gold-standard-2/?pId=4471481
2026-08-28 20:55 IST,Nutrabay,Velbiom,Velbiom Happy Cultures Tastiest Plant Protein,1699,949,44.1,187.92,True,https://nutrabay.com/product/velbiom-happy-cultures-tastiest-plant-protein/?pId=7407265
2026-08-28 20:55 IST,Nutrabay,Velbiom,Velbiom Happy Cultures Tastiest Plant Protein,1699,949,44.1,187.92,True,https://nutrabay.com/product/velbiom-happy-cultures-tastiest-plant-protein/?pId=7407265
2026-08-28 20:55 IST,Fast&Up,Fastandup,100% Pure & Natural Moringa Powder,250.0,238.0,4.8,,True,https://in.fastandup.com/products/100-pure-natural-moringa-powder
2026-08-28 20:55 IST,Fast&Up,Fastandup,Plant Protein - Assorted Pack,270.0,243.0,10.0,,True,https://in.fastandup.com/products/fast-up-plant-protein-assorted-pack
2026-08-28 20:55 IST,Fast&Up,Fastandup,Plant Protein - Rich Chocolate - Single Serving Sachet Combo Pack (Rich Chocolate / Pack of 5),450.0,396.0,12.0,,True,https://in.fastandup.com/products/plant-protein-rich-chocolate-single-serving-sachet-combo-pack
2026-08-28 20:55 IST,Fast&Up,Fastandup,Plant Protein - Rich Chocolate - Single Serving Sachet Combo Pack (Rich Chocolate / Pack of 10),900.0,765.0,15.0,,True,https://in.fastandup.com/products/plant-protein-rich-chocolate-single-serving-sachet-combo-pack
2026-08-28 20:55 IST,Fast&Up,Fastandup,Plant Protein - Rich Chocolate - Single Serving Sachet Combo Pack (Rich Chocolate / Pack of 15),1350.0,1107.0,18.0,,True,https://in.fastandup.com/products/plant-protein-rich-chocolate-single-serving-sachet-combo-pack
2026-08-28 20:55 IST,Fast&Up,Fastandup,Plant Protein - Cookies & Cream - 500g,1599.0,1279.0,20.0,255.8,True,https://in.fastandup.com/products/plant-protein-cookies-cream-500g
2026-08-28 20:55 IST,Fast&Up,Fastandup,Plant Protein - Rich Chocolate – 500gms,1599.0,1279.0,20.0,255.8,True,https://in.fastandup.com/products/plant-protein-powder-500gms
2026-08-28 20:55 IST,Fast&Up,Fastandup,Daily Fiber + Plant Protein Rich Chocolate Combo,3715.0,2299.0,38.1,,True,https://in.fastandup.com/products/daily-fiber-plant-protein-rich-chocolate-combo
2026-08-28 20:55 IST,Fast&Up,Fastandup,Plant Protein - Alphonso Mango - 1Kg,3115.0,2336.0,25.0,233.6,False,https://in.fastandup.com/products/plant-protein-alphonso-mango-25-servings
2026-08-28 20:55 IST,Fast&Up,Fastandup,Plant Protein - Kesar Kulfi - 1kg,3115.0,2336.0,25.0,233.6,False,https://in.fastandup.com/products/plant-protein-powder-special-festive-pack
2026-08-28 20:55 IST,Fast&Up,Fastandup,Plant Protein - Cookies & Cream - 1Kg,3115.0,2336.0,25.0,233.6,True,https://in.fastandup.com/products/plant-protein-cookies-cream-1-kg
2026-08-28 20:55 IST,Fast&Up,Fastandup,Plant Protein - Strawberry Blast - 25 Servings,3115.0,2336.0,25.0,,True,https://in.fastandup.com/products/plant-protein-strawberry-25-servings
2026-08-28 20:55 IST,Fast&Up,Fastandup,Plant Protein - Rich Chocolate - 1kg,3115.0,2336.0,25.0,233.6,True,https://in.fastandup.com/products/plant-protein-rich-chocolate-1kg
2026-08-28 20:55 IST,Fast&Up,Fastandup,Plant Protein - Cookies & Cream - 500g Pack of 2,3198.0,2399.0,25.0,479.8,True,https://in.fastandup.com/products/plant-protein-cookies-cream-500g-pack-of-2
2026-08-28 20:55 IST,Fast&Up,Fastandup,Plant Protein Rich Chocolate - 1kg pouch+ Plant Protein Cookies Cream- 1kg Pouch,6230.0,3427.0,45.0,342.7,True,https://in.fastandup.com/products/plant-protein-rich-chocolate-1kg-pouch-plant-protein-cookies-cream-1kg-pouch
2026-08-28 20:55 IST,OZiva,OZiva,Plant Protein + Pro-Digest (Mango),139.0,139.0,0.0,,True,https://oziva.in/products/plant-protein-pro-digest
2026-08-28 20:55 IST,OZiva,OZiva,Pro-Collagen Protein Peptides Caramel | 250g,799.0,433.0,45.8,173.2,True,https://oziva.in/products/pro-collagen-protein-peptides-caramel-250g
2026-08-28 20:55 IST,OZiva,OZiva,"Vegan Collagen, Clinically Proven (Watermelon / Starter Pack-125g)",499.0,459.0,8.0,367.2,True,https://oziva.in/products/plant-based-collagen
2026-08-28 20:55 IST,OZiva,OZiva,Plant Protein + Pro-Digest (Assorted),699.0,699.0,0.0,,True,https://oziva.in/products/plant-protein-pro-digest
2026-08-28 20:55 IST,OZiva,OZiva,Plant Protein + Pro-Digest (Chocolate),699.0,699.0,0.0,,False,https://oziva.in/products/plant-protein-pro-digest
2026-08-28 20:55 IST,OZiva,OZiva,Plant Protein + Pro-Digest (Strawberry),699.0,699.0,0.0,,False,https://oziva.in/products/plant-protein-pro-digest
2026-08-28 20:55 IST,OZiva,OZiva,Plant Protein + Pro-Digest (Vanilla),699.0,699.0,0.0,,False,https://oziva.in/products/plant-protein-pro-digest
2026-08-28 20:55 IST,OZiva,OZiva,Bioactive Plant Protein (Assorted / Starter Pack),699.0,699.0,0.0,,True,https://oziva.in/products/oziva-bioactive-plant-protein-with-25g-vegan-protein-5-5-bcaas-100-rda-vitamins-minerals-ayurvedic-herbs-for-better-endurance-stamina-muscle-recovery-1-kg
2026-08-28 20:55 IST,OZiva,OZiva,Daily Protein Activ for Women (Rich Chocolate / Starter Pack),799.0,749.0,6.3,,True,https://oziva.in/products/daily-protein-activ-for-women-with-clean-whey-protein-multivitamins-tulsi-probiotics-for-improved-everyday-energy-stamina-bone-health-immune-health
2026-08-28 20:55 IST,OZiva,OZiva,Daily Protein Activ for Women (Classic Vanilla / Starter Pack),799.0,749.0,6.3,,False,https://oziva.in/products/daily-protein-activ-for-women-with-clean-whey-protein-multivitamins-tulsi-probiotics-for-improved-everyday-energy-stamina-bone-health-immune-health
2026-08-28 20:55 IST,OZiva,OZiva,"Pro-Collagen Protein Peptides, 250 g (Starter Pack)",849.0,799.0,5.9,319.6,True,https://oziva.in/products/oziva-pro-collagen-protein-peptides-with-clean-protein-green-coffee-hyaluronic-acid-biotin-for-skin-hair-health-muscle-joint-health-protein-breakdown-caramel-250-g
2026-08-28 20:55 IST,OZiva,OZiva,"Vegan Collagen, Clinically Proven (Guava Glow / Starter Pack)",959.0,929.0,3.1,,True,https://oziva.in/products/plant-based-collagen
2026-08-28 20:55 IST,OZiva,OZiva,"Vegan Collagen, Clinically Proven (Classic / Starter Pack)",959.0,929.0,3.1,,True,https://oziva.in/products/plant-based-collagen
2026-08-28 20:55 IST,OZiva,OZiva,"Vegan Collagen, Clinically Proven (Berry Orange / Starter Pack)",959.0,929.0,3.1,,True,https://oziva.in/products/plant-based-collagen
2026-08-28 20:55 IST,OZiva,OZiva,"Vegan Collagen, Clinically Proven (Watermelon / Starter Pack)",959.0,929.0,3.1,,True,https://oziva.in/products/plant-based-collagen
2026-08-28 20:55 IST,Wellbeing Nutrition,Wellbeing Nutrition,Kids Protein Vanilla Free Sachet,79.0,79.0,0.0,,True,https://wellbeingnutrition.com/products/kids-protein-vanilla-free-sachet
2026-08-28 20:55 IST,Wellbeing Nutrition,Wellbeing Nutrition,Kids Protein Chocolate Sachet,79.0,79.0,0.0,,True,https://wellbeingnutrition.com/products/kids-protein-chocolate-sachet
2026-08-28 20:55 IST,Wellbeing Nutrition,Wellbeing Nutrition,Kids Protein Vanilla Sachet,79.0,79.0,0.0,,True,https://wellbeingnutrition.com/products/kids-protein-vanilla-sachet
2026-08-28 20:55 IST,Wellbeing Nutrition,Wellbeing Nutrition,Vegan Protein Dark Chocolate Hazelnut Sachet,150.0,150.0,0.0,,True,https://wellbeingnutrition.com/products/vegan-protein-dark-chocolate-hazelnut-sachet
2026-08-28 20:55 IST,Wellbeing Nutrition,Wellbeing Nutrition,Whey Protein Isolate Dark Chocolate Sachet (Pack of 1),160.0,160.0,0.0,,False,https://wellbeingnutrition.com/products/whey-protein-isolate-dark-chocolate-sachet
2026-08-28 20:55 IST,Wellbeing Nutrition,Wellbeing Nutrition,Whey Protein Isolate + Concentrate Mango Sachets (Pack of 1),1399.0,1399.0,0.0,,False,https://wellbeingnutrition.com/products/whey-protein-isolate-concentrate-mango-sachets
2026-08-28 20:55 IST,Wellbeing Nutrition,Wellbeing Nutrition,Plant Protein 22g | 500g | 3B CFU Probiotics | Belgian Dark Chocolate (Pack of 1),1799.0,1619.0,10.0,323.8,True,https://wellbeingnutrition.com/products/vegan-protein-belgian-chocolate
2026-08-28 20:55 IST,Wellbeing Nutrition,Wellbeing Nutrition,Plant Protein 22g | 500g | 3B CFU Probiotics | Dark Chocolate Hazelnut (Pack of 1),1799.0,1709.0,5.0,341.8,True,https://wellbeingnutrition.com/products/vegan-protein-dark-chocolate-hazelnut
2026-08-28 20:55 IST,Wellbeing Nutrition,Wellbeing Nutrition,Plant Protein 22g | 500g | 3B CFU Probiotics | Italian Cafe Mocha (Pack of 1),1799.0,1709.0,5.0,341.8,False,https://wellbeingnutrition.com/products/vegan-protein-italian-cafe-mocha
2026-08-28 20:55 IST,Wellbeing Nutrition,Wellbeing Nutrition,Plant Protein 22g | 500g | 3B CFU Probiotics | French Vanilla Caramel (Pack of 1),1799.0,1709.0,5.0,341.8,True,https://wellbeingnutrition.com/products/vegan-protein-french-vanilla-caramel
2026-08-28 20:55 IST,Wellbeing Nutrition,Wellbeing Nutrition,Plant Protein 22g | 500g | 3B CFU Probiotics | Canadian Mixed Berry (Pack of 1),1799.0,1709.0,5.0,341.8,True,https://wellbeingnutrition.com/products/vegan-protein-canadian-mixed-berry
2026-08-28 20:55 IST,Wellbeing Nutrition,Wellbeing Nutrition,Her Superfood Plant Protein | Chocolate Peanut Butter (Pack of 1),1799.0,1709.0,5.0,,True,https://wellbeingnutrition.com/products/superfood-plant-protein-powder-for-women
2026-08-28 20:55 IST,Wellbeing Nutrition,Wellbeing Nutrition,Superfood Plant Protein | British Banoffee Pie (Pack of 1),1799.0,1709.0,5.0,,True,https://wellbeingnutrition.com/products/superfood-plant-protein-powder-in-banoffee-pie
2026-08-28 20:55 IST,Wellbeing Nutrition,Wellbeing Nutrition,Whey Protein Isolate + Concentrate Mango Sachets (Pack of 2),2798.0,2798.0,0.0,,False,https://wellbeingnutrition.com/products/whey-protein-isolate-concentrate-mango-sachets
2026-08-28 20:55 IST,Wellbeing Nutrition,Wellbeing Nutrition,Plant Protein 22g | 907g | 3B CFU Probiotics | Belgian Dark Chocolate (Pack of 1),3399.0,3059.0,10.0,337.27,True,https://wellbeingnutrition.com/products/vegan-protein-belgian-dark-chocolate-probiotics
2026-08-28 20:55 IST,AS-IT-IS Nutrition,AS-IT-IS Nutrition,"AS-IT-IS ONE Brown Rice Protein | 27g Protein per Serving | Plant Protein | Single-Ingredient, Unflavoured (35g)",175.0,122.0,30.3,,True,https://asitisnutrition.com/products/as-it-is-nutrition-brown-rice-protein-80-designed-as-meal-supplement-lab-tested-unflavoured
2026-08-28 20:55 IST,AS-IT-IS Nutrition,AS-IT-IS Nutrition,"AS-IT-IS ONE Pea Protein Isolate | 29g Protein per Serving | Plant Protein | Single-Ingredient, Unflavoured (36g-Sachet)",175.0,122.0,30.3,,False,https://asitisnutrition.com/products/as-it-is-nutrition-pea-protein-isolate-powder
2026-08-28 20:55 IST,AS-IT-IS Nutrition,AS-IT-IS Nutrition,"AS-IT-IS ONE Soy Protein Isolate | 30g Protein per Serving | Plant Protein | Single-Ingredient, Unflavoured (35g)",175.0,122.0,30.3,,True,https://asitisnutrition.com/products/as-it-is-nutrition-buy-soy-protein-isolate-powder-in-india
2026-08-28 20:55 IST,AS-IT-IS Nutrition,AS-IT-IS Nutrition,AS-IT-IS ATOM Beginners Whey Protein | 15g Protein per Serving | With DigeZyme® Enzymes (Choco Hazel Fusion / 37g),203.0,131.0,35.5,,True,https://asitisnutrition.com/products/atom-beginners-whey-protein
2026-08-28 20:55 IST,AS-IT-IS Nutrition,AS-IT-IS Nutrition,"AS-IT-IS ATOM Performance Whey | 25g Protein per Serving | With Safed Musli, Mucuna & DigeZyme® Enzymes (Double Rich Chocolate / 45g)",220.0,140.0,36.4,,True,https://asitisnutrition.com/products/as-it-is-atom-performance-whey-1kg-with-safed-musli-for-faster-recovery-highly-bioavailable
2026-08-28 20:55 IST,AS-IT-IS Nutrition,AS-IT-IS Nutrition,"AS-IT-IS ATOM Performance Whey | 25g Protein per Serving | With Safed Musli, Mucuna & DigeZyme® Enzymes (Pista Fusion / 45g)",2485.0,140.0,94.4,,False,https://asitisnutrition.com/products/as-it-is-atom-performance-whey-1kg-with-safed-musli-for-faster-recovery-highly-bioavailable
2026-08-28 20:55 IST,AS-IT-IS Nutrition,AS-IT-IS Nutrition,"AS-IT-IS ATOM Performance Whey | 25g Protein per Serving | With Safed Musli, Mucuna & DigeZyme® Enzymes (Cafe Latte / 45g)",2485.0,140.0,94.4,,False,https://asitisnutrition.com/products/as-it-is-atom-performance-whey-1kg-with-safed-musli-for-faster-recovery-highly-bioavailable
2026-08-28 20:55 IST,AS-IT-IS Nutrition,AS-IT-IS Nutrition,"AS-IT-IS ATOM Performance Whey | 25g Protein per Serving | With Safed Musli, Mucuna & DigeZyme® Enzymes (Cookie delight / 45g)",2485.0,140.0,94.4,,False,https://asitisnutrition.com/products/as-it-is-atom-performance-whey-1kg-with-safed-musli-for-faster-recovery-highly-bioavailable
2026-08-28 20:55 IST,AS-IT-IS Nutrition,AS-IT-IS Nutrition,"AS-IT-IS ATOM Performance Whey | 25g Protein per Serving | With Safed Musli, Mucuna & DigeZyme® Enzymes (Choco hazel fusion / 45g)",2485.0,140.0,94.4,,False,https://asitisnutrition.com/products/as-it-is-atom-performance-whey-1kg-with-safed-musli-for-faster-recovery-highly-bioavailable
2026-08-28 20:55 IST,AS-IT-IS Nutrition,AS-IT-IS Nutrition,AS-IT-IS ATOM Whey Protein | 27g Protein per Serving | DigeZyme® Enzymes & 1 Billion CFU Probiotics (Double Rich Chocolate / (36g Travel Sachet)),262.0,167.0,36.3,463.89,True,https://asitisnutrition.com/products/atom-whey-protein
2026-08-28 20:55 IST,AS-IT-IS Nutrition,AS-IT-IS Nutrition,AS-IT-IS ONE Whey Protein Concentrate Sachets | 28g Protein per Serving | Unflavoured (35g Sachet (Pack of 1)),305.0,178.0,41.6,593.33,True,https://asitisnutrition.com/products/whey-protein-30g-sachet
2026-08-28 20:55 IST,AS-IT-IS Nutrition,AS-IT-IS Nutrition,"AS-IT-IS ATOM Nitro Whey with Creasure® | 33g Protein, 3g Creatine per Serving | With DigeZyme® Enzymes (Double Rich Chocolate / 45g)",289.0,185.0,36.0,,True,https://asitisnutrition.com/products/atom-nitro-whey-with-creatine-i-33g-protein-3g-creatine-7-4g-bcaa
2026-08-28 20:55 IST,AS-IT-IS Nutrition,AS-IT-IS Nutrition,"AS-IT-IS ATOM Nitro Whey with Creasure® | 33g Protein, 3g Creatine per Serving | With DigeZyme® Enzymes (Kesar Kulfi / 45g)",3407.0,185.0,94.6,,False,https://asitisnutrition.com/products/atom-nitro-whey-with-creatine-i-33g-protein-3g-creatine-7-4g-bcaa
2026-08-28 20:55 IST,AS-IT-IS Nutrition,AS-IT-IS Nutrition,"AS-IT-IS ATOM Nitro Whey with Creasure® | 33g Protein, 3g Creatine per Serving | With DigeZyme® Enzymes (Classic Vanilla / 45g)",3407.0,185.0,94.6,,False,https://asitisnutrition.com/products/atom-nitro-whey-with-creatine-i-33g-protein-3g-creatine-7-4g-bcaa
2026-08-28 20:55 IST,AS-IT-IS Nutrition,AS-IT-IS Nutrition,AS-IT-IS ONE Whey Protein Concentrate Sachets | 28g Protein per Serving | Unflavoured (35g Sachet (Pack of 1) + Shaker),438.0,303.0,30.8,1010.0,False,https://asitisnutrition.com/products/whey-protein-30g-sachet
2026-08-28 20:55 IST,MyFitness,MYFITNESS,MyFitness Peanut Butter - Chocolate | 26% Protein | Crispy | Chocolate Peanut Butter Spread (227g),159.0,149.0,6.3,65.64,True,https://myfitness.co.in/products/chocolate-crispy
2026-08-28 20:55 IST,MyFitness,MYFITNESS,"Pro.Fitness High Protein Chocolate Oats | Dark Chocolate | Healthy Oats With Nuts, Seeds & Added Whey (375g)",339.0,219.0,35.4,58.4,True,https://myfitness.co.in/products/high-protein-oats-900g-27g-protein
2026-08-28 20:55 IST,MyFitness,MYFITNESS,Pro.Fitness Rolled Oats | 13% Protein | Healthy Oats With High Fiber and Zero Cholesterol (900g),320.0,269.0,15.9,,True,https://myfitness.co.in/products/pro-fitness-rolled-oats-900g
2026-08-28 20:55 IST,MyFitness,myfitness-official-store,MyFitness Peanut Butter - Classic Zero | 28% Protein | Extra Crunchy | Zero Sugar Peanut Spread (510 g),349.0,275.0,21.2,53.92,True,https://myfitness.co.in/products/myfitness-zero-peanut-butter-crunchy-510g
2026-08-28 20:55 IST,MyFitness,myfitness-official-store,MyFitness Peanut Butter - Chocolate | 26% Protein | Crunchy | Chocolate Peanut Butter Spread (510 g),319.0,275.0,13.8,45.08,True,https://myfitness.co.in/products/myfitness-chocolate-peanut-butter-crunchy
2026-08-28 20:55 IST,MyFitness,myfitness-official-store,MyFitness Peanut Butter - Natural Unsweetened | 31% Protein | Crunchy | Zero Sugar Peanut Butter Spread (510 g),319.0,275.0,13.8,45.08,True,https://myfitness.co.in/products/myfitness-all-natural-peanut-butter-crunchy
2026-08-28 20:55 IST,MyFitness,myfitness-official-store,MyFitness Peanut Butter - Natural Unsweetened | 25% Protein | Smooth | Zero Sugar Peanut Butter Spread (510 g),319.0,275.0,13.8,45.08,True,https://myfitness.co.in/products/myfitness-all-natural-peanut-butter-smooth
2026-08-28 20:55 IST,MyFitness,myfitness-official-store,MyFitness Peanut Butter - Chocolate | 26% Protein | Crispy | Chocolate Peanut Butter Spread (510 g),319.0,275.0,13.8,45.08,True,https://myfitness.co.in/products/myfitness-chocolate-peanut-butter-crispy
2026-08-28 20:55 IST,MyFitness,myfitness-official-store,MyFitness Peanut Butter - Chocolate | 28% Protein | Smooth | Chocolate Peanut Butter Spread (510 g),319.0,275.0,13.8,45.08,True,https://myfitness.co.in/products/myfitness-chocolate-peanut-butter-smooth
2026-08-28 20:55 IST,MyFitness,myfitness-official-store,MyFitness Peanut Butter - Original | 28% Protein | Crunchy | Classic Peanut Butter Spread (510 g),319.0,275.0,13.8,45.08,True,https://myfitness.co.in/products/myfitness-original-peanut-butter-crunchy
2026-08-28 20:55 IST,MyFitness,myfitness-official-store,MyFitness Peanut Butter - Original | 28% Protein | Smooth | Classic Peanut Butter Spread (510 g),319.0,275.0,13.8,45.08,True,https://myfitness.co.in/products/myfitness-original-peanut-butter-smooth
2026-08-28 20:55 IST,MyFitness,MYFITNESS,MyFitness Peanut Butter - Chocolate | 25% Protein | Almond Crunch | Chocolate Peanut Butter Spread (510 g),379.0,279.0,26.4,54.71,True,https://myfitness.co.in/products/myfitness-chocolate-peanut-butter-with-almond-crunch
2026-08-28 20:55 IST,MyFitness,MYFITNESS,MyFitness x Batman | Chocolate Zero Peanut Butter Extra Crunchy | 27% Protein | Zero Added Sugar | High Protein (510 g),369.0,299.0,19.0,58.63,True,https://myfitness.co.in/products/myfitness-zero-chocolate-peanut-butter-crunchy-zero-sugar-extra-crunch-510g-27g-protein-10g-fiber-tasty-healthy-nut-butter-spread-cholesterol-free-zero-trans-fat-crunchy-peanut-butter
2026-08-28 20:55 IST,MyFitness,MYFITNESS,MyFitness Peanut Butter - Dark Chocolate | 30% Protein | Smooth | Rich Chocolate Peanut Butter Spread (510 g),399.0,299.0,25.1,49.02,True,https://myfitness.co.in/products/myfitness-olympia-edition-dark-chocolate-peanut-butter-with-added-whey-smooth
2026-08-28 20:55 IST,MyFitness,MYFITNESS,MyFitness Peanut Butter - Dark Chocolate | 29% Protein | Crispy | Rich Chocolate Peanut Butter Spread (510 g),399.0,319.0,20.1,52.3,True,https://myfitness.co.in/products/myfitness-peanut-butter-dark-chocolate-29-protein-crispy-rich-chocolate-peanut-butter-spread
2026-08-28 20:55 IST,Naturaltein,naturaltein,The Protein Dessert E-Cook Book by Naturaltein,599.0,399.0,33.4,,True,https://naturaltein.in/products/the-protein-dessert-e-cook-book-by-naturaltein
2026-08-28 20:55 IST,Naturaltein,naturaltein,Natural Plant Protein (Chocolate / 1 Box (500 g)),3000.0,1112.0,62.9,222.4,True,https://naturaltein.in/products/plant-protein
2026-08-28 20:55 IST,Naturaltein,naturaltein,Natural Plant Protein (Mango / 1 Box (500 g)),3000.0,1112.0,62.9,222.4,True,https://naturaltein.in/products/plant-protein
2026-08-28 20:55 IST,Naturaltein,naturaltein,Natural Plant Protein (Berry / 1 Box (500 g)),3000.0,1112.0,62.9,222.4,True,https://naturaltein.in/products/plant-protein
2026-08-28 20:55 IST,Naturaltein,naturaltein,Natural Plant Protein (Pista / 1 Box (500 g)),3000.0,1112.0,62.9,222.4,True,https://naturaltein.in/products/plant-protein
2026-08-28 20:55 IST,Naturaltein,naturaltein,Natural Plant Protein (Coffee / 1 Box (500 g)),3000.0,1112.0,62.9,222.4,True,https://naturaltein.in/products/plant-protein
2026-08-28 20:55 IST,Naturaltein,naturaltein,Natural Whey Protein Concentrate (Italian Ice Cream / 1 Box (300 g)),1424.0,1299.0,8.8,433.0,False,https://naturaltein.in/products/whey-protein-concentrate
2026-08-28 20:55 IST,Naturaltein,naturaltein,Natural Whey Protein Concentrate (Chocolate Biscoff / 1 Box (300 g)),1424.0,1399.0,1.8,466.33,False,https://naturaltein.in/products/whey-protein-concentrate
2026-08-28 20:55 IST,Naturaltein,naturaltein,Natural Whey Protein Concentrate (Chocolate Caramel / 1 Box (300 g)),1424.0,1399.0,1.8,466.33,False,https://naturaltein.in/products/whey-protein-concentrate
2026-08-28 20:55 IST,Naturaltein,naturaltein,Natural Whey Protein Concentrate (Chocolate / 1 Box (300 g)),2500.0,1524.0,39.0,508.0,True,https://naturaltein.in/products/whey-protein-concentrate
2026-08-28 20:55 IST,Naturaltein,naturaltein,Natural Whey Protein Concentrate (Unflavoured / 1 Box (300 g)),2500.0,1524.0,39.0,508.0,False,https://naturaltein.in/products/whey-protein-concentrate
2026-08-28 20:55 IST,Naturaltein,naturaltein,Natural Whey Protein Concentrate (Caffe Mocha / 1 Box (300 g)),2500.0,1524.0,39.0,508.0,True,https://naturaltein.in/products/whey-protein-concentrate
2026-08-28 20:55 IST,Naturaltein,naturaltein,Natural Plant Protein (Chocolate / 2 Boxes (1 kg)),6000.0,1600.0,73.3,160.0,True,https://naturaltein.in/products/plant-protein
2026-08-28 20:55 IST,Naturaltein,naturaltein,Natural Plant Protein (Mango / 2 Boxes (1 kg)),6000.0,1600.0,73.3,160.0,True,https://naturaltein.in/products/plant-protein
2026-08-28 20:55 IST,Naturaltein,naturaltein,Natural Plant Protein (Berry / 2 Boxes (1 kg)),6000.0,1600.0,73.3,160.0,True,https://naturaltein.in/products/plant-protein
2026-08-28 20:55 IST,GNC India,GNC India,GNC Superfood Plant Isolate 35 gram (35gm / Chocolate),149.0,1.0,99.3,,True,https://gnc.in/products/gnc-superfood-plant-isolate-35-gram
2026-08-28 20:55 IST,GNC India,GNC India,GNC Superfood Plant Isolate 35 gram (35gm / Coffee),149.0,1.0,99.3,,True,https://gnc.in/products/gnc-superfood-plant-isolate-35-gram
2026-08-28 20:55 IST,GNC India,GNC India,GNC Superfood Plant Isolate 35 gram (35gm / Mango),149.0,1.0,99.3,,True,https://gnc.in/products/gnc-superfood-plant-isolate-35-gram
2026-08-28 20:55 IST,GNC India,GNC India,GNC Superfood Plant Isolate 35 gram (35gm / Vanilla),149.0,1.0,99.3,,False,https://gnc.in/products/gnc-superfood-plant-isolate-35-gram
2026-08-28 20:55 IST,GNC India,GNC India,PP Protein Wafer Bar Mini 20gm (Chocolate / 20 gm),60.0,40.0,33.3,200.0,True,https://gnc.in/products/pp-protein-wafer-bar-mini-20gm
2026-08-28 20:55 IST,GNC India,GNC India,PP Protein Wafer Bar Mini 20gm (Coffee / 20 gm),60.0,40.0,33.3,200.0,True,https://gnc.in/products/pp-protein-wafer-bar-mini-20gm
2026-08-28 20:55 IST,GNC India,GNC India,PP Protein Wafer Bar Mini 20gm (Peanut Butter / 20 gm),60.0,40.0,33.3,200.0,True,https://gnc.in/products/pp-protein-wafer-bar-mini-20gm
2026-08-28 20:55 IST,GNC India,GNC,GNC Protein Wafer Bar (Chocolate) (Pack of 1 / Chocolate),59.0,55.0,6.8,,True,https://gnc.in/products/gnc-protein-wafer-bar-chocolate
2026-08-28 20:55 IST,GNC India,GNC,GNC Protein Wafer Bar (Peanut butter) (Pack of 1 / Peanut Butter),59.0,55.0,6.8,,True,https://gnc.in/products/gnc-protein-wafer-bar-peanut-butter
2026-08-28 20:55 IST,GNC India,GNC,GNC Protein Wafer Bar (Coffee) (Pack of 1 / Coffee),59.0,55.0,6.8,,True,https://gnc.in/products/gnc-protein-wafer-bar-coffee
2026-08-28 20:55 IST,GNC India,GNC,GNC Protein Wafer Bar (40g / Chocolate),60.0,55.0,8.3,137.5,True,https://gnc.in/products/gnc-protein-wafer-bar-upsell
2026-08-28 20:55 IST,GNC India,GNC India,GNC Select Fermented Yeast Protein Isolate (35gm) (35 gm / Chocolate),149.0,65.0,56.4,185.71,True,https://gnc.in/products/gnc-select-fermented-yeast-protein-isolate-35gm
2026-08-28 20:55 IST,GNC India,GNC India,GNC Select Fermented Yeast Protein Isolate (35gm) (35 gm / Coffee),149.0,65.0,56.4,185.71,True,https://gnc.in/products/gnc-select-fermented-yeast-protein-isolate-35gm
2026-08-28 20:55 IST,GNC India,GNC India,GNC Select Fermented Yeast Protein Isolate (35gm) (35 gm / Vanilla),149.0,65.0,56.4,185.71,True,https://gnc.in/products/gnc-select-fermented-yeast-protein-isolate-35gm
2026-08-28 20:55 IST,GNC India,GNC India,GNC Select Fermented Yeast Protein Isolate (35 gm / Chocolate),149.0,69.0,53.7,197.14,True,https://gnc.in/products/gnc-select-fermented-yeast-protein
2026-08-29 15:38 IST,Nutrabay,Velbiom,Velbiom Happy Cultures Tastiest Plant Protein,600,499,16.8,346.53,True,https://nutrabay.com/product/velbiom-happy-cultures-tastiest-plant-protein/?pId=7407265
2026-08-29 15:38 IST,Nutrabay,TruNativ,TruNativ Plant Based Everyday Protein - Protein You Can Cook With!,699,599,14.3,363.03,True,https://nutrabay.com/product/trunativ-plant-based-everyday-protein-protein-you-can-cook-with/?pId=9485223
2026-08-29 15:38 IST,Nutrabay,Nutrabay,Nutrabay Pure Pea Protein Isolate,669,649,3.0,129.8,True,https://nutrabay.com/product/nutrabay-pure-100-pea-protein-isolate/?pId=4537768
2026-08-29 15:38 IST,Nutrabay,Nutrabay,Nutrabay Wellness Vegan Plant Protein Powder + Superfoods,1199,799,33.4,159.8,True,https://nutrabay.com/product/nutrabay-wellness-vegan-plant-protein-powder-superfoods/?pId=4698878
2026-08-29 15:38 IST,Nutrabay,Nutrabay,Nutrabay Wellness Vegan Plant Protein Powder + Superfoods,1199,799,33.4,159.8,True,https://nutrabay.com/product/nutrabay-wellness-vegan-plant-protein-powder-superfoods/?pId=4698878
2026-08-29 15:38 IST,Nutrabay,Nutrabay,Nutrabay Gold Pea Protein,1049,849,19.1,169.8,True,https://nutrabay.com/product/nutrabay-gold-hydrolyzed-pea-protein/?pId=3302532
2026-08-29 15:38 IST,Nutrabay,Nutrabay,Nutrabay Gold Pea Protein,1049,849,19.1,169.8,True,https://nutrabay.com/product/nutrabay-gold-hydrolyzed-pea-protein/?pId=3302532
2026-08-29 15:38 IST,Nutrabay,Nutrabay,Nutrabay Gold Pea Protein,1049,849,19.1,169.8,True,https://nutrabay.com/product/nutrabay-gold-hydrolyzed-pea-protein/?pId=3302532
2026-08-29 15:38 IST,Nutrabay,Nutrabay,Nutrabay BioAbsorb™ Whey Protein Powder | Clinically Tested 54% Better Protein Absorption | 26g Protein/Scoop | India's 1st Protein with ProDiFi™ for No Bloating | No Added Sugar,859,859,0.0,474.59,True,https://nutrabay.com/product/nutrabay-bioabsorb-whey-protein/?pId=8042444
2026-08-29 15:38 IST,Nutrabay,Nutrabay,Nutrabay Pure Pea Protein Isolate,1349,899,33.4,89.9,True,https://nutrabay.com/product/nutrabay-pure-100-pea-protein-isolate/?pId=4537768
2026-08-29 15:38 IST,Nutrabay,Nakpro Nutrition,Nakpro Nutrition Platinum Soy Protein Isolate,2050,899,56.1,89.9,True,https://nutrabay.com/product/nakpro-vegan-soy-protein-isolate-90-raw-pure-natural-vegetarian-plant-protein-supplement-powder/?pId=3990475
2026-08-29 15:38 IST,Nutrabay,Nakpro Nutrition,Nakpro Nutrition Platinum Soy Protein Isolate,2050,899,56.1,89.9,True,https://nutrabay.com/product/nakpro-vegan-soy-protein-isolate-90-raw-pure-natural-vegetarian-plant-protein-supplement-powder/?pId=3990475
2026-08-29 15:38 IST,Nutrabay,Nakpro Nutrition,Nakpro Nutrition Platinum Soy Protein Isolate,2300,899,60.9,89.9,True,https://nutrabay.com/product/nakpro-vegan-soy-protein-isolate-90-raw-pure-natural-vegetarian-plant-protein-supplement-powder/?pId=3990475
2026-08-29 15:38 IST,Nutrabay,Optimum Nutrition,Optimum Nutrition (ON) Gold Standard Whey Protein Powder,940,940,0.0,,True,https://nutrabay.com/product/optimum-nutrition-on-100-whey-gold-standard-2/?pId=4471481
2026-08-29 15:38 IST,Nutrabay,Velbiom,Velbiom Happy Cultures Tastiest Plant Protein,1699,949,44.1,187.92,True,https://nutrabay.com/product/velbiom-happy-cultures-tastiest-plant-protein/?pId=7407265
2026-08-29 15:38 IST,Fast&Up,Fastandup,100% Pure & Natural Moringa Powder,250.0,238.0,4.8,,True,https://in.fastandup.com/products/100-pure-natural-moringa-powder
2026-08-29 15:38 IST,Fast&Up,Fastandup,Plant Protein - Assorted Pack,270.0,243.0,10.0,,True,https://in.fastandup.com/products/fast-up-plant-protein-assorted-pack
2026-08-29 15:38 IST,Fast&Up,Fastandup,Plant Protein - Rich Chocolate - Single Serving Sachet Combo Pack (Rich Chocolate / Pack of 5),450.0,396.0,12.0,,True,https://in.fastandup.com/products/plant-protein-rich-chocolate-single-serving-sachet-combo-pack
2026-08-29 15:38 IST,Fast&Up,Fastandup,Plant Protein - Rich Chocolate - Single Serving Sachet Combo Pack (Rich Chocolate / Pack of 10),900.0,765.0,15.0,,True,https://in.fastandup.com/products/plant-protein-rich-chocolate-single-serving-sachet-combo-pack
2026-08-29 15:38 IST,Fast&Up,Fastandup,Plant Protein - Rich Chocolate - Single Serving Sachet Combo Pack (Rich Chocolate / Pack of 15),1350.0,1107.0,18.0,,True,https://in.fastandup.com/products/plant-protein-rich-chocolate-single-serving-sachet-combo-pack
2026-08-29 15:38 IST,Fast&Up,Fastandup,Plant Protein - Cookies & Cream - 500g,1599.0,1279.0,20.0,255.8,True,https://in.fastandup.com/products/plant-protein-cookies-cream-500g
2026-08-29 15:38 IST,Fast&Up,Fastandup,Plant Protein - Rich Chocolate – 500gms,1599.0,1279.0,20.0,255.8,True,https://in.fastandup.com/products/plant-protein-powder-500gms
2026-08-29 15:38 IST,Fast&Up,Fastandup,Daily Fiber + Plant Protein Rich Chocolate Combo,3715.0,2299.0,38.1,,True,https://in.fastandup.com/products/daily-fiber-plant-protein-rich-chocolate-combo
2026-08-29 15:38 IST,Fast&Up,Fastandup,Plant Protein - Alphonso Mango - 1Kg,3115.0,2336.0,25.0,233.6,True,https://in.fastandup.com/products/plant-protein-alphonso-mango-25-servings
2026-08-29 15:38 IST,Fast&Up,Fastandup,Plant Protein - Kesar Kulfi - 1kg,3115.0,2336.0,25.0,233.6,False,https://in.fastandup.com/products/plant-protein-powder-special-festive-pack
2026-08-29 15:38 IST,Fast&Up,Fastandup,Plant Protein - Cookies & Cream - 1Kg,3115.0,2336.0,25.0,233.6,True,https://in.fastandup.com/products/plant-protein-cookies-cream-1-kg
2026-08-29 15:38 IST,Fast&Up,Fastandup,Plant Protein - Strawberry Blast - 25 Servings,3115.0,2336.0,25.0,,True,https://in.fastandup.com/products/plant-protein-strawberry-25-servings
2026-08-29 15:38 IST,Fast&Up,Fastandup,Plant Protein - Rich Chocolate - 1kg,3115.0,2336.0,25.0,233.6,True,https://in.fastandup.com/products/plant-protein-rich-chocolate-1kg
2026-08-29 15:38 IST,Fast&Up,Fastandup,Plant Protein - Cookies & Cream - 500g Pack of 2,3198.0,2399.0,25.0,479.8,True,https://in.fastandup.com/products/plant-protein-cookies-cream-500g-pack-of-2
2026-08-29 15:38 IST,Fast&Up,Fastandup,Plant Protein Rich Chocolate - 1kg pouch+ Plant Protein Cookies Cream- 1kg Pouch,6230.0,3427.0,45.0,342.7,True,https://in.fastandup.com/products/plant-protein-rich-chocolate-1kg-pouch-plant-protein-cookies-cream-1kg-pouch
2026-08-29 15:38 IST,OZiva,OZiva,Plant Protein + Pro-Digest (Mango),139.0,139.0,0.0,,True,https://oziva.in/products/plant-protein-pro-digest
2026-08-29 15:38 IST,OZiva,OZiva,Pro-Collagen Protein Peptides Caramel | 250g,799.0,433.0,45.8,173.2,True,https://oziva.in/products/pro-collagen-protein-peptides-caramel-250g
2026-08-29 15:38 IST,OZiva,OZiva,"Vegan Collagen, Clinically Proven (Watermelon / Starter Pack-125g)",499.0,459.0,8.0,367.2,True,https://oziva.in/products/plant-based-collagen
2026-08-29 15:38 IST,OZiva,OZiva,Plant Protein + Pro-Digest (Assorted),699.0,699.0,0.0,,True,https://oziva.in/products/plant-protein-pro-digest
2026-08-29 15:38 IST,OZiva,OZiva,Plant Protein + Pro-Digest (Chocolate),699.0,699.0,0.0,,False,https://oziva.in/products/plant-protein-pro-digest
2026-08-29 15:38 IST,OZiva,OZiva,Plant Protein + Pro-Digest (Strawberry),699.0,699.0,0.0,,False,https://oziva.in/products/plant-protein-pro-digest
2026-08-29 15:38 IST,OZiva,OZiva,Plant Protein + Pro-Digest (Vanilla),699.0,699.0,0.0,,False,https://oziva.in/products/plant-protein-pro-digest
2026-08-29 15:38 IST,OZiva,OZiva,Bioactive Plant Protein (Assorted / Starter Pack),699.0,699.0,0.0,,True,https://oziva.in/products/oziva-bioactive-plant-protein-with-25g-vegan-protein-5-5-bcaas-100-rda-vitamins-minerals-ayurvedic-herbs-for-better-endurance-stamina-muscle-recovery-1-kg
2026-08-29 15:38 IST,OZiva,OZiva,Daily Protein Activ for Women (Rich Chocolate / Starter Pack),799.0,749.0,6.3,,True,https://oziva.in/products/daily-protein-activ-for-women-with-clean-whey-protein-multivitamins-tulsi-probiotics-for-improved-everyday-energy-stamina-bone-health-immune-health
2026-08-29 15:38 IST,OZiva,OZiva,Daily Protein Activ for Women (Classic Vanilla / Starter Pack),799.0,749.0,6.3,,False,https://oziva.in/products/daily-protein-activ-for-women-with-clean-whey-protein-multivitamins-tulsi-probiotics-for-improved-everyday-energy-stamina-bone-health-immune-health
2026-08-29 15:38 IST,OZiva,OZiva,"Pro-Collagen Protein Peptides, 250 g (Starter Pack)",849.0,799.0,5.9,319.6,True,https://oziva.in/products/oziva-pro-collagen-protein-peptides-with-clean-protein-green-coffee-hyaluronic-acid-biotin-for-skin-hair-health-muscle-joint-health-protein-breakdown-caramel-250-g
2026-08-29 15:38 IST,OZiva,OZiva,"Vegan Collagen, Clinically Proven (Guava Glow / Starter Pack)",959.0,929.0,3.1,,True,https://oziva.in/products/plant-based-collagen
2026-08-29 15:38 IST,OZiva,OZiva,"Vegan Collagen, Clinically Proven (Classic / Starter Pack)",959.0,929.0,3.1,,True,https://oziva.in/products/plant-based-collagen
2026-08-29 15:38 IST,OZiva,OZiva,"Vegan Collagen, Clinically Proven (Berry Orange / Starter Pack)",959.0,929.0,3.1,,True,https://oziva.in/products/plant-based-collagen
2026-08-29 15:38 IST,OZiva,OZiva,"Vegan Collagen, Clinically Proven (Watermelon / Starter Pack)",959.0,929.0,3.1,,True,https://oziva.in/products/plant-based-collagen
2026-08-29 15:38 IST,Wellbeing Nutrition,Wellbeing Nutrition,Kids Protein Vanilla Free Sachet,79.0,79.0,0.0,,True,https://wellbeingnutrition.com/products/kids-protein-vanilla-free-sachet
2026-08-29 15:38 IST,Wellbeing Nutrition,Wellbeing Nutrition,Kids Protein Chocolate Sachet,79.0,79.0,0.0,,True,https://wellbeingnutrition.com/products/kids-protein-chocolate-sachet
2026-08-29 15:38 IST,Wellbeing Nutrition,Wellbeing Nutrition,Kids Protein Vanilla Sachet,79.0,79.0,0.0,,True,https://wellbeingnutrition.com/products/kids-protein-vanilla-sachet
2026-08-29 15:38 IST,Wellbeing Nutrition,Wellbeing Nutrition,Vegan Protein Dark Chocolate Hazelnut Sachet,150.0,150.0,0.0,,True,https://wellbeingnutrition.com/products/vegan-protein-dark-chocolate-hazelnut-sachet
2026-08-29 15:38 IST,Wellbeing Nutrition,Wellbeing Nutrition,Whey Protein Isolate Dark Chocolate Sachet (Pack of 1),160.0,160.0,0.0,,False,https://wellbeingnutrition.com/products/whey-protein-isolate-dark-chocolate-sachet
2026-08-29 15:38 IST,Wellbeing Nutrition,Wellbeing Nutrition,Whey Protein Isolate + Concentrate Mango Sachets (Pack of 1),1399.0,1399.0,0.0,,False,https://wellbeingnutrition.com/products/whey-protein-isolate-concentrate-mango-sachets
2026-08-29 15:38 IST,Wellbeing Nutrition,Wellbeing Nutrition,Plant Protein 22g | 500g | 3B CFU Probiotics | Belgian Dark Chocolate (Pack of 1),1799.0,1619.0,10.0,323.8,True,https://wellbeingnutrition.com/products/vegan-protein-belgian-chocolate
2026-08-29 15:38 IST,Wellbeing Nutrition,Wellbeing Nutrition,Plant Protein 22g | 500g | 3B CFU Probiotics | Dark Chocolate Hazelnut (Pack of 1),1799.0,1709.0,5.0,341.8,True,https://wellbeingnutrition.com/products/vegan-protein-dark-chocolate-hazelnut
2026-08-29 15:38 IST,Wellbeing Nutrition,Wellbeing Nutrition,Plant Protein 22g | 500g | 3B CFU Probiotics | Italian Cafe Mocha (Pack of 1),1799.0,1709.0,5.0,341.8,False,https://wellbeingnutrition.com/products/vegan-protein-italian-cafe-mocha
2026-08-29 15:38 IST,Wellbeing Nutrition,Wellbeing Nutrition,Plant Protein 22g | 500g | 3B CFU Probiotics | French Vanilla Caramel (Pack of 1),1799.0,1709.0,5.0,341.8,True,https://wellbeingnutrition.com/products/vegan-protein-french-vanilla-caramel
2026-08-29 15:38 IST,Wellbeing Nutrition,Wellbeing Nutrition,Plant Protein 22g | 500g | 3B CFU Probiotics | Canadian Mixed Berry (Pack of 1),1799.0,1709.0,5.0,341.8,True,https://wellbeingnutrition.com/products/vegan-protein-canadian-mixed-berry
2026-08-29 15:38 IST,Wellbeing Nutrition,Wellbeing Nutrition,Her Superfood Plant Protein | Chocolate Peanut Butter (Pack of 1),1799.0,1709.0,5.0,,True,https://wellbeingnutrition.com/products/superfood-plant-protein-powder-for-women
2026-08-29 15:38 IST,Wellbeing Nutrition,Wellbeing Nutrition,Superfood Plant Protein | British Banoffee Pie (Pack of 1),1799.0,1709.0,5.0,,True,https://wellbeingnutrition.com/products/superfood-plant-protein-powder-in-banoffee-pie
2026-08-29 15:38 IST,Wellbeing Nutrition,Wellbeing Nutrition,Whey Protein Isolate + Concentrate Mango Sachets (Pack of 2),2798.0,2798.0,0.0,,False,https://wellbeingnutrition.com/products/whey-protein-isolate-concentrate-mango-sachets
2026-08-29 15:38 IST,Wellbeing Nutrition,Wellbeing Nutrition,Plant Protein 22g | 907g | 3B CFU Probiotics | Belgian Dark Chocolate (Pack of 1),3399.0,3059.0,10.0,337.27,True,https://wellbeingnutrition.com/products/vegan-protein-belgian-dark-chocolate-probiotics
2026-08-29 15:38 IST,AS-IT-IS Nutrition,AS-IT-IS Nutrition,"AS-IT-IS ONE Brown Rice Protein | 27g Protein per Serving | Plant Protein | Single-Ingredient, Unflavoured (35g)",175.0,122.0,30.3,,True,https://asitisnutrition.com/products/as-it-is-nutrition-brown-rice-protein-80-designed-as-meal-supplement-lab-tested-unflavoured
2026-08-29 15:38 IST,AS-IT-IS Nutrition,AS-IT-IS Nutrition,"AS-IT-IS ONE Pea Protein Isolate | 29g Protein per Serving | Plant Protein | Single-Ingredient, Unflavoured (36g-Sachet)",175.0,122.0,30.3,,False,https://asitisnutrition.com/products/as-it-is-nutrition-pea-protein-isolate-powder
2026-08-29 15:38 IST,AS-IT-IS Nutrition,AS-IT-IS Nutrition,"AS-IT-IS ONE Soy Protein Isolate | 30g Protein per Serving | Plant Protein | Single-Ingredient, Unflavoured (35g)",175.0,122.0,30.3,,True,https://asitisnutrition.com/products/as-it-is-nutrition-buy-soy-protein-isolate-powder-in-india
2026-08-29 15:38 IST,AS-IT-IS Nutrition,AS-IT-IS Nutrition,AS-IT-IS ATOM Beginners Whey Protein | 15g Protein per Serving | With DigeZyme® Enzymes (Choco Hazel Fusion / 37g),203.0,131.0,35.5,,True,https://asitisnutrition.com/products/atom-beginners-whey-protein
2026-08-29 15:38 IST,AS-IT-IS Nutrition,AS-IT-IS Nutrition,"AS-IT-IS ATOM Performance Whey | 25g Protein per Serving | With Safed Musli, Mucuna & DigeZyme® Enzymes (Double Rich Chocolate / 45g)",220.0,140.0,36.4,,True,https://asitisnutrition.com/products/as-it-is-atom-performance-whey-1kg-with-safed-musli-for-faster-recovery-highly-bioavailable
2026-08-29 15:38 IST,AS-IT-IS Nutrition,AS-IT-IS Nutrition,"AS-IT-IS ATOM Performance Whey | 25g Protein per Serving | With Safed Musli, Mucuna & DigeZyme® Enzymes (Pista Fusion / 45g)",2485.0,140.0,94.4,,False,https://asitisnutrition.com/products/as-it-is-atom-performance-whey-1kg-with-safed-musli-for-faster-recovery-highly-bioavailable
2026-08-29 15:38 IST,AS-IT-IS Nutrition,AS-IT-IS Nutrition,"AS-IT-IS ATOM Performance Whey | 25g Protein per Serving | With Safed Musli, Mucuna & DigeZyme® Enzymes (Cafe Latte / 45g)",2485.0,140.0,94.4,,False,https://asitisnutrition.com/products/as-it-is-atom-performance-whey-1kg-with-safed-musli-for-faster-recovery-highly-bioavailable
2026-08-29 15:38 IST,AS-IT-IS Nutrition,AS-IT-IS Nutrition,"AS-IT-IS ATOM Performance Whey | 25g Protein per Serving | With Safed Musli, Mucuna & DigeZyme® Enzymes (Cookie delight / 45g)",2485.0,140.0,94.4,,False,https://asitisnutrition.com/products/as-it-is-atom-performance-whey-1kg-with-safed-musli-for-faster-recovery-highly-bioavailable
2026-08-29 15:38 IST,AS-IT-IS Nutrition,AS-IT-IS Nutrition,"AS-IT-IS ATOM Performance Whey | 25g Protein per Serving | With Safed Musli, Mucuna & DigeZyme® Enzymes (Choco hazel fusion / 45g)",2485.0,140.0,94.4,,False,https://asitisnutrition.com/products/as-it-is-atom-performance-whey-1kg-with-safed-musli-for-faster-recovery-highly-bioavailable
2026-08-29 15:38 IST,AS-IT-IS Nutrition,AS-IT-IS Nutrition,AS-IT-IS ATOM Whey Protein | 27g Protein per Serving | DigeZyme® Enzymes & 1 Billion CFU Probiotics (Double Rich Chocolate / (36g Travel Sachet)),262.0,167.0,36.3,463.89,True,https://asitisnutrition.com/products/atom-whey-protein
2026-08-29 15:38 IST,AS-IT-IS Nutrition,AS-IT-IS Nutrition,AS-IT-IS ONE Whey Protein Concentrate Sachets | 28g Protein per Serving | Unflavoured (35g Sachet (Pack of 1)),305.0,178.0,41.6,593.33,True,https://asitisnutrition.com/products/whey-protein-30g-sachet
2026-08-29 15:38 IST,AS-IT-IS Nutrition,AS-IT-IS Nutrition,"AS-IT-IS ATOM Nitro Whey with Creasure® | 33g Protein, 3g Creatine per Serving | With DigeZyme® Enzymes (Double Rich Chocolate / 45g)",289.0,185.0,36.0,,True,https://asitisnutrition.com/products/atom-nitro-whey-with-creatine-i-33g-protein-3g-creatine-7-4g-bcaa
2026-08-29 15:38 IST,AS-IT-IS Nutrition,AS-IT-IS Nutrition,"AS-IT-IS ATOM Nitro Whey with Creasure® | 33g Protein, 3g Creatine per Serving | With DigeZyme® Enzymes (Kesar Kulfi / 45g)",3407.0,185.0,94.6,,False,https://asitisnutrition.com/products/atom-nitro-whey-with-creatine-i-33g-protein-3g-creatine-7-4g-bcaa
2026-08-29 15:38 IST,AS-IT-IS Nutrition,AS-IT-IS Nutrition,"AS-IT-IS ATOM Nitro Whey with Creasure® | 33g Protein, 3g Creatine per Serving | With DigeZyme® Enzymes (Classic Vanilla / 45g)",3407.0,185.0,94.6,,False,https://asitisnutrition.com/products/atom-nitro-whey-with-creatine-i-33g-protein-3g-creatine-7-4g-bcaa
2026-08-29 15:38 IST,AS-IT-IS Nutrition,AS-IT-IS Nutrition,AS-IT-IS ONE Whey Protein Concentrate Sachets | 28g Protein per Serving | Unflavoured (35g Sachet (Pack of 1) + Shaker),438.0,303.0,30.8,1010.0,False,https://asitisnutrition.com/products/whey-protein-30g-sachet
2026-08-29 15:38 IST,MyFitness,MYFITNESS,MyFitness Peanut Butter - Chocolate | 26% Protein | Crispy | Chocolate Peanut Butter Spread (227g),159.0,149.0,6.3,65.64,True,https://myfitness.co.in/products/chocolate-crispy
2026-08-29 15:38 IST,MyFitness,MYFITNESS,"Pro.Fitness High Protein Chocolate Oats | Dark Chocolate | Healthy Oats With Nuts, Seeds & Added Whey (375g)",339.0,219.0,35.4,58.4,True,https://myfitness.co.in/products/high-protein-oats-900g-27g-protein
2026-08-29 15:38 IST,MyFitness,MYFITNESS,Pro.Fitness Rolled Oats | 13% Protein | Healthy Oats With High Fiber and Zero Cholesterol (900g),320.0,269.0,15.9,,True,https://myfitness.co.in/products/pro-fitness-rolled-oats-900g
2026-08-29 15:38 IST,MyFitness,myfitness-official-store,MyFitness Peanut Butter - Classic Zero | 28% Protein | Extra Crunchy | Zero Sugar Peanut Spread (510 g),349.0,275.0,21.2,53.92,True,https://myfitness.co.in/products/myfitness-zero-peanut-butter-crunchy-510g
2026-08-29 15:38 IST,MyFitness,myfitness-official-store,MyFitness Peanut Butter - Chocolate | 26% Protein | Crunchy | Chocolate Peanut Butter Spread (510 g),319.0,275.0,13.8,45.08,True,https://myfitness.co.in/products/myfitness-chocolate-peanut-butter-crunchy
2026-08-29 15:38 IST,MyFitness,myfitness-official-store,MyFitness Peanut Butter - Natural Unsweetened | 31% Protein | Crunchy | Zero Sugar Peanut Butter Spread (510 g),319.0,275.0,13.8,45.08,True,https://myfitness.co.in/products/myfitness-all-natural-peanut-butter-crunchy
2026-08-29 15:38 IST,MyFitness,myfitness-official-store,MyFitness Peanut Butter - Natural Unsweetened | 25% Protein | Smooth | Zero Sugar Peanut Butter Spread (510 g),319.0,275.0,13.8,45.08,True,https://myfitness.co.in/products/myfitness-all-natural-peanut-butter-smooth
2026-08-29 15:38 IST,MyFitness,myfitness-official-store,MyFitness Peanut Butter - Chocolate | 26% Protein | Crispy | Chocolate Peanut Butter Spread (510 g),319.0,275.0,13.8,45.08,True,https://myfitness.co.in/products/myfitness-chocolate-peanut-butter-crispy
2026-08-29 15:38 IST,MyFitness,myfitness-official-store,MyFitness Peanut Butter - Chocolate | 28% Protein | Smooth | Chocolate Peanut Butter Spread (510 g),319.0,275.0,13.8,45.08,True,https://myfitness.co.in/products/myfitness-chocolate-peanut-butter-smooth
2026-08-29 15:38 IST,MyFitness,myfitness-official-store,MyFitness Peanut Butter - Original | 28% Protein | Crunchy | Classic Peanut Butter Spread (510 g),319.0,275.0,13.8,45.08,True,https://myfitness.co.in/products/myfitness-original-peanut-butter-crunchy
2026-08-29 15:38 IST,MyFitness,myfitness-official-store,MyFitness Peanut Butter - Original | 28% Protein | Smooth | Classic Peanut Butter Spread (510 g),319.0,275.0,13.8,45.08,True,https://myfitness.co.in/products/myfitness-original-peanut-butter-smooth
2026-08-29 15:38 IST,MyFitness,MYFITNESS,MyFitness Peanut Butter - Chocolate | 25% Protein | Almond Crunch | Chocolate Peanut Butter Spread (510 g),379.0,279.0,26.4,54.71,True,https://myfitness.co.in/products/myfitness-chocolate-peanut-butter-with-almond-crunch
2026-08-29 15:38 IST,MyFitness,MYFITNESS,MyFitness x Batman | Chocolate Zero Peanut Butter Extra Crunchy | 27% Protein | Zero Added Sugar | High Protein (510 g),369.0,299.0,19.0,58.63,True,https://myfitness.co.in/products/myfitness-zero-chocolate-peanut-butter-crunchy-zero-sugar-extra-crunch-510g-27g-protein-10g-fiber-tasty-healthy-nut-butter-spread-cholesterol-free-zero-trans-fat-crunchy-peanut-butter
2026-08-29 15:38 IST,MyFitness,MYFITNESS,MyFitness Peanut Butter - Dark Chocolate | 30% Protein | Smooth | Rich Chocolate Peanut Butter Spread (510 g),399.0,299.0,25.1,49.02,True,https://myfitness.co.in/products/myfitness-olympia-edition-dark-chocolate-peanut-butter-with-added-whey-smooth
2026-08-29 15:38 IST,MyFitness,MYFITNESS,MyFitness Peanut Butter - Dark Chocolate | 29% Protein | Crispy | Rich Chocolate Peanut Butter Spread (510 g),399.0,319.0,20.1,52.3,True,https://myfitness.co.in/products/myfitness-peanut-butter-dark-chocolate-29-protein-crispy-rich-chocolate-peanut-butter-spread
2026-08-29 15:38 IST,Naturaltein,naturaltein,The Protein Dessert E-Cook Book by Naturaltein,599.0,399.0,33.4,,True,https://naturaltein.in/products/the-protein-dessert-e-cook-book-by-naturaltein
2026-08-29 15:38 IST,Naturaltein,naturaltein,Natural Plant Protein (Chocolate / 1 Box (500 g)),3000.0,1112.0,62.9,222.4,True,https://naturaltein.in/products/plant-protein
2026-08-29 15:38 IST,Naturaltein,naturaltein,Natural Plant Protein (Mango / 1 Box (500 g)),3000.0,1112.0,62.9,222.4,True,https://naturaltein.in/products/plant-protein
2026-08-29 15:38 IST,Naturaltein,naturaltein,Natural Plant Protein (Berry / 1 Box (500 g)),3000.0,1112.0,62.9,222.4,True,https://naturaltein.in/products/plant-protein
2026-08-29 15:38 IST,Naturaltein,naturaltein,Natural Plant Protein (Pista / 1 Box (500 g)),3000.0,1112.0,62.9,222.4,True,https://naturaltein.in/products/plant-protein
2026-08-29 15:38 IST,Naturaltein,naturaltein,Natural Plant Protein (Coffee / 1 Box (500 g)),3000.0,1112.0,62.9,222.4,True,https://naturaltein.in/products/plant-protein
2026-08-29 15:38 IST,Naturaltein,naturaltein,Natural Whey Protein Concentrate (Italian Ice Cream / 1 Box (300 g)),1424.0,1299.0,8.8,433.0,False,https://naturaltein.in/products/whey-protein-concentrate
2026-08-29 15:38 IST,Naturaltein,naturaltein,Natural Whey Protein Concentrate (Chocolate Biscoff / 1 Box (300 g)),1424.0,1399.0,1.8,466.33,False,https://naturaltein.in/products/whey-protein-concentrate
2026-08-29 15:38 IST,Naturaltein,naturaltein,Natural Whey Protein Concentrate (Chocolate Caramel / 1 Box (300 g)),1424.0,1399.0,1.8,466.33,False,https://naturaltein.in/products/whey-protein-concentrate
2026-08-29 15:38 IST,Naturaltein,naturaltein,Natural Whey Protein Concentrate (Chocolate / 1 Box (300 g)),2500.0,1524.0,39.0,508.0,True,https://naturaltein.in/products/whey-protein-concentrate
2026-08-29 15:38 IST,Naturaltein,naturaltein,Natural Whey Protein Concentrate (Unflavoured / 1 Box (300 g)),2500.0,1524.0,39.0,508.0,False,https://naturaltein.in/products/whey-protein-concentrate
2026-08-29 15:38 IST,Naturaltein,naturaltein,Natural Whey Protein Concentrate (Caffe Mocha / 1 Box (300 g)),2500.0,1524.0,39.0,508.0,True,https://naturaltein.in/products/whey-protein-concentrate
2026-08-29 15:38 IST,Naturaltein,naturaltein,Natural Plant Protein (Chocolate / 2 Boxes (1 kg)),6000.0,1600.0,73.3,160.0,True,https://naturaltein.in/products/plant-protein
2026-08-29 15:38 IST,Naturaltein,naturaltein,Natural Plant Protein (Mango / 2 Boxes (1 kg)),6000.0,1600.0,73.3,160.0,True,https://naturaltein.in/products/plant-protein
2026-08-29 15:38 IST,Naturaltein,naturaltein,Natural Plant Protein (Berry / 2 Boxes (1 kg)),6000.0,1600.0,73.3,160.0,True,https://naturaltein.in/products/plant-protein
2026-08-29 15:38 IST,GNC India,GNC India,GNC Superfood Plant Isolate 35 gram (35gm / Chocolate),149.0,1.0,99.3,,True,https://gnc.in/products/gnc-superfood-plant-isolate-35-gram
2026-08-29 15:38 IST,GNC India,GNC India,GNC Superfood Plant Isolate 35 gram (35gm / Coffee),149.0,1.0,99.3,,True,https://gnc.in/products/gnc-superfood-plant-isolate-35-gram
2026-08-29 15:38 IST,GNC India,GNC India,GNC Superfood Plant Isolate 35 gram (35gm / Mango),149.0,1.0,99.3,,True,https://gnc.in/products/gnc-superfood-plant-isolate-35-gram
2026-08-29 15:38 IST,GNC India,GNC India,GNC Superfood Plant Isolate 35 gram (35gm / Vanilla),149.0,1.0,99.3,,False,https://gnc.in/products/gnc-superfood-plant-isolate-35-gram
2026-08-29 15:38 IST,GNC India,GNC India,PP Protein Wafer Bar Mini 20gm (Chocolate / 20 gm),60.0,40.0,33.3,200.0,True,https://gnc.in/products/pp-protein-wafer-bar-mini-20gm
2026-08-29 15:38 IST,GNC India,GNC India,PP Protein Wafer Bar Mini 20gm (Coffee / 20 gm),60.0,40.0,33.3,200.0,True,https://gnc.in/products/pp-protein-wafer-bar-mini-20gm
2026-08-29 15:38 IST,GNC India,GNC India,PP Protein Wafer Bar Mini 20gm (Peanut Butter / 20 gm),60.0,40.0,33.3,200.0,True,https://gnc.in/products/pp-protein-wafer-bar-mini-20gm
2026-08-29 15:38 IST,GNC India,GNC,GNC Protein Wafer Bar (Chocolate) (Pack of 1 / Chocolate),59.0,55.0,6.8,,True,https://gnc.in/products/gnc-protein-wafer-bar-chocolate
2026-08-29 15:38 IST,GNC India,GNC,GNC Protein Wafer Bar (Peanut butter) (Pack of 1 / Peanut Butter),59.0,55.0,6.8,,True,https://gnc.in/products/gnc-protein-wafer-bar-peanut-butter
2026-08-29 15:38 IST,GNC India,GNC,GNC Protein Wafer Bar (Coffee) (Pack of 1 / Coffee),59.0,55.0,6.8,,True,https://gnc.in/products/gnc-protein-wafer-bar-coffee
2026-08-29 15:38 IST,GNC India,GNC,GNC Protein Wafer Bar (40g / Chocolate),60.0,55.0,8.3,137.5,True,https://gnc.in/products/gnc-protein-wafer-bar-upsell
2026-08-29 15:38 IST,GNC India,GNC India,GNC Select Fermented Yeast Protein Isolate (35gm) (35 gm / Chocolate),149.0,65.0,56.4,185.71,True,https://gnc.in/products/gnc-select-fermented-yeast-protein-isolate-35gm
2026-08-29 15:38 IST,GNC India,GNC India,GNC Select Fermented Yeast Protein Isolate (35gm) (35 gm / Coffee),149.0,65.0,56.4,185.71,True,https://gnc.in/products/gnc-select-fermented-yeast-protein-isolate-35gm
2026-08-29 15:38 IST,GNC India,GNC India,GNC Select Fermented Yeast Protein Isolate (35gm) (35 gm / Vanilla),149.0,65.0,56.4,185.71,True,https://gnc.in/products/gnc-select-fermented-yeast-protein-isolate-35gm
2026-08-29 15:38 IST,GNC India,GNC India,GNC Select Fermented Yeast Protein Isolate (35 gm / Chocolate),149.0,69.0,53.7,197.14,True,https://gnc.in/products/gnc-select-fermented-yeast-protein
2026-08-30 14:46 IST,Nutrabay,Velbiom,Velbiom Happy Cultures Tastiest Plant Protein,600,499,16.8,346.53,True,https://nutrabay.com/product/velbiom-happy-cultures-tastiest-plant-protein/?pId=7407265
2026-08-30 14:46 IST,Nutrabay,TruNativ,TruNativ Plant Based Everyday Protein - Protein You Can Cook With!,699,599,14.3,363.03,True,https://nutrabay.com/product/trunativ-plant-based-everyday-protein-protein-you-can-cook-with/?pId=9485223
2026-08-30 14:46 IST,Nutrabay,Nutrabay,Nutrabay Pure Pea Protein Isolate,669,649,3.0,129.8,True,https://nutrabay.com/product/nutrabay-pure-100-pea-protein-isolate/?pId=4537768
2026-08-30 14:46 IST,Nutrabay,Nutrabay,Nutrabay Wellness Vegan Plant Protein Powder + Superfoods,1199,799,33.4,159.8,True,https://nutrabay.com/product/nutrabay-wellness-vegan-plant-protein-powder-superfoods/?pId=4698878
2026-08-30 14:46 IST,Nutrabay,Nutrabay,Nutrabay Wellness Vegan Plant Protein Powder + Superfoods,1199,799,33.4,159.8,True,https://nutrabay.com/product/nutrabay-wellness-vegan-plant-protein-powder-superfoods/?pId=4698878
2026-08-30 14:46 IST,Nutrabay,Nutrabay,Nutrabay Gold Pea Protein,1049,849,19.1,169.8,True,https://nutrabay.com/product/nutrabay-gold-hydrolyzed-pea-protein/?pId=3302532
2026-08-30 14:46 IST,Nutrabay,Nutrabay,Nutrabay Gold Pea Protein,1049,849,19.1,169.8,True,https://nutrabay.com/product/nutrabay-gold-hydrolyzed-pea-protein/?pId=3302532
2026-08-30 14:46 IST,Nutrabay,Nutrabay,Nutrabay Gold Pea Protein,1049,849,19.1,169.8,True,https://nutrabay.com/product/nutrabay-gold-hydrolyzed-pea-protein/?pId=3302532
2026-08-30 14:46 IST,Nutrabay,Nutrabay,Nutrabay BioAbsorb™ Whey Protein Powder | Clinically Tested 54% Better Protein Absorption | 26g Protein/Scoop | India's 1st Protein with ProDiFi™ for No Bloating | No Added Sugar,859,859,0.0,474.59,True,https://nutrabay.com/product/nutrabay-bioabsorb-whey-protein/?pId=8042444
2026-08-30 14:46 IST,Nutrabay,Nutrabay,Nutrabay Pure Pea Protein Isolate,1349,899,33.4,89.9,True,https://nutrabay.com/product/nutrabay-pure-100-pea-protein-isolate/?pId=4537768
2026-08-30 14:46 IST,Nutrabay,Nakpro Nutrition,Nakpro Nutrition Platinum Soy Protein Isolate,2300,899,60.9,89.9,True,https://nutrabay.com/product/nakpro-vegan-soy-protein-isolate-90-raw-pure-natural-vegetarian-plant-protein-supplement-powder/?pId=3990475
2026-08-30 14:46 IST,Nutrabay,Optimum Nutrition,Optimum Nutrition (ON) Gold Standard Whey Protein Powder,940,940,0.0,,True,https://nutrabay.com/product/optimum-nutrition-on-100-whey-gold-standard-2/?pId=4471481
2026-08-30 14:46 IST,Nutrabay,Velbiom,Velbiom Happy Cultures Tastiest Plant Protein,1699,949,44.1,187.92,True,https://nutrabay.com/product/velbiom-happy-cultures-tastiest-plant-protein/?pId=7407265
2026-08-30 14:46 IST,Nutrabay,Velbiom,Velbiom Happy Cultures Tastiest Plant Protein,1699,949,44.1,187.92,True,https://nutrabay.com/product/velbiom-happy-cultures-tastiest-plant-protein/?pId=7407265
2026-08-30 14:46 IST,Nutrabay,Velbiom,Velbiom Happy Cultures Tastiest Plant Protein,1699,949,44.1,187.92,True,https://nutrabay.com/product/velbiom-happy-cultures-tastiest-plant-protein/?pId=7407265
2026-08-30 14:46 IST,Fast&Up,Fastandup,100% Pure & Natural Moringa Powder,250.0,238.0,4.8,,True,https://in.fastandup.com/products/100-pure-natural-moringa-powder
2026-08-30 14:46 IST,Fast&Up,Fastandup,Plant Protein - Assorted Pack,270.0,243.0,10.0,,True,https://in.fastandup.com/products/fast-up-plant-protein-assorted-pack
2026-08-30 14:46 IST,Fast&Up,Fastandup,Plant Protein - Rich Chocolate - Single Serving Sachet Combo Pack (Rich Chocolate / Pack of 5),450.0,396.0,12.0,,True,https://in.fastandup.com/products/plant-protein-rich-chocolate-single-serving-sachet-combo-pack
2026-08-30 14:46 IST,Fast&Up,Fastandup,Plant Protein - Rich Chocolate - Single Serving Sachet Combo Pack (Rich Chocolate / Pack of 10),900.0,765.0,15.0,,True,https://in.fastandup.com/products/plant-protein-rich-chocolate-single-serving-sachet-combo-pack
2026-08-30 14:46 IST,Fast&Up,Fastandup,Plant Protein - Rich Chocolate - Single Serving Sachet Combo Pack (Rich Chocolate / Pack of 15),1350.0,1107.0,18.0,,True,https://in.fastandup.com/products/plant-protein-rich-chocolate-single-serving-sachet-combo-pack
2026-08-30 14:46 IST,Fast&Up,Fastandup,Plant Protein - Cookies & Cream - 500g,1599.0,1279.0,20.0,255.8,True,https://in.fastandup.com/products/plant-protein-cookies-cream-500g
2026-08-30 14:46 IST,Fast&Up,Fastandup,Plant Protein - Rich Chocolate – 500gms,1599.0,1279.0,20.0,255.8,True,https://in.fastandup.com/products/plant-protein-powder-500gms
2026-08-30 14:46 IST,Fast&Up,Fastandup,Daily Fiber + Plant Protein Rich Chocolate Combo,3715.0,2299.0,38.1,,True,https://in.fastandup.com/products/daily-fiber-plant-protein-rich-chocolate-combo
2026-08-30 14:46 IST,Fast&Up,Fastandup,Plant Protein - Alphonso Mango - 1Kg,3115.0,2336.0,25.0,233.6,True,https://in.fastandup.com/products/plant-protein-alphonso-mango-25-servings
2026-08-30 14:46 IST,Fast&Up,Fastandup,Plant Protein - Kesar Kulfi - 1kg,3115.0,2336.0,25.0,233.6,False,https://in.fastandup.com/products/plant-protein-powder-special-festive-pack
2026-08-30 14:46 IST,Fast&Up,Fastandup,Plant Protein - Cookies & Cream - 1Kg,3115.0,2336.0,25.0,233.6,True,https://in.fastandup.com/products/plant-protein-cookies-cream-1-kg
2026-08-30 14:46 IST,Fast&Up,Fastandup,Plant Protein - Strawberry Blast - 25 Servings,3115.0,2336.0,25.0,,True,https://in.fastandup.com/products/plant-protein-strawberry-25-servings
2026-08-30 14:46 IST,Fast&Up,Fastandup,Plant Protein - Rich Chocolate - 1kg,3115.0,2336.0,25.0,233.6,True,https://in.fastandup.com/products/plant-protein-rich-chocolate-1kg
2026-08-30 14:46 IST,Fast&Up,Fastandup,Plant Protein - Cookies & Cream - 500g Pack of 2,3198.0,2399.0,25.0,479.8,True,https://in.fastandup.com/products/plant-protein-cookies-cream-500g-pack-of-2
2026-08-30 14:46 IST,Fast&Up,Fastandup,Plant Protein Rich Chocolate - 1kg pouch+ Plant Protein Cookies Cream- 1kg Pouch,6230.0,3427.0,45.0,342.7,True,https://in.fastandup.com/products/plant-protein-rich-chocolate-1kg-pouch-plant-protein-cookies-cream-1kg-pouch
2026-08-30 14:46 IST,OZiva,OZiva,Plant Protein + Pro-Digest (Mango),139.0,139.0,0.0,,True,https://oziva.in/products/plant-protein-pro-digest
2026-08-30 14:46 IST,OZiva,OZiva,Pro-Collagen Protein Peptides Caramel | 250g,799.0,433.0,45.8,173.2,True,https://oziva.in/products/pro-collagen-protein-peptides-caramel-250g
2026-08-30 14:46 IST,OZiva,OZiva,"Vegan Collagen, Clinically Proven (Watermelon / Starter Pack-125g)",499.0,459.0,8.0,367.2,True,https://oziva.in/products/plant-based-collagen
2026-08-30 14:46 IST,OZiva,OZiva,Plant Protein + Pro-Digest (Assorted),699.0,699.0,0.0,,True,https://oziva.in/products/plant-protein-pro-digest
2026-08-30 14:46 IST,OZiva,OZiva,Plant Protein + Pro-Digest (Chocolate),699.0,699.0,0.0,,False,https://oziva.in/products/plant-protein-pro-digest
2026-08-30 14:46 IST,OZiva,OZiva,Plant Protein + Pro-Digest (Strawberry),699.0,699.0,0.0,,False,https://oziva.in/products/plant-protein-pro-digest
2026-08-30 14:46 IST,OZiva,OZiva,Plant Protein + Pro-Digest (Vanilla),699.0,699.0,0.0,,False,https://oziva.in/products/plant-protein-pro-digest
2026-08-30 14:46 IST,OZiva,OZiva,Bioactive Plant Protein (Assorted / Starter Pack),699.0,699.0,0.0,,True,https://oziva.in/products/oziva-bioactive-plant-protein-with-25g-vegan-protein-5-5-bcaas-100-rda-vitamins-minerals-ayurvedic-herbs-for-better-endurance-stamina-muscle-recovery-1-kg
2026-08-30 14:46 IST,OZiva,OZiva,Daily Protein Activ for Women (Rich Chocolate / Starter Pack),799.0,749.0,6.3,,True,https://oziva.in/products/daily-protein-activ-for-women-with-clean-whey-protein-multivitamins-tulsi-probiotics-for-improved-everyday-energy-stamina-bone-health-immune-health
2026-08-30 14:46 IST,OZiva,OZiva,Daily Protein Activ for Women (Classic Vanilla / Starter Pack),799.0,749.0,6.3,,False,https://oziva.in/products/daily-protein-activ-for-women-with-clean-whey-protein-multivitamins-tulsi-probiotics-for-improved-everyday-energy-stamina-bone-health-immune-health
2026-08-30 14:46 IST,OZiva,OZiva,"Pro-Collagen Protein Peptides, 250 g (Starter Pack)",849.0,799.0,5.9,319.6,True,https://oziva.in/products/oziva-pro-collagen-protein-peptides-with-clean-protein-green-coffee-hyaluronic-acid-biotin-for-skin-hair-health-muscle-joint-health-protein-breakdown-caramel-250-g
2026-08-30 14:46 IST,OZiva,OZiva,"Vegan Collagen, Clinically Proven (Guava Glow / Starter Pack)",959.0,929.0,3.1,,True,https://oziva.in/products/plant-based-collagen
2026-08-30 14:46 IST,OZiva,OZiva,"Vegan Collagen, Clinically Proven (Classic / Starter Pack)",959.0,929.0,3.1,,True,https://oziva.in/products/plant-based-collagen
2026-08-30 14:46 IST,OZiva,OZiva,"Vegan Collagen, Clinically Proven (Berry Orange / Starter Pack)",959.0,929.0,3.1,,True,https://oziva.in/products/plant-based-collagen
2026-08-30 14:46 IST,OZiva,OZiva,"Vegan Collagen, Clinically Proven (Watermelon / Starter Pack)",959.0,929.0,3.1,,True,https://oziva.in/products/plant-based-collagen
2026-08-30 14:46 IST,Wellbeing Nutrition,Wellbeing Nutrition,Kids Protein Vanilla Free Sachet,79.0,79.0,0.0,,True,https://wellbeingnutrition.com/products/kids-protein-vanilla-free-sachet
2026-08-30 14:46 IST,Wellbeing Nutrition,Wellbeing Nutrition,Kids Protein Chocolate Sachet,79.0,79.0,0.0,,True,https://wellbeingnutrition.com/products/kids-protein-chocolate-sachet
2026-08-30 14:46 IST,Wellbeing Nutrition,Wellbeing Nutrition,Kids Protein Vanilla Sachet,79.0,79.0,0.0,,True,https://wellbeingnutrition.com/products/kids-protein-vanilla-sachet
2026-08-30 14:46 IST,Wellbeing Nutrition,Wellbeing Nutrition,Vegan Protein Dark Chocolate Hazelnut Sachet,150.0,150.0,0.0,,True,https://wellbeingnutrition.com/products/vegan-protein-dark-chocolate-hazelnut-sachet
2026-08-30 14:46 IST,Wellbeing Nutrition,Wellbeing Nutrition,Whey Protein Isolate Dark Chocolate Sachet (Pack of 1),160.0,160.0,0.0,,False,https://wellbeingnutrition.com/products/whey-protein-isolate-dark-chocolate-sachet
2026-08-30 14:46 IST,Wellbeing Nutrition,Wellbeing Nutrition,Whey Protein Isolate + Concentrate Mango Sachets (Pack of 1),1399.0,1399.0,0.0,,False,https://wellbeingnutrition.com/products/whey-protein-isolate-concentrate-mango-sachets
2026-08-30 14:46 IST,Wellbeing Nutrition,Wellbeing Nutrition,Plant Protein 22g | 500g | 3B CFU Probiotics | Belgian Dark Chocolate (Pack of 1),1799.0,1619.0,10.0,323.8,True,https://wellbeingnutrition.com/products/vegan-protein-belgian-chocolate
2026-08-30 14:46 IST,Wellbeing Nutrition,Wellbeing Nutrition,Plant Protein 22g | 500g | 3B CFU Probiotics | Dark Chocolate Hazelnut (Pack of 1),1799.0,1709.0,5.0,341.8,True,https://wellbeingnutrition.com/products/vegan-protein-dark-chocolate-hazelnut
2026-08-30 14:46 IST,Wellbeing Nutrition,Wellbeing Nutrition,Plant Protein 22g | 500g | 3B CFU Probiotics | Italian Cafe Mocha (Pack of 1),1799.0,1709.0,5.0,341.8,False,https://wellbeingnutrition.com/products/vegan-protein-italian-cafe-mocha
2026-08-30 14:46 IST,Wellbeing Nutrition,Wellbeing Nutrition,Plant Protein 22g | 500g | 3B CFU Probiotics | French Vanilla Caramel (Pack of 1),1799.0,1709.0,5.0,341.8,True,https://wellbeingnutrition.com/products/vegan-protein-french-vanilla-caramel
2026-08-30 14:46 IST,Wellbeing Nutrition,Wellbeing Nutrition,Plant Protein 22g | 500g | 3B CFU Probiotics | Canadian Mixed Berry (Pack of 1),1799.0,1709.0,5.0,341.8,True,https://wellbeingnutrition.com/products/vegan-protein-canadian-mixed-berry
2026-08-30 14:46 IST,Wellbeing Nutrition,Wellbeing Nutrition,Her Superfood Plant Protein | Chocolate Peanut Butter (Pack of 1),1799.0,1709.0,5.0,,True,https://wellbeingnutrition.com/products/superfood-plant-protein-powder-for-women
2026-08-30 14:46 IST,Wellbeing Nutrition,Wellbeing Nutrition,Superfood Plant Protein | British Banoffee Pie (Pack of 1),1799.0,1709.0,5.0,,True,https://wellbeingnutrition.com/products/superfood-plant-protein-powder-in-banoffee-pie
2026-08-30 14:46 IST,Wellbeing Nutrition,Wellbeing Nutrition,Whey Protein Isolate + Concentrate Mango Sachets (Pack of 2),2798.0,2798.0,0.0,,False,https://wellbeingnutrition.com/products/whey-protein-isolate-concentrate-mango-sachets
2026-08-30 14:46 IST,Wellbeing Nutrition,Wellbeing Nutrition,Plant Protein 22g | 907g | 3B CFU Probiotics | Belgian Dark Chocolate (Pack of 1),3399.0,3059.0,10.0,337.27,True,https://wellbeingnutrition.com/products/vegan-protein-belgian-dark-chocolate-probiotics
2026-08-30 14:46 IST,AS-IT-IS Nutrition,AS-IT-IS Nutrition,"AS-IT-IS ONE Brown Rice Protein | 27g Protein per Serving | Plant Protein | Single-Ingredient, Unflavoured (35g)",175.0,122.0,30.3,,True,https://asitisnutrition.com/products/as-it-is-nutrition-brown-rice-protein-80-designed-as-meal-supplement-lab-tested-unflavoured
2026-08-30 14:46 IST,AS-IT-IS Nutrition,AS-IT-IS Nutrition,"AS-IT-IS ONE Pea Protein Isolate | 29g Protein per Serving | Plant Protein | Single-Ingredient, Unflavoured (36g-Sachet)",175.0,122.0,30.3,,False,https://asitisnutrition.com/products/as-it-is-nutrition-pea-protein-isolate-powder
2026-08-30 14:46 IST,AS-IT-IS Nutrition,AS-IT-IS Nutrition,"AS-IT-IS ONE Soy Protein Isolate | 30g Protein per Serving | Plant Protein | Single-Ingredient, Unflavoured (35g)",175.0,122.0,30.3,,True,https://asitisnutrition.com/products/as-it-is-nutrition-buy-soy-protein-isolate-powder-in-india
2026-08-30 14:46 IST,AS-IT-IS Nutrition,AS-IT-IS Nutrition,AS-IT-IS ATOM Beginners Whey Protein | 15g Protein per Serving | With DigeZyme® Enzymes (Choco Hazel Fusion / 37g),203.0,131.0,35.5,,True,https://asitisnutrition.com/products/atom-beginners-whey-protein
2026-08-30 14:46 IST,AS-IT-IS Nutrition,AS-IT-IS Nutrition,"AS-IT-IS ATOM Performance Whey | 25g Protein per Serving | With Safed Musli, Mucuna & DigeZyme® Enzymes (Double Rich Chocolate / 45g)",220.0,140.0,36.4,,True,https://asitisnutrition.com/products/as-it-is-atom-performance-whey-1kg-with-safed-musli-for-faster-recovery-highly-bioavailable
2026-08-30 14:46 IST,AS-IT-IS Nutrition,AS-IT-IS Nutrition,"AS-IT-IS ATOM Performance Whey | 25g Protein per Serving | With Safed Musli, Mucuna & DigeZyme® Enzymes (Pista Fusion / 45g)",2485.0,140.0,94.4,,False,https://asitisnutrition.com/products/as-it-is-atom-performance-whey-1kg-with-safed-musli-for-faster-recovery-highly-bioavailable
2026-08-30 14:46 IST,AS-IT-IS Nutrition,AS-IT-IS Nutrition,"AS-IT-IS ATOM Performance Whey | 25g Protein per Serving | With Safed Musli, Mucuna & DigeZyme® Enzymes (Cafe Latte / 45g)",2485.0,140.0,94.4,,False,https://asitisnutrition.com/products/as-it-is-atom-performance-whey-1kg-with-safed-musli-for-faster-recovery-highly-bioavailable
2026-08-30 14:46 IST,AS-IT-IS Nutrition,AS-IT-IS Nutrition,"AS-IT-IS ATOM Performance Whey | 25g Protein per Serving | With Safed Musli, Mucuna & DigeZyme® Enzymes (Cookie delight / 45g)",2485.0,140.0,94.4,,False,https://asitisnutrition.com/products/as-it-is-atom-performance-whey-1kg-with-safed-musli-for-faster-recovery-highly-bioavailable
2026-08-30 14:46 IST,AS-IT-IS Nutrition,AS-IT-IS Nutrition,"AS-IT-IS ATOM Performance Whey | 25g Protein per Serving | With Safed Musli, Mucuna & DigeZyme® Enzymes (Choco hazel fusion / 45g)",2485.0,140.0,94.4,,False,https://asitisnutrition.com/products/as-it-is-atom-performance-whey-1kg-with-safed-musli-for-faster-recovery-highly-bioavailable
2026-08-30 14:46 IST,AS-IT-IS Nutrition,AS-IT-IS Nutrition,AS-IT-IS ATOM Whey Protein | 27g Protein per Serving | DigeZyme® Enzymes & 1 Billion CFU Probiotics (Double Rich Chocolate / (36g Travel Sachet)),262.0,167.0,36.3,463.89,True,https://asitisnutrition.com/products/atom-whey-protein
2026-08-30 14:46 IST,AS-IT-IS Nutrition,AS-IT-IS Nutrition,AS-IT-IS ONE Whey Protein Concentrate Sachets | 28g Protein per Serving | Unflavoured (35g Sachet (Pack of 1)),305.0,178.0,41.6,593.33,True,https://asitisnutrition.com/products/whey-protein-30g-sachet
2026-08-30 14:46 IST,AS-IT-IS Nutrition,AS-IT-IS Nutrition,"AS-IT-IS ATOM Nitro Whey with Creasure® | 33g Protein, 3g Creatine per Serving | With DigeZyme® Enzymes (Double Rich Chocolate / 45g)",289.0,185.0,36.0,,True,https://asitisnutrition.com/products/atom-nitro-whey-with-creatine-i-33g-protein-3g-creatine-7-4g-bcaa
2026-08-30 14:46 IST,AS-IT-IS Nutrition,AS-IT-IS Nutrition,"AS-IT-IS ATOM Nitro Whey with Creasure® | 33g Protein, 3g Creatine per Serving | With DigeZyme® Enzymes (Kesar Kulfi / 45g)",3407.0,185.0,94.6,,False,https://asitisnutrition.com/products/atom-nitro-whey-with-creatine-i-33g-protein-3g-creatine-7-4g-bcaa
2026-08-30 14:46 IST,AS-IT-IS Nutrition,AS-IT-IS Nutrition,"AS-IT-IS ATOM Nitro Whey with Creasure® | 33g Protein, 3g Creatine per Serving | With DigeZyme® Enzymes (Classic Vanilla / 45g)",3407.0,185.0,94.6,,False,https://asitisnutrition.com/products/atom-nitro-whey-with-creatine-i-33g-protein-3g-creatine-7-4g-bcaa
2026-08-30 14:46 IST,AS-IT-IS Nutrition,AS-IT-IS Nutrition,AS-IT-IS ONE Whey Protein Concentrate Sachets | 28g Protein per Serving | Unflavoured (35g Sachet (Pack of 1) + Shaker),438.0,303.0,30.8,1010.0,False,https://asitisnutrition.com/products/whey-protein-30g-sachet
2026-08-30 14:46 IST,MyFitness,MYFITNESS,MyFitness Peanut Butter - Chocolate | 26% Protein | Crispy | Chocolate Peanut Butter Spread (227g),159.0,149.0,6.3,65.64,True,https://myfitness.co.in/products/chocolate-crispy
2026-08-30 14:46 IST,MyFitness,MYFITNESS,"Pro.Fitness High Protein Chocolate Oats | Dark Chocolate | Healthy Oats With Nuts, Seeds & Added Whey (375g)",339.0,219.0,35.4,58.4,True,https://myfitness.co.in/products/high-protein-oats-900g-27g-protein
2026-08-30 14:46 IST,MyFitness,MYFITNESS,Pro.Fitness Rolled Oats | 13% Protein | Healthy Oats With High Fiber and Zero Cholesterol (900g),320.0,269.0,15.9,,True,https://myfitness.co.in/products/pro-fitness-rolled-oats-900g
2026-08-30 14:46 IST,MyFitness,myfitness-official-store,MyFitness Peanut Butter - Classic Zero | 28% Protein | Extra Crunchy | Zero Sugar Peanut Spread (510 g),349.0,275.0,21.2,53.92,True,https://myfitness.co.in/products/myfitness-zero-peanut-butter-crunchy-510g
2026-08-30 14:46 IST,MyFitness,myfitness-official-store,MyFitness Peanut Butter - Chocolate | 26% Protein | Crunchy | Chocolate Peanut Butter Spread (510 g),319.0,275.0,13.8,45.08,True,https://myfitness.co.in/products/myfitness-chocolate-peanut-butter-crunchy
2026-08-30 14:46 IST,MyFitness,myfitness-official-store,MyFitness Peanut Butter - Natural Unsweetened | 31% Protein | Crunchy | Zero Sugar Peanut Butter Spread (510 g),319.0,275.0,13.8,45.08,True,https://myfitness.co.in/products/myfitness-all-natural-peanut-butter-crunchy
2026-08-30 14:46 IST,MyFitness,myfitness-official-store,MyFitness Peanut Butter - Natural Unsweetened | 25% Protein | Smooth | Zero Sugar Peanut Butter Spread (510 g),319.0,275.0,13.8,45.08,True,https://myfitness.co.in/products/myfitness-all-natural-peanut-butter-smooth
2026-08-30 14:46 IST,MyFitness,myfitness-official-store,MyFitness Peanut Butter - Chocolate | 26% Protein | Crispy | Chocolate Peanut Butter Spread (510 g),319.0,275.0,13.8,45.08,True,https://myfitness.co.in/products/myfitness-chocolate-peanut-butter-crispy
2026-08-30 14:46 IST,MyFitness,myfitness-official-store,MyFitness Peanut Butter - Chocolate | 28% Protein | Smooth | Chocolate Peanut Butter Spread (510 g),319.0,275.0,13.8,45.08,True,https://myfitness.co.in/products/myfitness-chocolate-peanut-butter-smooth
2026-08-30 14:46 IST,MyFitness,myfitness-official-store,MyFitness Peanut Butter - Original | 28% Protein | Crunchy | Classic Peanut Butter Spread (510 g),319.0,275.0,13.8,45.08,True,https://myfitness.co.in/products/myfitness-original-peanut-butter-crunchy
2026-08-30 14:46 IST,MyFitness,myfitness-official-store,MyFitness Peanut Butter - Original | 28% Protein | Smooth | Classic Peanut Butter Spread (510 g),319.0,275.0,13.8,45.08,True,https://myfitness.co.in/products/myfitness-original-peanut-butter-smooth
2026-08-30 14:46 IST,MyFitness,MYFITNESS,MyFitness Peanut Butter - Chocolate | 25% Protein | Almond Crunch | Chocolate Peanut Butter Spread (510 g),379.0,279.0,26.4,54.71,True,https://myfitness.co.in/products/myfitness-chocolate-peanut-butter-with-almond-crunch
2026-08-30 14:46 IST,MyFitness,MYFITNESS,MyFitness x Batman | Chocolate Zero Peanut Butter Extra Crunchy | 27% Protein | Zero Added Sugar | High Protein (510 g),369.0,299.0,19.0,58.63,True,https://myfitness.co.in/products/myfitness-zero-chocolate-peanut-butter-crunchy-zero-sugar-extra-crunch-510g-27g-protein-10g-fiber-tasty-healthy-nut-butter-spread-cholesterol-free-zero-trans-fat-crunchy-peanut-butter
2026-08-30 14:46 IST,MyFitness,MYFITNESS,MyFitness Peanut Butter - Dark Chocolate | 30% Protein | Smooth | Rich Chocolate Peanut Butter Spread (510 g),399.0,299.0,25.1,49.02,True,https://myfitness.co.in/products/myfitness-olympia-edition-dark-chocolate-peanut-butter-with-added-whey-smooth
2026-08-30 14:46 IST,MyFitness,MYFITNESS,MyFitness Peanut Butter - Dark Chocolate | 29% Protein | Crispy | Rich Chocolate Peanut Butter Spread (510 g),399.0,319.0,20.1,52.3,True,https://myfitness.co.in/products/myfitness-peanut-butter-dark-chocolate-29-protein-crispy-rich-chocolate-peanut-butter-spread
2026-08-30 14:46 IST,Naturaltein,naturaltein,The Protein Dessert E-Cook Book by Naturaltein,599.0,399.0,33.4,,True,https://naturaltein.in/products/the-protein-dessert-e-cook-book-by-naturaltein
2026-08-30 14:46 IST,Naturaltein,naturaltein,Natural Plant Protein (Chocolate / 1 Box (500 g)),3000.0,1112.0,62.9,222.4,True,https://naturaltein.in/products/plant-protein
2026-08-30 14:46 IST,Naturaltein,naturaltein,Natural Plant Protein (Mango / 1 Box (500 g)),3000.0,1112.0,62.9,222.4,True,https://naturaltein.in/products/plant-protein
2026-08-30 14:46 IST,Naturaltein,naturaltein,Natural Plant Protein (Berry / 1 Box (500 g)),3000.0,1112.0,62.9,222.4,True,https://naturaltein.in/products/plant-protein
2026-08-30 14:46 IST,Naturaltein,naturaltein,Natural Plant Protein (Pista / 1 Box (500 g)),3000.0,1112.0,62.9,222.4,True,https://naturaltein.in/products/plant-protein
2026-08-30 14:46 IST,Naturaltein,naturaltein,Natural Plant Protein (Coffee / 1 Box (500 g)),3000.0,1112.0,62.9,222.4,True,https://naturaltein.in/products/plant-protein
2026-08-30 14:46 IST,Naturaltein,naturaltein,Natural Whey Protein Concentrate (Italian Ice Cream / 1 Box (300 g)),1424.0,1299.0,8.8,433.0,False,https://naturaltein.in/products/whey-protein-concentrate
2026-08-30 14:46 IST,Naturaltein,naturaltein,Natural Whey Protein Concentrate (Chocolate Biscoff / 1 Box (300 g)),1424.0,1399.0,1.8,466.33,False,https://naturaltein.in/products/whey-protein-concentrate
2026-08-30 14:46 IST,Naturaltein,naturaltein,Natural Whey Protein Concentrate (Chocolate Caramel / 1 Box (300 g)),1424.0,1399.0,1.8,466.33,False,https://naturaltein.in/products/whey-protein-concentrate
2026-08-30 14:46 IST,Naturaltein,naturaltein,Natural Whey Protein Concentrate (Chocolate / 1 Box (300 g)),2500.0,1524.0,39.0,508.0,True,https://naturaltein.in/products/whey-protein-concentrate
2026-08-30 14:46 IST,Naturaltein,naturaltein,Natural Whey Protein Concentrate (Unflavoured / 1 Box (300 g)),2500.0,1524.0,39.0,508.0,False,https://naturaltein.in/products/whey-protein-concentrate
2026-08-30 14:46 IST,Naturaltein,naturaltein,Natural Whey Protein Concentrate (Caffe Mocha / 1 Box (300 g)),2500.0,1524.0,39.0,508.0,True,https://naturaltein.in/products/whey-protein-concentrate
2026-08-30 14:46 IST,Naturaltein,naturaltein,Natural Plant Protein (Chocolate / 2 Boxes (1 kg)),6000.0,1600.0,73.3,160.0,True,https://naturaltein.in/products/plant-protein
2026-08-30 14:46 IST,Naturaltein,naturaltein,Natural Plant Protein (Mango / 2 Boxes (1 kg)),6000.0,1600.0,73.3,160.0,True,https://naturaltein.in/products/plant-protein
2026-08-30 14:46 IST,Naturaltein,naturaltein,Natural Plant Protein (Berry / 2 Boxes (1 kg)),6000.0,1600.0,73.3,160.0,True,https://naturaltein.in/products/plant-protein
2026-08-30 14:46 IST,GNC India,GNC India,GNC Superfood Plant Isolate 35 gram (35gm / Chocolate),149.0,1.0,99.3,,True,https://gnc.in/products/gnc-superfood-plant-isolate-35-gram
2026-08-30 14:46 IST,GNC India,GNC India,GNC Superfood Plant Isolate 35 gram (35gm / Coffee),149.0,1.0,99.3,,True,https://gnc.in/products/gnc-superfood-plant-isolate-35-gram
2026-08-30 14:46 IST,GNC India,GNC India,GNC Superfood Plant Isolate 35 gram (35gm / Mango),149.0,1.0,99.3,,True,https://gnc.in/products/gnc-superfood-plant-isolate-35-gram
2026-08-30 14:46 IST,GNC India,GNC India,GNC Superfood Plant Isolate 35 gram (35gm / Vanilla),149.0,1.0,99.3,,False,https://gnc.in/products/gnc-superfood-plant-isolate-35-gram
2026-08-30 14:46 IST,GNC India,GNC India,PP Protein Wafer Bar Mini 20gm (Chocolate / 20 gm),60.0,40.0,33.3,200.0,True,https://gnc.in/products/pp-protein-wafer-bar-mini-20gm
2026-08-30 14:46 IST,GNC India,GNC India,PP Protein Wafer Bar Mini 20gm (Coffee / 20 gm),60.0,40.0,33.3,200.0,True,https://gnc.in/products/pp-protein-wafer-bar-mini-20gm
2026-08-30 14:46 IST,GNC India,GNC India,PP Protein Wafer Bar Mini 20gm (Peanut Butter / 20 gm),60.0,40.0,33.3,200.0,True,https://gnc.in/products/pp-protein-wafer-bar-mini-20gm
2026-08-30 14:46 IST,GNC India,GNC,GNC Protein Wafer Bar (Chocolate) (Pack of 1 / Chocolate),59.0,55.0,6.8,,True,https://gnc.in/products/gnc-protein-wafer-bar-chocolate
2026-08-30 14:46 IST,GNC India,GNC,GNC Protein Wafer Bar (Peanut butter) (Pack of 1 / Peanut Butter),59.0,55.0,6.8,,True,https://gnc.in/products/gnc-protein-wafer-bar-peanut-butter
2026-08-30 14:46 IST,GNC India,GNC,GNC Protein Wafer Bar (Coffee) (Pack of 1 / Coffee),59.0,55.0,6.8,,True,https://gnc.in/products/gnc-protein-wafer-bar-coffee
2026-08-30 14:46 IST,GNC India,GNC,GNC Protein Wafer Bar (40g / Chocolate),60.0,55.0,8.3,137.5,True,https://gnc.in/products/gnc-protein-wafer-bar-upsell
2026-08-30 14:46 IST,GNC India,GNC India,GNC Select Fermented Yeast Protein Isolate (35gm) (35 gm / Chocolate),149.0,65.0,56.4,185.71,True,https://gnc.in/products/gnc-select-fermented-yeast-protein-isolate-35gm
2026-08-30 14:46 IST,GNC India,GNC India,GNC Select Fermented Yeast Protein Isolate (35gm) (35 gm / Coffee),149.0,65.0,56.4,185.71,True,https://gnc.in/products/gnc-select-fermented-yeast-protein-isolate-35gm
2026-08-30 14:46 IST,GNC India,GNC India,GNC Select Fermented Yeast Protein Isolate (35gm) (35 gm / Vanilla),149.0,65.0,56.4,185.71,True,https://gnc.in/products/gnc-select-fermented-yeast-protein-isolate-35gm
2026-08-30 14:46 IST,GNC India,GNC India,GNC Select Fermented Yeast Protein Isolate (35 gm / Chocolate),149.0,69.0,53.7,197.14,True,https://gnc.in/products/gnc-select-fermented-yeast-protein
2026-08-31 15:18 IST,Nutrabay,Velbiom,Velbiom Happy Cultures Tastiest Plant Protein,600,499,16.8,346.53,True,https://nutrabay.com/product/velbiom-happy-cultures-tastiest-plant-protein/?pId=7407265
2026-08-31 15:18 IST,Nutrabay,TruNativ,TruNativ Plant Based Everyday Protein - Protein You Can Cook With!,699,599,14.3,363.03,True,https://nutrabay.com/product/trunativ-plant-based-everyday-protein-protein-you-can-cook-with/?pId=9485223
2026-08-31 15:18 IST,Nutrabay,Nutrabay,Nutrabay Pure Pea Protein Isolate,669,649,3.0,129.8,True,https://nutrabay.com/product/nutrabay-pure-100-pea-protein-isolate/?pId=4537768
2026-08-31 15:18 IST,Nutrabay,Nutrabay,Nutrabay Wellness Vegan Plant Protein Powder + Superfoods,1199,799,33.4,159.8,True,https://nutrabay.com/product/nutrabay-wellness-vegan-plant-protein-powder-superfoods/?pId=4698878
2026-08-31 15:18 IST,Nutrabay,Nutrabay,Nutrabay Wellness Vegan Plant Protein Powder + Superfoods,1199,799,33.4,159.8,True,https://nutrabay.com/product/nutrabay-wellness-vegan-plant-protein-powder-superfoods/?pId=4698878
2026-08-31 15:18 IST,Nutrabay,Nutrabay,Nutrabay Pure Pea Protein Isolate,1349,849,37.1,84.9,True,https://nutrabay.com/product/nutrabay-pure-100-pea-protein-isolate/?pId=4537768
2026-08-31 15:18 IST,Nutrabay,Nutrabay,Nutrabay Gold Pea Protein,1049,849,19.1,169.8,True,https://nutrabay.com/product/nutrabay-gold-hydrolyzed-pea-protein/?pId=3302532
2026-08-31 15:18 IST,Nutrabay,Nutrabay,Nutrabay Gold Pea Protein,1049,849,19.1,169.8,True,https://nutrabay.com/product/nutrabay-gold-hydrolyzed-pea-protein/?pId=3302532
2026-08-31 15:18 IST,Nutrabay,Nutrabay,Nutrabay Gold Pea Protein,1049,849,19.1,169.8,True,https://nutrabay.com/product/nutrabay-gold-hydrolyzed-pea-protein/?pId=3302532
2026-08-31 15:18 IST,Nutrabay,Nutrabay,Nutrabay BioAbsorb™ Whey Protein Powder | Clinically Tested 54% Better Protein Absorption | 26g Protein/Scoop | India's 1st Protein with ProDiFi™ for No Bloating | No Added Sugar,859,859,0.0,474.59,True,https://nutrabay.com/product/nutrabay-bioabsorb-whey-protein/?pId=8042444
2026-08-31 15:18 IST,Nutrabay,Optimum Nutrition,Optimum Nutrition (ON) Gold Standard Whey Protein Powder,940,893,5.0,,True,https://nutrabay.com/product/optimum-nutrition-on-100-whey-gold-standard-2/?pId=4471481
2026-08-31 15:18 IST,Nutrabay,Nakpro Nutrition,Nakpro Nutrition Platinum Soy Protein Isolate,2050,899,56.1,89.9,True,https://nutrabay.com/product/nakpro-vegan-soy-protein-isolate-90-raw-pure-natural-vegetarian-plant-protein-supplement-powder/?pId=3990475
2026-08-31 15:18 IST,Nutrabay,Nakpro Nutrition,Nakpro Nutrition Platinum Soy Protein Isolate,2300,899,60.9,89.9,True,https://nutrabay.com/product/nakpro-vegan-soy-protein-isolate-90-raw-pure-natural-vegetarian-plant-protein-supplement-powder/?pId=3990475
2026-08-31 15:18 IST,Nutrabay,Velbiom,Velbiom Happy Cultures Tastiest Plant Protein,1699,949,44.1,187.92,True,https://nutrabay.com/product/velbiom-happy-cultures-tastiest-plant-protein/?pId=7407265
2026-08-31 15:18 IST,Nutrabay,Velbiom,Velbiom Happy Cultures Tastiest Plant Protein,1699,949,44.1,187.92,True,https://nutrabay.com/product/velbiom-happy-cultures-tastiest-plant-protein/?pId=7407265
2026-08-31 15:18 IST,Fast&Up,Fastandup,100% Pure & Natural Moringa Powder,250.0,238.0,4.8,,True,https://in.fastandup.com/products/100-pure-natural-moringa-powder
2026-08-31 15:18 IST,Fast&Up,Fastandup,Plant Protein - Assorted Pack,270.0,243.0,10.0,,True,https://in.fastandup.com/products/fast-up-plant-protein-assorted-pack
2026-08-31 15:18 IST,Fast&Up,Fastandup,Plant Protein - Rich Chocolate - Single Serving Sachet Combo Pack (Rich Chocolate / Pack of 5),450.0,396.0,12.0,,True,https://in.fastandup.com/products/plant-protein-rich-chocolate-single-serving-sachet-combo-pack
2026-08-31 15:18 IST,Fast&Up,Fastandup,Plant Protein - Rich Chocolate - Single Serving Sachet Combo Pack (Rich Chocolate / Pack of 10),900.0,765.0,15.0,,True,https://in.fastandup.com/products/plant-protein-rich-chocolate-single-serving-sachet-combo-pack
2026-08-31 15:18 IST,Fast&Up,Fastandup,Plant Protein - Rich Chocolate - Single Serving Sachet Combo Pack (Rich Chocolate / Pack of 15),1350.0,1107.0,18.0,,True,https://in.fastandup.com/products/plant-protein-rich-chocolate-single-serving-sachet-combo-pack
2026-08-31 15:18 IST,Fast&Up,Fastandup,Plant Protein - Cookies & Cream - 500g,1599.0,1279.0,20.0,255.8,True,https://in.fastandup.com/products/plant-protein-cookies-cream-500g
2026-08-31 15:18 IST,Fast&Up,Fastandup,Plant Protein - Rich Chocolate – 500gms,1599.0,1279.0,20.0,255.8,True,https://in.fastandup.com/products/plant-protein-powder-500gms
2026-08-31 15:18 IST,Fast&Up,Fastandup,Daily Fiber + Plant Protein Rich Chocolate Combo,3715.0,2299.0,38.1,,True,https://in.fastandup.com/products/daily-fiber-plant-protein-rich-chocolate-combo
2026-08-31 15:18 IST,Fast&Up,Fastandup,Plant Protein - Alphonso Mango - 1Kg,3115.0,2336.0,25.0,233.6,True,https://in.fastandup.com/products/plant-protein-alphonso-mango-25-servings
2026-08-31 15:18 IST,Fast&Up,Fastandup,Plant Protein - Kesar Kulfi - 1kg,3115.0,2336.0,25.0,233.6,False,https://in.fastandup.com/products/plant-protein-powder-special-festive-pack
2026-08-31 15:18 IST,Fast&Up,Fastandup,Plant Protein - Cookies & Cream - 1Kg,3115.0,2336.0,25.0,233.6,True,https://in.fastandup.com/products/plant-protein-cookies-cream-1-kg
2026-08-31 15:18 IST,Fast&Up,Fastandup,Plant Protein - Strawberry Blast - 25 Servings,3115.0,2336.0,25.0,,False,https://in.fastandup.com/products/plant-protein-strawberry-25-servings
2026-08-31 15:18 IST,Fast&Up,Fastandup,Plant Protein - Rich Chocolate - 1kg,3115.0,2336.0,25.0,233.6,True,https://in.fastandup.com/products/plant-protein-rich-chocolate-1kg
2026-08-31 15:18 IST,Fast&Up,Fastandup,Plant Protein - Cookies & Cream - 500g Pack of 2,3198.0,2399.0,25.0,479.8,True,https://in.fastandup.com/products/plant-protein-cookies-cream-500g-pack-of-2
2026-08-31 15:18 IST,Fast&Up,Fastandup,Plant Protein Rich Chocolate - 1kg pouch+ Plant Protein Cookies Cream- 1kg Pouch,6230.0,3427.0,45.0,342.7,True,https://in.fastandup.com/products/plant-protein-rich-chocolate-1kg-pouch-plant-protein-cookies-cream-1kg-pouch
2026-08-31 15:18 IST,OZiva,OZiva,Plant Protein + Pro-Digest (Mango),139.0,139.0,0.0,,True,https://oziva.in/products/plant-protein-pro-digest
2026-08-31 15:18 IST,OZiva,OZiva,Pro-Collagen Protein Peptides Caramel | 250g,799.0,433.0,45.8,173.2,True,https://oziva.in/products/pro-collagen-protein-peptides-caramel-250g
2026-08-31 15:18 IST,OZiva,OZiva,"Vegan Collagen, Clinically Proven (Watermelon / Starter Pack-125g)",499.0,459.0,8.0,367.2,True,https://oziva.in/products/plant-based-collagen
2026-08-31 15:18 IST,OZiva,OZiva,Plant Protein + Pro-Digest (Assorted),699.0,699.0,0.0,,True,https://oziva.in/products/plant-protein-pro-digest
2026-08-31 15:18 IST,OZiva,OZiva,Plant Protein + Pro-Digest (Chocolate),699.0,699.0,0.0,,False,https://oziva.in/products/plant-protein-pro-digest
2026-08-31 15:18 IST,OZiva,OZiva,Plant Protein + Pro-Digest (Strawberry),699.0,699.0,0.0,,False,https://oziva.in/products/plant-protein-pro-digest
2026-08-31 15:18 IST,OZiva,OZiva,Plant Protein + Pro-Digest (Vanilla),699.0,699.0,0.0,,False,https://oziva.in/products/plant-protein-pro-digest
2026-08-31 15:18 IST,OZiva,OZiva,Bioactive Plant Protein (Assorted / Starter Pack),699.0,699.0,0.0,,True,https://oziva.in/products/oziva-bioactive-plant-protein-with-25g-vegan-protein-5-5-bcaas-100-rda-vitamins-minerals-ayurvedic-herbs-for-better-endurance-stamina-muscle-recovery-1-kg
2026-08-31 15:18 IST,OZiva,OZiva,Daily Protein Activ for Women (Rich Chocolate / Starter Pack),799.0,749.0,6.3,,True,https://oziva.in/products/daily-protein-activ-for-women-with-clean-whey-protein-multivitamins-tulsi-probiotics-for-improved-everyday-energy-stamina-bone-health-immune-health
2026-08-31 15:18 IST,OZiva,OZiva,Daily Protein Activ for Women (Classic Vanilla / Starter Pack),799.0,749.0,6.3,,False,https://oziva.in/products/daily-protein-activ-for-women-with-clean-whey-protein-multivitamins-tulsi-probiotics-for-improved-everyday-energy-stamina-bone-health-immune-health
2026-08-31 15:18 IST,OZiva,OZiva,"Pro-Collagen Protein Peptides, 250 g (Starter Pack)",849.0,799.0,5.9,319.6,True,https://oziva.in/products/oziva-pro-collagen-protein-peptides-with-clean-protein-green-coffee-hyaluronic-acid-biotin-for-skin-hair-health-muscle-joint-health-protein-breakdown-caramel-250-g
2026-08-31 15:18 IST,OZiva,OZiva,"Vegan Collagen, Clinically Proven (Guava Glow / Starter Pack)",959.0,929.0,3.1,,True,https://oziva.in/products/plant-based-collagen
2026-08-31 15:18 IST,OZiva,OZiva,"Vegan Collagen, Clinically Proven (Classic / Starter Pack)",959.0,929.0,3.1,,True,https://oziva.in/products/plant-based-collagen
2026-08-31 15:18 IST,OZiva,OZiva,"Vegan Collagen, Clinically Proven (Berry Orange / Starter Pack)",959.0,929.0,3.1,,True,https://oziva.in/products/plant-based-collagen
2026-08-31 15:18 IST,OZiva,OZiva,"Vegan Collagen, Clinically Proven (Watermelon / Starter Pack)",959.0,929.0,3.1,,True,https://oziva.in/products/plant-based-collagen
2026-08-31 15:18 IST,Wellbeing Nutrition,Wellbeing Nutrition,Kids Protein Vanilla Free Sachet,79.0,79.0,0.0,,True,https://wellbeingnutrition.com/products/kids-protein-vanilla-free-sachet
2026-08-31 15:18 IST,Wellbeing Nutrition,Wellbeing Nutrition,Kids Protein Chocolate Sachet,79.0,79.0,0.0,,True,https://wellbeingnutrition.com/products/kids-protein-chocolate-sachet
2026-08-31 15:18 IST,Wellbeing Nutrition,Wellbeing Nutrition,Kids Protein Vanilla Sachet,79.0,79.0,0.0,,True,https://wellbeingnutrition.com/products/kids-protein-vanilla-sachet
2026-08-31 15:18 IST,Wellbeing Nutrition,Wellbeing Nutrition,Vegan Protein Dark Chocolate Hazelnut Sachet,150.0,150.0,0.0,,True,https://wellbeingnutrition.com/products/vegan-protein-dark-chocolate-hazelnut-sachet
2026-08-31 15:18 IST,Wellbeing Nutrition,Wellbeing Nutrition,Whey Protein Isolate Dark Chocolate Sachet (Pack of 1),160.0,160.0,0.0,,False,https://wellbeingnutrition.com/products/whey-protein-isolate-dark-chocolate-sachet
2026-08-31 15:18 IST,Wellbeing Nutrition,Wellbeing Nutrition,Whey Protein Isolate + Concentrate Mango Sachets (Pack of 1),1399.0,1399.0,0.0,,False,https://wellbeingnutrition.com/products/whey-protein-isolate-concentrate-mango-sachets
2026-08-31 15:18 IST,Wellbeing Nutrition,Wellbeing Nutrition,Plant Protein 22g | 500g | 3B CFU Probiotics | Dark Chocolate Hazelnut (Pack of 1),1799.0,1619.0,10.0,323.8,True,https://wellbeingnutrition.com/products/vegan-protein-dark-chocolate-hazelnut
2026-08-31 15:18 IST,Wellbeing Nutrition,Wellbeing Nutrition,Plant Protein 22g | 500g | 3B CFU Probiotics | Italian Cafe Mocha (Pack of 1),1799.0,1619.0,10.0,323.8,False,https://wellbeingnutrition.com/products/vegan-protein-italian-cafe-mocha
2026-08-31 15:18 IST,Wellbeing Nutrition,Wellbeing Nutrition,Plant Protein 22g | 500g | 3B CFU Probiotics | Belgian Dark Chocolate (Pack of 1),1799.0,1619.0,10.0,323.8,True,https://wellbeingnutrition.com/products/vegan-protein-belgian-chocolate
2026-08-31 15:18 IST,Wellbeing Nutrition,Wellbeing Nutrition,Plant Protein 22g | 500g | 3B CFU Probiotics | French Vanilla Caramel (Pack of 1),1799.0,1619.0,10.0,323.8,True,https://wellbeingnutrition.com/products/vegan-protein-french-vanilla-caramel
2026-08-31 15:18 IST,Wellbeing Nutrition,Wellbeing Nutrition,Plant Protein 22g | 500g | 3B CFU Probiotics | Canadian Mixed Berry (Pack of 1),1799.0,1619.0,10.0,323.8,True,https://wellbeingnutrition.com/products/vegan-protein-canadian-mixed-berry
2026-08-31 15:18 IST,Wellbeing Nutrition,Wellbeing Nutrition,Her Superfood Plant Protein | Chocolate Peanut Butter (Pack of 1),1799.0,1619.0,10.0,,True,https://wellbeingnutrition.com/products/superfood-plant-protein-powder-for-women
2026-08-31 15:18 IST,Wellbeing Nutrition,Wellbeing Nutrition,Superfood Plant Protein | British Banoffee Pie (Pack of 1),1799.0,1619.0,10.0,,True,https://wellbeingnutrition.com/products/superfood-plant-protein-powder-in-banoffee-pie
2026-08-31 15:18 IST,Wellbeing Nutrition,Wellbeing Nutrition,Whey Protein Isolate + Concentrate Mango Sachets (Pack of 2),2798.0,2798.0,0.0,,False,https://wellbeingnutrition.com/products/whey-protein-isolate-concentrate-mango-sachets
2026-08-31 15:18 IST,Wellbeing Nutrition,Wellbeing Nutrition,Plant Protein 22g | 907g | 3B CFU Probiotics | French Vanilla Caramel (Pack of 1),3399.0,3059.0,10.0,337.27,True,https://wellbeingnutrition.com/products/vegan-protein-french-vanilla-caramel-copy
2026-08-31 15:18 IST,AS-IT-IS Nutrition,AS-IT-IS Nutrition,"AS-IT-IS ONE Brown Rice Protein | 27g Protein per Serving | Plant Protein | Single-Ingredient, Unflavoured (35g)",175.0,122.0,30.3,,True,https://asitisnutrition.com/products/as-it-is-nutrition-brown-rice-protein-80-designed-as-meal-supplement-lab-tested-unflavoured
2026-08-31 15:18 IST,AS-IT-IS Nutrition,AS-IT-IS Nutrition,"AS-IT-IS ONE Pea Protein Isolate | 29g Protein per Serving | Plant Protein | Single-Ingredient, Unflavoured (36g-Sachet)",175.0,122.0,30.3,,False,https://asitisnutrition.com/products/as-it-is-nutrition-pea-protein-isolate-powder
2026-08-31 15:18 IST,AS-IT-IS Nutrition,AS-IT-IS Nutrition,"AS-IT-IS ONE Soy Protein Isolate | 30g Protein per Serving | Plant Protein | Single-Ingredient, Unflavoured (35g)",175.0,122.0,30.3,,True,https://asitisnutrition.com/products/as-it-is-nutrition-buy-soy-protein-isolate-powder-in-india
2026-08-31 15:18 IST,AS-IT-IS Nutrition,AS-IT-IS Nutrition,AS-IT-IS ATOM Beginners Whey Protein | 15g Protein per Serving | With DigeZyme® Enzymes (Choco Hazel Fusion / 37g),203.0,131.0,35.5,,True,https://asitisnutrition.com/products/atom-beginners-whey-protein
2026-08-31 15:18 IST,AS-IT-IS Nutrition,AS-IT-IS Nutrition,"AS-IT-IS ATOM Performance Whey | 25g Protein per Serving | With Safed Musli, Mucuna & DigeZyme® Enzymes (Double Rich Chocolate / 45g)",220.0,140.0,36.4,,True,https://asitisnutrition.com/products/as-it-is-atom-performance-whey-1kg-with-safed-musli-for-faster-recovery-highly-bioavailable
2026-08-31 15:18 IST,AS-IT-IS Nutrition,AS-IT-IS Nutrition,"AS-IT-IS ATOM Performance Whey | 25g Protein per Serving | With Safed Musli, Mucuna & DigeZyme® Enzymes (Pista Fusion / 45g)",2485.0,140.0,94.4,,False,https://asitisnutrition.com/products/as-it-is-atom-performance-whey-1kg-with-safed-musli-for-faster-recovery-highly-bioavailable
2026-08-31 15:18 IST,AS-IT-IS Nutrition,AS-IT-IS Nutrition,"AS-IT-IS ATOM Performance Whey | 25g Protein per Serving | With Safed Musli, Mucuna & DigeZyme® Enzymes (Cafe Latte / 45g)",2485.0,140.0,94.4,,False,https://asitisnutrition.com/products/as-it-is-atom-performance-whey-1kg-with-safed-musli-for-faster-recovery-highly-bioavailable
2026-08-31 15:18 IST,AS-IT-IS Nutrition,AS-IT-IS Nutrition,"AS-IT-IS ATOM Performance Whey | 25g Protein per Serving | With Safed Musli, Mucuna & DigeZyme® Enzymes (Cookie delight / 45g)",2485.0,140.0,94.4,,False,https://asitisnutrition.com/products/as-it-is-atom-performance-whey-1kg-with-safed-musli-for-faster-recovery-highly-bioavailable
2026-08-31 15:18 IST,AS-IT-IS Nutrition,AS-IT-IS Nutrition,"AS-IT-IS ATOM Performance Whey | 25g Protein per Serving | With Safed Musli, Mucuna & DigeZyme® Enzymes (Choco hazel fusion / 45g)",2485.0,140.0,94.4,,False,https://asitisnutrition.com/products/as-it-is-atom-performance-whey-1kg-with-safed-musli-for-faster-recovery-highly-bioavailable
2026-08-31 15:18 IST,AS-IT-IS Nutrition,AS-IT-IS Nutrition,AS-IT-IS ATOM Whey Protein | 27g Protein per Serving | DigeZyme® Enzymes & 1 Billion CFU Probiotics (Double Rich Chocolate / (36g Travel Sachet)),262.0,167.0,36.3,463.89,True,https://asitisnutrition.com/products/atom-whey-protein
2026-08-31 15:18 IST,AS-IT-IS Nutrition,AS-IT-IS Nutrition,AS-IT-IS ONE Whey Protein Concentrate Sachets | 28g Protein per Serving | Unflavoured (35g Sachet (Pack of 1)),305.0,178.0,41.6,593.33,True,https://asitisnutrition.com/products/whey-protein-30g-sachet
2026-08-31 15:18 IST,AS-IT-IS Nutrition,AS-IT-IS Nutrition,"AS-IT-IS ATOM Nitro Whey with Creasure® | 33g Protein, 3g Creatine per Serving | With DigeZyme® Enzymes (Double Rich Chocolate / 45g)",289.0,185.0,36.0,,True,https://asitisnutrition.com/products/atom-nitro-whey-with-creatine-i-33g-protein-3g-creatine-7-4g-bcaa
2026-08-31 15:18 IST,AS-IT-IS Nutrition,AS-IT-IS Nutrition,"AS-IT-IS ATOM Nitro Whey with Creasure® | 33g Protein, 3g Creatine per Serving | With DigeZyme® Enzymes (Kesar Kulfi / 45g)",3407.0,185.0,94.6,,False,https://asitisnutrition.com/products/atom-nitro-whey-with-creatine-i-33g-protein-3g-creatine-7-4g-bcaa
2026-08-31 15:18 IST,AS-IT-IS Nutrition,AS-IT-IS Nutrition,"AS-IT-IS ATOM Nitro Whey with Creasure® | 33g Protein, 3g Creatine per Serving | With DigeZyme® Enzymes (Classic Vanilla / 45g)",3407.0,185.0,94.6,,False,https://asitisnutrition.com/products/atom-nitro-whey-with-creatine-i-33g-protein-3g-creatine-7-4g-bcaa
2026-08-31 15:18 IST,AS-IT-IS Nutrition,AS-IT-IS Nutrition,AS-IT-IS ONE Whey Protein Concentrate Sachets | 28g Protein per Serving | Unflavoured (35g Sachet (Pack of 1) + Shaker),438.0,303.0,30.8,1010.0,False,https://asitisnutrition.com/products/whey-protein-30g-sachet
2026-08-31 15:18 IST,MyFitness,MYFITNESS,MyFitness Peanut Butter - Chocolate | 26% Protein | Crispy | Chocolate Peanut Butter Spread (227g),159.0,149.0,6.3,65.64,True,https://myfitness.co.in/products/chocolate-crispy
2026-08-31 15:18 IST,MyFitness,MYFITNESS,"Pro.Fitness High Protein Chocolate Oats | Dark Chocolate | Healthy Oats With Nuts, Seeds & Added Whey (375g)",339.0,219.0,35.4,58.4,True,https://myfitness.co.in/products/high-protein-oats-900g-27g-protein
2026-08-31 15:18 IST,MyFitness,MYFITNESS,Pro.Fitness Rolled Oats | 13% Protein | Healthy Oats With High Fiber and Zero Cholesterol (900g),320.0,269.0,15.9,,True,https://myfitness.co.in/products/pro-fitness-rolled-oats-900g
2026-08-31 15:18 IST,MyFitness,myfitness-official-store,MyFitness Peanut Butter - Classic Zero | 28% Protein | Extra Crunchy | Zero Sugar Peanut Spread (510 g),349.0,275.0,21.2,53.92,True,https://myfitness.co.in/products/myfitness-zero-peanut-butter-crunchy-510g
2026-08-31 15:18 IST,MyFitness,myfitness-official-store,MyFitness Peanut Butter - Chocolate | 26% Protein | Crunchy | Chocolate Peanut Butter Spread (510 g),319.0,275.0,13.8,45.08,True,https://myfitness.co.in/products/myfitness-chocolate-peanut-butter-crunchy
2026-08-31 15:18 IST,MyFitness,myfitness-official-store,MyFitness Peanut Butter - Natural Unsweetened | 31% Protein | Crunchy | Zero Sugar Peanut Butter Spread (510 g),319.0,275.0,13.8,45.08,True,https://myfitness.co.in/products/myfitness-all-natural-peanut-butter-crunchy
2026-08-31 15:18 IST,MyFitness,myfitness-official-store,MyFitness Peanut Butter - Natural Unsweetened | 25% Protein | Smooth | Zero Sugar Peanut Butter Spread (510 g),319.0,275.0,13.8,45.08,True,https://myfitness.co.in/products/myfitness-all-natural-peanut-butter-smooth
2026-08-31 15:18 IST,MyFitness,myfitness-official-store,MyFitness Peanut Butter - Chocolate | 26% Protein | Crispy | Chocolate Peanut Butter Spread (510 g),319.0,275.0,13.8,45.08,True,https://myfitness.co.in/products/myfitness-chocolate-peanut-butter-crispy
2026-08-31 15:18 IST,MyFitness,myfitness-official-store,MyFitness Peanut Butter - Chocolate | 28% Protein | Smooth | Chocolate Peanut Butter Spread (510 g),319.0,275.0,13.8,45.08,True,https://myfitness.co.in/products/myfitness-chocolate-peanut-butter-smooth
2026-08-31 15:18 IST,MyFitness,myfitness-official-store,MyFitness Peanut Butter - Original | 28% Protein | Crunchy | Classic Peanut Butter Spread (510 g),319.0,275.0,13.8,45.08,True,https://myfitness.co.in/products/myfitness-original-peanut-butter-crunchy
2026-08-31 15:18 IST,MyFitness,myfitness-official-store,MyFitness Peanut Butter - Original | 28% Protein | Smooth | Classic Peanut Butter Spread (510 g),319.0,275.0,13.8,45.08,True,https://myfitness.co.in/products/myfitness-original-peanut-butter-smooth
2026-08-31 15:18 IST,MyFitness,MYFITNESS,MyFitness Peanut Butter - Chocolate | 25% Protein | Almond Crunch | Chocolate Peanut Butter Spread (510 g),379.0,279.0,26.4,54.71,True,https://myfitness.co.in/products/myfitness-chocolate-peanut-butter-with-almond-crunch
2026-08-31 15:18 IST,MyFitness,MYFITNESS,MyFitness x Batman | Chocolate Zero Peanut Butter Extra Crunchy | 27% Protein | Zero Added Sugar | High Protein (510 g),369.0,299.0,19.0,58.63,True,https://myfitness.co.in/products/myfitness-zero-chocolate-peanut-butter-crunchy-zero-sugar-extra-crunch-510g-27g-protein-10g-fiber-tasty-healthy-nut-butter-spread-cholesterol-free-zero-trans-fat-crunchy-peanut-butter
2026-08-31 15:18 IST,MyFitness,MYFITNESS,MyFitness Peanut Butter - Dark Chocolate | 30% Protein | Smooth | Rich Chocolate Peanut Butter Spread (510 g),399.0,299.0,25.1,49.02,True,https://myfitness.co.in/products/myfitness-olympia-edition-dark-chocolate-peanut-butter-with-added-whey-smooth
2026-08-31 15:18 IST,MyFitness,MYFITNESS,MyFitness Peanut Butter - Dark Chocolate | 29% Protein | Crispy | Rich Chocolate Peanut Butter Spread (510 g),399.0,319.0,20.1,52.3,True,https://myfitness.co.in/products/myfitness-peanut-butter-dark-chocolate-29-protein-crispy-rich-chocolate-peanut-butter-spread
2026-08-31 15:18 IST,Naturaltein,naturaltein,The Protein Dessert E-Cook Book by Naturaltein,599.0,399.0,33.4,,True,https://naturaltein.in/products/the-protein-dessert-e-cook-book-by-naturaltein
2026-08-31 15:18 IST,Naturaltein,naturaltein,Natural Plant Protein (Chocolate / 1 Box (500 g)),3000.0,1112.0,62.9,222.4,True,https://naturaltein.in/products/plant-protein
2026-08-31 15:18 IST,Naturaltein,naturaltein,Natural Plant Protein (Mango / 1 Box (500 g)),3000.0,1112.0,62.9,222.4,True,https://naturaltein.in/products/plant-protein
2026-08-31 15:18 IST,Naturaltein,naturaltein,Natural Plant Protein (Berry / 1 Box (500 g)),3000.0,1112.0,62.9,222.4,True,https://naturaltein.in/products/plant-protein
2026-08-31 15:18 IST,Naturaltein,naturaltein,Natural Plant Protein (Pista / 1 Box (500 g)),3000.0,1112.0,62.9,222.4,True,https://naturaltein.in/products/plant-protein
2026-08-31 15:18 IST,Naturaltein,naturaltein,Natural Plant Protein (Coffee / 1 Box (500 g)),3000.0,1112.0,62.9,222.4,True,https://naturaltein.in/products/plant-protein
2026-08-31 15:18 IST,Naturaltein,naturaltein,Natural Whey Protein Concentrate (Italian Ice Cream / 1 Box (300 g)),1424.0,1299.0,8.8,433.0,False,https://naturaltein.in/products/whey-protein-concentrate
2026-08-31 15:18 IST,Naturaltein,naturaltein,Natural Whey Protein Concentrate (Chocolate Biscoff / 1 Box (300 g)),1424.0,1399.0,1.8,466.33,False,https://naturaltein.in/products/whey-protein-concentrate
2026-08-31 15:18 IST,Naturaltein,naturaltein,Natural Whey Protein Concentrate (Chocolate Caramel / 1 Box (300 g)),1424.0,1399.0,1.8,466.33,False,https://naturaltein.in/products/whey-protein-concentrate
2026-08-31 15:18 IST,Naturaltein,naturaltein,Natural Whey Protein Concentrate (Chocolate / 1 Box (300 g)),2500.0,1524.0,39.0,508.0,True,https://naturaltein.in/products/whey-protein-concentrate
2026-08-31 15:18 IST,Naturaltein,naturaltein,Natural Whey Protein Concentrate (Unflavoured / 1 Box (300 g)),2500.0,1524.0,39.0,508.0,False,https://naturaltein.in/products/whey-protein-concentrate
2026-08-31 15:18 IST,Naturaltein,naturaltein,Natural Whey Protein Concentrate (Caffe Mocha / 1 Box (300 g)),2500.0,1524.0,39.0,508.0,True,https://naturaltein.in/products/whey-protein-concentrate
2026-08-31 15:18 IST,Naturaltein,naturaltein,Natural Plant Protein (Chocolate / 2 Boxes (1 kg)),6000.0,1600.0,73.3,160.0,True,https://naturaltein.in/products/plant-protein
2026-08-31 15:18 IST,Naturaltein,naturaltein,Natural Plant Protein (Mango / 2 Boxes (1 kg)),6000.0,1600.0,73.3,160.0,True,https://naturaltein.in/products/plant-protein
2026-08-31 15:18 IST,Naturaltein,naturaltein,Natural Plant Protein (Berry / 2 Boxes (1 kg)),6000.0,1600.0,73.3,160.0,True,https://naturaltein.in/products/plant-protein
2026-08-31 15:18 IST,GNC India,GNC India,GNC Superfood Plant Isolate 35 gram (35gm / Chocolate),149.0,1.0,99.3,,True,https://gnc.in/products/gnc-superfood-plant-isolate-35-gram
2026-08-31 15:18 IST,GNC India,GNC India,GNC Superfood Plant Isolate 35 gram (35gm / Coffee),149.0,1.0,99.3,,True,https://gnc.in/products/gnc-superfood-plant-isolate-35-gram
2026-08-31 15:18 IST,GNC India,GNC India,GNC Superfood Plant Isolate 35 gram (35gm / Mango),149.0,1.0,99.3,,True,https://gnc.in/products/gnc-superfood-plant-isolate-35-gram
2026-08-31 15:18 IST,GNC India,GNC India,GNC Superfood Plant Isolate 35 gram (35gm / Vanilla),149.0,1.0,99.3,,False,https://gnc.in/products/gnc-superfood-plant-isolate-35-gram
2026-08-31 15:18 IST,GNC India,GNC India,PP Protein Wafer Bar Mini 20gm (Chocolate / 20 gm),60.0,40.0,33.3,200.0,True,https://gnc.in/products/pp-protein-wafer-bar-mini-20gm
2026-08-31 15:18 IST,GNC India,GNC India,PP Protein Wafer Bar Mini 20gm (Coffee / 20 gm),60.0,40.0,33.3,200.0,True,https://gnc.in/products/pp-protein-wafer-bar-mini-20gm
2026-08-31 15:18 IST,GNC India,GNC India,PP Protein Wafer Bar Mini 20gm (Peanut Butter / 20 gm),60.0,40.0,33.3,200.0,True,https://gnc.in/products/pp-protein-wafer-bar-mini-20gm
2026-08-31 15:18 IST,GNC India,GNC,GNC Protein Wafer Bar (Chocolate) (Pack of 1 / Chocolate),59.0,55.0,6.8,,True,https://gnc.in/products/gnc-protein-wafer-bar-chocolate
2026-08-31 15:18 IST,GNC India,GNC,GNC Protein Wafer Bar (Peanut butter) (Pack of 1 / Peanut Butter),59.0,55.0,6.8,,True,https://gnc.in/products/gnc-protein-wafer-bar-peanut-butter
2026-08-31 15:18 IST,GNC India,GNC,GNC Protein Wafer Bar (Coffee) (Pack of 1 / Coffee),59.0,55.0,6.8,,True,https://gnc.in/products/gnc-protein-wafer-bar-coffee
2026-08-31 15:18 IST,GNC India,GNC,GNC Protein Wafer Bar (40g / Chocolate),60.0,55.0,8.3,137.5,True,https://gnc.in/products/gnc-protein-wafer-bar-upsell
2026-08-31 15:18 IST,GNC India,GNC India,GNC Select Fermented Yeast Protein Isolate (35gm) (35 gm / Chocolate),149.0,65.0,56.4,185.71,True,https://gnc.in/products/gnc-select-fermented-yeast-protein-isolate-35gm
2026-08-31 15:18 IST,GNC India,GNC India,GNC Select Fermented Yeast Protein Isolate (35gm) (35 gm / Coffee),149.0,65.0,56.4,185.71,True,https://gnc.in/products/gnc-select-fermented-yeast-protein-isolate-35gm
2026-08-31 15:18 IST,GNC India,GNC India,GNC Select Fermented Yeast Protein Isolate (35gm) (35 gm / Vanilla),149.0,65.0,56.4,185.71,True,https://gnc.in/products/gnc-select-fermented-yeast-protein-isolate-35gm
2026-08-31 15:18 IST,GNC India,GNC India,GNC Select Fermented Yeast Protein Isolate (35 gm / Chocolate),149.0,69.0,53.7,197.14,True,https://gnc.in/products/gnc-select-fermented-yeast-protein
2026-09-01 14:11 IST,Nutrabay,Nutrabay,Nutrabay Gold Pea Protein,69,49,29.0,122.5,True,https://nutrabay.com/product/nutrabay-gold-hydrolyzed-pea-protein/?pId=3302532
2026-09-01 14:11 IST,Nutrabay,Velbiom,Velbiom Happy Cultures Tastiest Plant Protein,600,499,16.8,346.53,True,https://nutrabay.com/product/velbiom-happy-cultures-tastiest-plant-protein/?pId=7407265
2026-09-01 14:11 IST,Nutrabay,Nutrabay,Nutrabay Pure Pea Protein Isolate,669,599,10.5,119.8,True,https://nutrabay.com/product/nutrabay-pure-100-pea-protein-isolate/?pId=4537768
2026-09-01 14:11 IST,Nutrabay,TruNativ,TruNativ Plant Based Everyday Protein - Protein You Can Cook With!,699,599,14.3,363.03,True,https://nutrabay.com/product/trunativ-plant-based-everyday-protein-protein-you-can-cook-with/?pId=9485223
2026-09-01 14:11 IST,Nutrabay,Nutrabay,Nutrabay Wellness Vegan Plant Protein Powder + Superfoods,1199,699,41.7,139.8,True,https://nutrabay.com/product/nutrabay-wellness-vegan-plant-protein-powder-superfoods/?pId=4698878
2026-09-01 14:11 IST,Nutrabay,Nutrabay,Nutrabay BioAbsorb™ Whey Protein Powder | Clinically Tested 54% Better Protein Absorption | 26g Protein/Scoop | India's 1st Protein with ProDiFi™ for No Bloating | No Added Sugar,859,749,12.8,413.81,True,https://nutrabay.com/product/nutrabay-bioabsorb-whey-protein/?pId=8042444
2026-09-01 14:11 IST,Nutrabay,Nutrabay,Nutrabay Wellness Vegan Plant Protein Powder + Superfoods,1199,799,33.4,159.8,True,https://nutrabay.com/product/nutrabay-wellness-vegan-plant-protein-powder-superfoods/?pId=4698878
2026-09-01 14:11 IST,Nutrabay,Nutrabay,Nutrabay Gold Pea Protein,1049,799,23.8,159.8,True,https://nutrabay.com/product/nutrabay-gold-hydrolyzed-pea-protein/?pId=3302532
2026-09-01 14:11 IST,Nutrabay,Nutrabay,Nutrabay Gold Pea Protein,1049,799,23.8,159.8,True,https://nutrabay.com/product/nutrabay-gold-hydrolyzed-pea-protein/?pId=3302532
2026-09-01 14:11 IST,Nutrabay,Nutrabay,Nutrabay Gold Pea Protein,1049,799,23.8,159.8,True,https://nutrabay.com/product/nutrabay-gold-hydrolyzed-pea-protein/?pId=3302532
2026-09-01 14:11 IST,Nutrabay,Nutrabay,Nutrabay Pure Pea Protein Isolate,1349,899,33.4,89.9,True,https://nutrabay.com/product/nutrabay-pure-100-pea-protein-isolate/?pId=4537768
2026-09-01 14:11 IST,Nutrabay,Optimum Nutrition,Optimum Nutrition (ON) Gold Standard Whey Protein Powder,940,940,0.0,,True,https://nutrabay.com/product/optimum-nutrition-on-100-whey-gold-standard-2/?pId=4471481
2026-09-01 14:11 IST,Nutrabay,Velbiom,Velbiom Happy Cultures Tastiest Plant Protein,1699,949,44.1,187.92,True,https://nutrabay.com/product/velbiom-happy-cultures-tastiest-plant-protein/?pId=7407265
2026-09-01 14:11 IST,Nutrabay,Velbiom,Velbiom Happy Cultures Tastiest Plant Protein,1699,949,44.1,187.92,True,https://nutrabay.com/product/velbiom-happy-cultures-tastiest-plant-protein/?pId=7407265
2026-09-01 14:11 IST,Nutrabay,Velbiom,Velbiom Happy Cultures Tastiest Plant Protein,1699,949,44.1,187.92,True,https://nutrabay.com/product/velbiom-happy-cultures-tastiest-plant-protein/?pId=7407265
2026-09-01 14:11 IST,Fast&Up,Fastandup,100% Pure & Natural Moringa Powder,250.0,238.0,4.8,,True,https://in.fastandup.com/products/100-pure-natural-moringa-powder
2026-09-01 14:11 IST,Fast&Up,Fastandup,Plant Protein - Assorted Pack,270.0,243.0,10.0,,True,https://in.fastandup.com/products/fast-up-plant-protein-assorted-pack
2026-09-01 14:11 IST,Fast&Up,Fastandup,Plant Protein - Rich Chocolate - Single Serving Sachet Combo Pack (Rich Chocolate / Pack of 5),450.0,396.0,12.0,,True,https://in.fastandup.com/products/plant-protein-rich-chocolate-single-serving-sachet-combo-pack
2026-09-01 14:11 IST,Fast&Up,Fastandup,Plant Protein - Rich Chocolate - Single Serving Sachet Combo Pack (Rich Chocolate / Pack of 10),900.0,765.0,15.0,,True,https://in.fastandup.com/products/plant-protein-rich-chocolate-single-serving-sachet-combo-pack
2026-09-01 14:11 IST,Fast&Up,Fastandup,Plant Protein - Rich Chocolate - Single Serving Sachet Combo Pack (Rich Chocolate / Pack of 15),1350.0,1107.0,18.0,,True,https://in.fastandup.com/products/plant-protein-rich-chocolate-single-serving-sachet-combo-pack
2026-09-01 14:11 IST,Fast&Up,Fastandup,Plant Protein - Cookies & Cream - 500g,1599.0,1279.0,20.0,255.8,True,https://in.fastandup.com/products/plant-protein-cookies-cream-500g
2026-09-01 14:11 IST,Fast&Up,Fastandup,Plant Protein - Rich Chocolate – 500gms,1599.0,1279.0,20.0,255.8,True,https://in.fastandup.com/products/plant-protein-powder-500gms
2026-09-01 14:11 IST,Fast&Up,Fastandup,Daily Fiber + Plant Protein Rich Chocolate Combo,3715.0,2299.0,38.1,,True,https://in.fastandup.com/products/daily-fiber-plant-protein-rich-chocolate-combo
2026-09-01 14:11 IST,Fast&Up,Fastandup,Plant Protein - Alphonso Mango - 1Kg,3115.0,2336.0,25.0,233.6,True,https://in.fastandup.com/products/plant-protein-alphonso-mango-25-servings
2026-09-01 14:11 IST,Fast&Up,Fastandup,Plant Protein - Kesar Kulfi - 1kg,3115.0,2336.0,25.0,233.6,False,https://in.fastandup.com/products/plant-protein-powder-special-festive-pack
2026-09-01 14:11 IST,Fast&Up,Fastandup,Plant Protein - Cookies & Cream - 1Kg,3115.0,2336.0,25.0,233.6,True,https://in.fastandup.com/products/plant-protein-cookies-cream-1-kg
2026-09-01 14:11 IST,Fast&Up,Fastandup,Plant Protein - Strawberry Blast - 25 Servings,3115.0,2336.0,25.0,,False,https://in.fastandup.com/products/plant-protein-strawberry-25-servings
2026-09-01 14:11 IST,Fast&Up,Fastandup,Plant Protein - Rich Chocolate - 1kg,3115.0,2336.0,25.0,233.6,True,https://in.fastandup.com/products/plant-protein-rich-chocolate-1kg
2026-09-01 14:11 IST,Fast&Up,Fastandup,Plant Protein - Cookies & Cream - 500g Pack of 2,3198.0,2399.0,25.0,479.8,True,https://in.fastandup.com/products/plant-protein-cookies-cream-500g-pack-of-2
2026-09-01 14:11 IST,Fast&Up,Fastandup,Plant Protein Rich Chocolate - 1kg pouch+ Plant Protein Cookies Cream- 1kg Pouch,6230.0,3427.0,45.0,342.7,True,https://in.fastandup.com/products/plant-protein-rich-chocolate-1kg-pouch-plant-protein-cookies-cream-1kg-pouch
2026-09-01 14:11 IST,OZiva,OZiva,Plant Protein + Pro-Digest (Mango),139.0,139.0,0.0,,True,https://oziva.in/products/plant-protein-pro-digest
2026-09-01 14:11 IST,OZiva,OZiva,Pro-Collagen Protein Peptides Caramel | 250g,799.0,433.0,45.8,173.2,True,https://oziva.in/products/pro-collagen-protein-peptides-caramel-250g
2026-09-01 14:11 IST,OZiva,OZiva,"Vegan Collagen, Clinically Proven (Watermelon / Starter Pack-125g)",499.0,459.0,8.0,367.2,True,https://oziva.in/products/plant-based-collagen
2026-09-01 14:11 IST,OZiva,OZiva,Plant Protein + Pro-Digest (Assorted),699.0,699.0,0.0,,True,https://oziva.in/products/plant-protein-pro-digest
2026-09-01 14:11 IST,OZiva,OZiva,Plant Protein + Pro-Digest (Chocolate),699.0,699.0,0.0,,False,https://oziva.in/products/plant-protein-pro-digest
2026-09-01 14:11 IST,OZiva,OZiva,Plant Protein + Pro-Digest (Strawberry),699.0,699.0,0.0,,False,https://oziva.in/products/plant-protein-pro-digest
2026-09-01 14:11 IST,OZiva,OZiva,Plant Protein + Pro-Digest (Vanilla),699.0,699.0,0.0,,False,https://oziva.in/products/plant-protein-pro-digest
2026-09-01 14:11 IST,OZiva,OZiva,Bioactive Plant Protein (Assorted / Starter Pack),699.0,699.0,0.0,,True,https://oziva.in/products/oziva-bioactive-plant-protein-with-25g-vegan-protein-5-5-bcaas-100-rda-vitamins-minerals-ayurvedic-herbs-for-better-endurance-stamina-muscle-recovery-1-kg
2026-09-01 14:11 IST,OZiva,OZiva,Daily Protein Activ for Women (Rich Chocolate / Starter Pack),799.0,749.0,6.3,,True,https://oziva.in/products/daily-protein-activ-for-women-with-clean-whey-protein-multivitamins-tulsi-probiotics-for-improved-everyday-energy-stamina-bone-health-immune-health
2026-09-01 14:11 IST,OZiva,OZiva,Daily Protein Activ for Women (Classic Vanilla / Starter Pack),799.0,749.0,6.3,,False,https://oziva.in/products/daily-protein-activ-for-women-with-clean-whey-protein-multivitamins-tulsi-probiotics-for-improved-everyday-energy-stamina-bone-health-immune-health
2026-09-01 14:11 IST,OZiva,OZiva,"Pro-Collagen Protein Peptides, 250 g (Starter Pack)",849.0,799.0,5.9,319.6,True,https://oziva.in/products/oziva-pro-collagen-protein-peptides-with-clean-protein-green-coffee-hyaluronic-acid-biotin-for-skin-hair-health-muscle-joint-health-protein-breakdown-caramel-250-g
2026-09-01 14:11 IST,OZiva,OZiva,"Vegan Collagen, Clinically Proven (Guava Glow / Starter Pack)",959.0,929.0,3.1,,True,https://oziva.in/products/plant-based-collagen
2026-09-01 14:11 IST,OZiva,OZiva,"Vegan Collagen, Clinically Proven (Classic / Starter Pack)",959.0,929.0,3.1,,True,https://oziva.in/products/plant-based-collagen
2026-09-01 14:11 IST,OZiva,OZiva,"Vegan Collagen, Clinically Proven (Berry Orange / Starter Pack)",959.0,929.0,3.1,,True,https://oziva.in/products/plant-based-collagen
2026-09-01 14:11 IST,OZiva,OZiva,"Vegan Collagen, Clinically Proven (Watermelon / Starter Pack)",959.0,929.0,3.1,,True,https://oziva.in/products/plant-based-collagen
2026-09-01 14:11 IST,Wellbeing Nutrition,Wellbeing Nutrition,Kids Protein Vanilla Free Sachet,79.0,79.0,0.0,,True,https://wellbeingnutrition.com/products/kids-protein-vanilla-free-sachet
2026-09-01 14:11 IST,Wellbeing Nutrition,Wellbeing Nutrition,Kids Protein Chocolate Sachet,79.0,79.0,0.0,,True,https://wellbeingnutrition.com/products/kids-protein-chocolate-sachet
2026-09-01 14:11 IST,Wellbeing Nutrition,Wellbeing Nutrition,Kids Protein Vanilla Sachet,79.0,79.0,0.0,,True,https://wellbeingnutrition.com/products/kids-protein-vanilla-sachet
2026-09-01 14:11 IST,Wellbeing Nutrition,Wellbeing Nutrition,Vegan Protein Dark Chocolate Hazelnut Sachet,150.0,150.0,0.0,,True,https://wellbeingnutrition.com/products/vegan-protein-dark-chocolate-hazelnut-sachet
2026-09-01 14:11 IST,Wellbeing Nutrition,Wellbeing Nutrition,Whey Protein Isolate Dark Chocolate Sachet (Pack of 1),160.0,160.0,0.0,,False,https://wellbeingnutrition.com/products/whey-protein-isolate-dark-chocolate-sachet
2026-09-01 14:11 IST,Wellbeing Nutrition,Wellbeing Nutrition,Whey Protein Isolate + Concentrate Mango Sachets (Pack of 1),1399.0,1399.0,0.0,,False,https://wellbeingnutrition.com/products/whey-protein-isolate-concentrate-mango-sachets
2026-09-01 14:11 IST,Wellbeing Nutrition,Wellbeing Nutrition,Plant Protein 22g | 500g | 3B CFU Probiotics | Dark Chocolate Hazelnut (Pack of 1),1799.0,1619.0,10.0,323.8,True,https://wellbeingnutrition.com/products/vegan-protein-dark-chocolate-hazelnut
2026-09-01 14:11 IST,Wellbeing Nutrition,Wellbeing Nutrition,Plant Protein 22g | 500g | 3B CFU Probiotics | Italian Cafe Mocha (Pack of 1),1799.0,1619.0,10.0,323.8,False,https://wellbeingnutrition.com/products/vegan-protein-italian-cafe-mocha
2026-09-01 14:11 IST,Wellbeing Nutrition,Wellbeing Nutrition,Plant Protein 22g | 500g | 3B CFU Probiotics | Belgian Dark Chocolate (Pack of 1),1799.0,1619.0,10.0,323.8,True,https://wellbeingnutrition.com/products/vegan-protein-belgian-chocolate
2026-09-01 14:11 IST,Wellbeing Nutrition,Wellbeing Nutrition,Plant Protein 22g | 500g | 3B CFU Probiotics | French Vanilla Caramel (Pack of 1),1799.0,1619.0,10.0,323.8,True,https://wellbeingnutrition.com/products/vegan-protein-french-vanilla-caramel
2026-09-01 14:11 IST,Wellbeing Nutrition,Wellbeing Nutrition,Plant Protein 22g | 500g | 3B CFU Probiotics | Canadian Mixed Berry (Pack of 1),1799.0,1619.0,10.0,323.8,True,https://wellbeingnutrition.com/products/vegan-protein-canadian-mixed-berry
2026-09-01 14:11 IST,Wellbeing Nutrition,Wellbeing Nutrition,Her Superfood Plant Protein | Chocolate Peanut Butter (Pack of 1),1799.0,1619.0,10.0,,True,https://wellbeingnutrition.com/products/superfood-plant-protein-powder-for-women
2026-09-01 14:11 IST,Wellbeing Nutrition,Wellbeing Nutrition,Superfood Plant Protein | British Banoffee Pie (Pack of 1),1799.0,1619.0,10.0,,True,https://wellbeingnutrition.com/products/superfood-plant-protein-powder-in-banoffee-pie
2026-09-01 14:11 IST,Wellbeing Nutrition,Wellbeing Nutrition,Whey Protein Isolate + Concentrate Mango Sachets (Pack of 2),2798.0,2798.0,0.0,,False,https://wellbeingnutrition.com/products/whey-protein-isolate-concentrate-mango-sachets
2026-09-01 14:11 IST,Wellbeing Nutrition,Wellbeing Nutrition,Plant Protein 22g | 907g | 3B CFU Probiotics | French Vanilla Caramel (Pack of 1),3399.0,3059.0,10.0,337.27,True,https://wellbeingnutrition.com/products/vegan-protein-french-vanilla-caramel-copy
2026-09-01 14:11 IST,AS-IT-IS Nutrition,AS-IT-IS Nutrition,"AS-IT-IS ONE Brown Rice Protein | 27g Protein per Serving | Plant Protein | Single-Ingredient, Unflavoured (35g)",175.0,115.0,34.3,,True,https://asitisnutrition.com/products/as-it-is-nutrition-brown-rice-protein-80-designed-as-meal-supplement-lab-tested-unflavoured
2026-09-01 14:11 IST,AS-IT-IS Nutrition,AS-IT-IS Nutrition,"AS-IT-IS ONE Pea Protein Isolate | 29g Protein per Serving | Plant Protein | Single-Ingredient, Unflavoured (36g-Sachet)",175.0,115.0,34.3,,False,https://asitisnutrition.com/products/as-it-is-nutrition-pea-protein-isolate-powder
2026-09-01 14:11 IST,AS-IT-IS Nutrition,AS-IT-IS Nutrition,"AS-IT-IS ONE Soy Protein Isolate | 30g Protein per Serving | Plant Protein | Single-Ingredient, Unflavoured (35g)",175.0,115.0,34.3,,True,https://asitisnutrition.com/products/as-it-is-nutrition-buy-soy-protein-isolate-powder-in-india
2026-09-01 14:11 IST,AS-IT-IS Nutrition,AS-IT-IS Nutrition,AS-IT-IS ATOM Beginners Whey Protein | 15g Protein per Serving | With DigeZyme® Enzymes (Choco Hazel Fusion / 37g),203.0,124.0,38.9,,True,https://asitisnutrition.com/products/atom-beginners-whey-protein
2026-09-01 14:11 IST,AS-IT-IS Nutrition,AS-IT-IS Nutrition,"AS-IT-IS ATOM Performance Whey | 25g Protein per Serving | With Safed Musli, Mucuna & DigeZyme® Enzymes (Double Rich Chocolate / 45g)",220.0,133.0,39.5,,True,https://asitisnutrition.com/products/as-it-is-atom-performance-whey-1kg-with-safed-musli-for-faster-recovery-highly-bioavailable
2026-09-01 14:11 IST,AS-IT-IS Nutrition,AS-IT-IS Nutrition,"AS-IT-IS ATOM Performance Whey | 25g Protein per Serving | With Safed Musli, Mucuna & DigeZyme® Enzymes (Pista Fusion / 45g)",2485.0,133.0,94.6,,False,https://asitisnutrition.com/products/as-it-is-atom-performance-whey-1kg-with-safed-musli-for-faster-recovery-highly-bioavailable
2026-09-01 14:11 IST,AS-IT-IS Nutrition,AS-IT-IS Nutrition,"AS-IT-IS ATOM Performance Whey | 25g Protein per Serving | With Safed Musli, Mucuna & DigeZyme® Enzymes (Cafe Latte / 45g)",2485.0,133.0,94.6,,False,https://asitisnutrition.com/products/as-it-is-atom-performance-whey-1kg-with-safed-musli-for-faster-recovery-highly-bioavailable
2026-09-01 14:11 IST,AS-IT-IS Nutrition,AS-IT-IS Nutrition,"AS-IT-IS ATOM Performance Whey | 25g Protein per Serving | With Safed Musli, Mucuna & DigeZyme® Enzymes (Cookie delight / 45g)",2485.0,133.0,94.6,,False,https://asitisnutrition.com/products/as-it-is-atom-performance-whey-1kg-with-safed-musli-for-faster-recovery-highly-bioavailable
2026-09-01 14:11 IST,AS-IT-IS Nutrition,AS-IT-IS Nutrition,"AS-IT-IS ATOM Performance Whey | 25g Protein per Serving | With Safed Musli, Mucuna & DigeZyme® Enzymes (Choco hazel fusion / 45g)",2485.0,133.0,94.6,,False,https://asitisnutrition.com/products/as-it-is-atom-performance-whey-1kg-with-safed-musli-for-faster-recovery-highly-bioavailable
2026-09-01 14:11 IST,AS-IT-IS Nutrition,AS-IT-IS Nutrition,AS-IT-IS ATOM Whey Protein | 27g Protein per Serving | DigeZyme® Enzymes & 1 Billion CFU Probiotics (Double Rich Chocolate / (36g Travel Sachet)),262.0,158.0,39.7,438.89,True,https://asitisnutrition.com/products/atom-whey-protein
2026-09-01 14:11 IST,AS-IT-IS Nutrition,AS-IT-IS Nutrition,AS-IT-IS ONE Whey Protein Concentrate Sachets | 28g Protein per Serving | Unflavoured (35g Sachet (Pack of 1)),305.0,169.0,44.6,563.33,True,https://asitisnutrition.com/products/whey-protein-30g-sachet
2026-09-01 14:11 IST,AS-IT-IS Nutrition,AS-IT-IS Nutrition,"AS-IT-IS ATOM Nitro Whey with Creasure® | 33g Protein, 3g Creatine per Serving | With DigeZyme® Enzymes (Double Rich Chocolate / 45g)",289.0,175.0,39.4,,True,https://asitisnutrition.com/products/atom-nitro-whey-with-creatine-i-33g-protein-3g-creatine-7-4g-bcaa
2026-09-01 14:11 IST,AS-IT-IS Nutrition,AS-IT-IS Nutrition,"AS-IT-IS ATOM Nitro Whey with Creasure® | 33g Protein, 3g Creatine per Serving | With DigeZyme® Enzymes (Kesar Kulfi / 45g)",3407.0,175.0,94.9,,False,https://asitisnutrition.com/products/atom-nitro-whey-with-creatine-i-33g-protein-3g-creatine-7-4g-bcaa
2026-09-01 14:11 IST,AS-IT-IS Nutrition,AS-IT-IS Nutrition,"AS-IT-IS ATOM Nitro Whey with Creasure® | 33g Protein, 3g Creatine per Serving | With DigeZyme® Enzymes (Classic Vanilla / 45g)",3407.0,175.0,94.9,,False,https://asitisnutrition.com/products/atom-nitro-whey-with-creatine-i-33g-protein-3g-creatine-7-4g-bcaa
2026-09-01 14:11 IST,AS-IT-IS Nutrition,AS-IT-IS Nutrition,AS-IT-IS ONE Whey Protein Concentrate Sachets | 28g Protein per Serving | Unflavoured (35g Sachet (Pack of 1) + Shaker),438.0,287.0,34.5,956.67,False,https://asitisnutrition.com/products/whey-protein-30g-sachet
2026-09-01 14:11 IST,MyFitness,MYFITNESS,MyFitness Peanut Butter - Chocolate | 26% Protein | Crispy | Chocolate Peanut Butter Spread (227g),159.0,149.0,6.3,65.64,True,https://myfitness.co.in/products/chocolate-crispy
2026-09-01 14:11 IST,MyFitness,MYFITNESS,"Pro.Fitness High Protein Chocolate Oats | Dark Chocolate | Healthy Oats With Nuts, Seeds & Added Whey (375g)",339.0,219.0,35.4,58.4,True,https://myfitness.co.in/products/high-protein-oats-900g-27g-protein
2026-09-01 14:11 IST,MyFitness,MYFITNESS,Pro.Fitness Rolled Oats | 13% Protein | Healthy Oats With High Fiber and Zero Cholesterol (900g),320.0,269.0,15.9,,True,https://myfitness.co.in/products/pro-fitness-rolled-oats-900g
2026-09-01 14:11 IST,MyFitness,myfitness-official-store,MyFitness Peanut Butter - Classic Zero | 28% Protein | Extra Crunchy | Zero Sugar Peanut Spread (510 g),349.0,275.0,21.2,53.92,True,https://myfitness.co.in/products/myfitness-zero-peanut-butter-crunchy-510g
2026-09-01 14:11 IST,MyFitness,myfitness-official-store,MyFitness Peanut Butter - Chocolate | 26% Protein | Crunchy | Chocolate Peanut Butter Spread (510 g),319.0,275.0,13.8,45.08,True,https://myfitness.co.in/products/myfitness-chocolate-peanut-butter-crunchy
2026-09-01 14:11 IST,MyFitness,myfitness-official-store,MyFitness Peanut Butter - Natural Unsweetened | 31% Protein | Crunchy | Zero Sugar Peanut Butter Spread (510 g),319.0,275.0,13.8,45.08,True,https://myfitness.co.in/products/myfitness-all-natural-peanut-butter-crunchy
2026-09-01 14:11 IST,MyFitness,myfitness-official-store,MyFitness Peanut Butter - Natural Unsweetened | 25% Protein | Smooth | Zero Sugar Peanut Butter Spread (510 g),319.0,275.0,13.8,45.08,True,https://myfitness.co.in/products/myfitness-all-natural-peanut-butter-smooth
2026-09-01 14:11 IST,MyFitness,myfitness-official-store,MyFitness Peanut Butter - Chocolate | 26% Protein | Crispy | Chocolate Peanut Butter Spread (510 g),319.0,275.0,13.8,45.08,True,https://myfitness.co.in/products/myfitness-chocolate-peanut-butter-crispy
2026-09-01 14:11 IST,MyFitness,myfitness-official-store,MyFitness Peanut Butter - Chocolate | 28% Protein | Smooth | Chocolate Peanut Butter Spread (510 g),319.0,275.0,13.8,45.08,True,https://myfitness.co.in/products/myfitness-chocolate-peanut-butter-smooth
2026-09-01 14:11 IST,MyFitness,myfitness-official-store,MyFitness Peanut Butter - Original | 28% Protein | Crunchy | Classic Peanut Butter Spread (510 g),319.0,275.0,13.8,45.08,True,https://myfitness.co.in/products/myfitness-original-peanut-butter-crunchy
2026-09-01 14:11 IST,MyFitness,myfitness-official-store,MyFitness Peanut Butter - Original | 28% Protein | Smooth | Classic Peanut Butter Spread (510 g),319.0,275.0,13.8,45.08,True,https://myfitness.co.in/products/myfitness-original-peanut-butter-smooth
2026-09-01 14:11 IST,MyFitness,MYFITNESS,MyFitness Peanut Butter - Chocolate | 25% Protein | Almond Crunch | Chocolate Peanut Butter Spread (510 g),379.0,279.0,26.4,54.71,True,https://myfitness.co.in/products/myfitness-chocolate-peanut-butter-with-almond-crunch
2026-09-01 14:11 IST,MyFitness,MYFITNESS,MyFitness x Batman | Chocolate Zero Peanut Butter Extra Crunchy | 27% Protein | Zero Added Sugar | High Protein (510 g),369.0,299.0,19.0,58.63,True,https://myfitness.co.in/products/myfitness-zero-chocolate-peanut-butter-crunchy-zero-sugar-extra-crunch-510g-27g-protein-10g-fiber-tasty-healthy-nut-butter-spread-cholesterol-free-zero-trans-fat-crunchy-peanut-butter
2026-09-01 14:11 IST,MyFitness,MYFITNESS,MyFitness Peanut Butter - Dark Chocolate | 30% Protein | Smooth | Rich Chocolate Peanut Butter Spread (510 g),399.0,299.0,25.1,49.02,True,https://myfitness.co.in/products/myfitness-olympia-edition-dark-chocolate-peanut-butter-with-added-whey-smooth
2026-09-01 14:11 IST,MyFitness,MYFITNESS,MyFitness Peanut Butter - Dark Chocolate | 29% Protein | Crispy | Rich Chocolate Peanut Butter Spread (510 g),399.0,319.0,20.1,52.3,True,https://myfitness.co.in/products/myfitness-peanut-butter-dark-chocolate-29-protein-crispy-rich-chocolate-peanut-butter-spread
2026-09-01 14:11 IST,Naturaltein,naturaltein,The Protein Dessert E-Cook Book by Naturaltein,599.0,399.0,33.4,,True,https://naturaltein.in/products/the-protein-dessert-e-cook-book-by-naturaltein
2026-09-01 14:11 IST,Naturaltein,naturaltein,Natural Plant Protein (Chocolate / 1 Box (500 g)),3000.0,1112.0,62.9,222.4,True,https://naturaltein.in/products/plant-protein
2026-09-01 14:11 IST,Naturaltein,naturaltein,Natural Plant Protein (Mango / 1 Box (500 g)),3000.0,1112.0,62.9,222.4,True,https://naturaltein.in/products/plant-protein
2026-09-01 14:11 IST,Naturaltein,naturaltein,Natural Plant Protein (Berry / 1 Box (500 g)),3000.0,1112.0,62.9,222.4,True,https://naturaltein.in/products/plant-protein
2026-09-01 14:11 IST,Naturaltein,naturaltein,Natural Plant Protein (Pista / 1 Box (500 g)),3000.0,1112.0,62.9,222.4,True,https://naturaltein.in/products/plant-protein
2026-09-01 14:11 IST,Naturaltein,naturaltein,Natural Plant Protein (Coffee / 1 Box (500 g)),3000.0,1112.0,62.9,222.4,True,https://naturaltein.in/products/plant-protein
2026-09-01 14:11 IST,Naturaltein,naturaltein,Natural Whey Protein Concentrate (Italian Ice Cream / 1 Box (300 g)),1424.0,1299.0,8.8,433.0,False,https://naturaltein.in/products/whey-protein-concentrate
2026-09-01 14:11 IST,Naturaltein,naturaltein,Natural Whey Protein Concentrate (Chocolate Biscoff / 1 Box (300 g)),1424.0,1399.0,1.8,466.33,False,https://naturaltein.in/products/whey-protein-concentrate
2026-09-01 14:11 IST,Naturaltein,naturaltein,Natural Whey Protein Concentrate (Chocolate Caramel / 1 Box (300 g)),1424.0,1399.0,1.8,466.33,False,https://naturaltein.in/products/whey-protein-concentrate
2026-09-01 14:11 IST,Naturaltein,naturaltein,Natural Whey Protein Concentrate (Chocolate / 1 Box (300 g)),2500.0,1524.0,39.0,508.0,True,https://naturaltein.in/products/whey-protein-concentrate
2026-09-01 14:11 IST,Naturaltein,naturaltein,Natural Whey Protein Concentrate (Unflavoured / 1 Box (300 g)),2500.0,1524.0,39.0,508.0,False,https://naturaltein.in/products/whey-protein-concentrate
2026-09-01 14:11 IST,Naturaltein,naturaltein,Natural Whey Protein Concentrate (Caffe Mocha / 1 Box (300 g)),2500.0,1524.0,39.0,508.0,True,https://naturaltein.in/products/whey-protein-concentrate
2026-09-01 14:11 IST,Naturaltein,naturaltein,Natural Plant Protein (Chocolate / 2 Boxes (1 kg)),6000.0,1600.0,73.3,160.0,True,https://naturaltein.in/products/plant-protein
2026-09-01 14:11 IST,Naturaltein,naturaltein,Natural Plant Protein (Mango / 2 Boxes (1 kg)),6000.0,1600.0,73.3,160.0,True,https://naturaltein.in/products/plant-protein
2026-09-01 14:11 IST,Naturaltein,naturaltein,Natural Plant Protein (Berry / 2 Boxes (1 kg)),6000.0,1600.0,73.3,160.0,True,https://naturaltein.in/products/plant-protein
2026-09-01 14:11 IST,GNC India,GNC India,GNC Superfood Plant Isolate 35 gram (35gm / Chocolate),149.0,1.0,99.3,,True,https://gnc.in/products/gnc-superfood-plant-isolate-35-gram
2026-09-01 14:11 IST,GNC India,GNC India,GNC Superfood Plant Isolate 35 gram (35gm / Coffee),149.0,1.0,99.3,,True,https://gnc.in/products/gnc-superfood-plant-isolate-35-gram
2026-09-01 14:11 IST,GNC India,GNC India,GNC Superfood Plant Isolate 35 gram (35gm / Mango),149.0,1.0,99.3,,True,https://gnc.in/products/gnc-superfood-plant-isolate-35-gram
2026-09-01 14:11 IST,GNC India,GNC India,GNC Superfood Plant Isolate 35 gram (35gm / Vanilla),149.0,1.0,99.3,,False,https://gnc.in/products/gnc-superfood-plant-isolate-35-gram
2026-09-01 14:11 IST,GNC India,GNC India,PP Protein Wafer Bar Mini 20gm (Chocolate / 20 gm),60.0,40.0,33.3,200.0,True,https://gnc.in/products/pp-protein-wafer-bar-mini-20gm
2026-09-01 14:11 IST,GNC India,GNC India,PP Protein Wafer Bar Mini 20gm (Coffee / 20 gm),60.0,40.0,33.3,200.0,True,https://gnc.in/products/pp-protein-wafer-bar-mini-20gm
2026-09-01 14:11 IST,GNC India,GNC India,PP Protein Wafer Bar Mini 20gm (Peanut Butter / 20 gm),60.0,40.0,33.3,200.0,True,https://gnc.in/products/pp-protein-wafer-bar-mini-20gm
2026-09-01 14:11 IST,GNC India,GNC,GNC Protein Wafer Bar (Chocolate) (Pack of 1 / Chocolate),59.0,55.0,6.8,,True,https://gnc.in/products/gnc-protein-wafer-bar-chocolate
2026-09-01 14:11 IST,GNC India,GNC,GNC Protein Wafer Bar (Peanut butter) (Pack of 1 / Peanut Butter),59.0,55.0,6.8,,True,https://gnc.in/products/gnc-protein-wafer-bar-peanut-butter
2026-09-01 14:11 IST,GNC India,GNC,GNC Protein Wafer Bar (Coffee) (Pack of 1 / Coffee),59.0,55.0,6.8,,True,https://gnc.in/products/gnc-protein-wafer-bar-coffee
2026-09-01 14:11 IST,GNC India,GNC,GNC Protein Wafer Bar (40g / Chocolate),60.0,55.0,8.3,137.5,True,https://gnc.in/products/gnc-protein-wafer-bar-upsell
2026-09-01 14:11 IST,GNC India,GNC India,GNC Select Fermented Yeast Protein Isolate (35gm) (35 gm / Chocolate),149.0,65.0,56.4,185.71,True,https://gnc.in/products/gnc-select-fermented-yeast-protein-isolate-35gm
2026-09-01 14:11 IST,GNC India,GNC India,GNC Select Fermented Yeast Protein Isolate (35gm) (35 gm / Coffee),149.0,65.0,56.4,185.71,True,https://gnc.in/products/gnc-select-fermented-yeast-protein-isolate-35gm
2026-09-01 14:11 IST,GNC India,GNC India,GNC Select Fermented Yeast Protein Isolate (35gm) (35 gm / Vanilla),149.0,65.0,56.4,185.71,True,https://gnc.in/products/gnc-select-fermented-yeast-protein-isolate-35gm
2026-09-01 14:11 IST,GNC India,GNC India,GNC Select Fermented Yeast Protein Isolate (35 gm / Chocolate),149.0,69.0,53.7,197.14,True,https://gnc.in/products/gnc-select-fermented-yeast-protein
2026-09-02 13:26 IST,Nutrabay,Velbiom,Velbiom Happy Cultures Tastiest Plant Protein,600,499,16.8,346.53,True,https://nutrabay.com/product/velbiom-happy-cultures-tastiest-plant-protein/?pId=7407265
2026-09-02 13:26 IST,Nutrabay,Nutrabay,Nutrabay Pure Pea Protein Isolate,669,599,10.5,119.8,True,https://nutrabay.com/product/nutrabay-pure-100-pea-protein-isolate/?pId=4537768
2026-09-02 13:26 IST,Nutrabay,TruNativ,TruNativ Plant Based Everyday Protein - Protein You Can Cook With!,699,599,14.3,363.03,True,https://nutrabay.com/product/trunativ-plant-based-everyday-protein-protein-you-can-cook-with/?pId=9485223
2026-09-02 13:26 IST,Nutrabay,Nutrabay,Nutrabay Wellness Vegan Plant Protein Powder + Superfoods,1199,699,41.7,139.8,True,https://nutrabay.com/product/nutrabay-wellness-vegan-plant-protein-powder-superfoods/?pId=4698878
2026-09-02 13:26 IST,Nutrabay,Nutrabay,Nutrabay BioAbsorb™ Whey Protein Powder | Clinically Tested 54% Better Protein Absorption | 26g Protein/Scoop | India's 1st Protein with ProDiFi™ for No Bloating | No Added Sugar,859,749,12.8,413.81,True,https://nutrabay.com/product/nutrabay-bioabsorb-whey-protein/?pId=8042444
2026-09-02 13:26 IST,Nutrabay,Nutrabay,Nutrabay Wellness Vegan Plant Protein Powder + Superfoods,1199,799,33.4,159.8,True,https://nutrabay.com/product/nutrabay-wellness-vegan-plant-protein-powder-superfoods/?pId=4698878
2026-09-02 13:26 IST,Nutrabay,Nutrabay,Nutrabay Gold Pea Protein,1049,799,23.8,159.8,True,https://nutrabay.com/product/nutrabay-gold-hydrolyzed-pea-protein/?pId=3302532
2026-09-02 13:26 IST,Nutrabay,Nutrabay,Nutrabay Gold Pea Protein,1049,799,23.8,159.8,True,https://nutrabay.com/product/nutrabay-gold-hydrolyzed-pea-protein/?pId=3302532
2026-09-02 13:26 IST,Nutrabay,Nutrabay,Nutrabay Gold Pea Protein,1049,799,23.8,159.8,True,https://nutrabay.com/product/nutrabay-gold-hydrolyzed-pea-protein/?pId=3302532
2026-09-02 13:26 IST,Nutrabay,Nutrabay,Nutrabay Pure Pea Protein Isolate,1349,849,37.1,84.9,True,https://nutrabay.com/product/nutrabay-pure-100-pea-protein-isolate/?pId=4537768
2026-09-02 13:26 IST,Nutrabay,Optimum Nutrition,Optimum Nutrition (ON) Gold Standard Whey Protein Powder,940,940,0.0,,True,https://nutrabay.com/product/optimum-nutrition-on-100-whey-gold-standard-2/?pId=4471481
2026-09-02 13:26 IST,Nutrabay,Velbiom,Velbiom Happy Cultures Tastiest Plant Protein,1699,949,44.1,187.92,True,https://nutrabay.com/product/velbiom-happy-cultures-tastiest-plant-protein/?pId=7407265
2026-09-02 13:26 IST,Nutrabay,Velbiom,Velbiom Happy Cultures Tastiest Plant Protein,1699,949,44.1,187.92,True,https://nutrabay.com/product/velbiom-happy-cultures-tastiest-plant-protein/?pId=7407265
2026-09-02 13:26 IST,Nutrabay,Velbiom,Velbiom Happy Cultures Tastiest Plant Protein,1699,949,44.1,187.92,True,https://nutrabay.com/product/velbiom-happy-cultures-tastiest-plant-protein/?pId=7407265
2026-09-02 13:26 IST,Nutrabay,Nutrabay,Nutrabay Pure Soy Protein Isolate,1349,999,25.9,99.9,True,https://nutrabay.com/product/nutrabay-pure-100-soy-protein-isolate/?pId=4186049
2026-09-02 13:26 IST,Fast&Up,Fastandup,100% Pure & Natural Moringa Powder,250.0,238.0,4.8,,True,https://in.fastandup.com/products/100-pure-natural-moringa-powder
2026-09-02 13:26 IST,Fast&Up,Fastandup,Plant Protein - Assorted Pack,270.0,243.0,10.0,,True,https://in.fastandup.com/products/fast-up-plant-protein-assorted-pack
2026-09-02 13:26 IST,Fast&Up,Fastandup,Plant Protein - Rich Chocolate - Single Serving Sachet Combo Pack (Rich Chocolate / Pack of 5),450.0,396.0,12.0,,True,https://in.fastandup.com/products/plant-protein-rich-chocolate-single-serving-sachet-combo-pack
2026-09-02 13:26 IST,Fast&Up,Fastandup,Plant Protein - Rich Chocolate - Single Serving Sachet Combo Pack (Rich Chocolate / Pack of 10),900.0,765.0,15.0,,True,https://in.fastandup.com/products/plant-protein-rich-chocolate-single-serving-sachet-combo-pack
2026-09-02 13:26 IST,Fast&Up,Fastandup,Plant Protein - Rich Chocolate - Single Serving Sachet Combo Pack (Rich Chocolate / Pack of 15),1350.0,1107.0,18.0,,True,https://in.fastandup.com/products/plant-protein-rich-chocolate-single-serving-sachet-combo-pack
2026-09-02 13:26 IST,Fast&Up,Fastandup,Plant Protein - Cookies & Cream - 500g,1599.0,1279.0,20.0,255.8,True,https://in.fastandup.com/products/plant-protein-cookies-cream-500g
2026-09-02 13:26 IST,Fast&Up,Fastandup,Plant Protein - Rich Chocolate – 500gms,1599.0,1279.0,20.0,255.8,True,https://in.fastandup.com/products/plant-protein-powder-500gms
2026-09-02 13:26 IST,Fast&Up,Fastandup,Daily Fiber + Plant Protein Rich Chocolate Combo,3715.0,2299.0,38.1,,True,https://in.fastandup.com/products/daily-fiber-plant-protein-rich-chocolate-combo
2026-09-02 13:26 IST,Fast&Up,Fastandup,Plant Protein - Alphonso Mango - 1Kg,3115.0,2336.0,25.0,233.6,True,https://in.fastandup.com/products/plant-protein-alphonso-mango-25-servings
2026-09-02 13:26 IST,Fast&Up,Fastandup,Plant Protein - Kesar Kulfi - 1kg,3115.0,2336.0,25.0,233.6,False,https://in.fastandup.com/products/plant-protein-powder-special-festive-pack
2026-09-02 13:26 IST,Fast&Up,Fastandup,Plant Protein - Cookies & Cream - 1Kg,3115.0,2336.0,25.0,233.6,True,https://in.fastandup.com/products/plant-protein-cookies-cream-1-kg
2026-09-02 13:26 IST,Fast&Up,Fastandup,Plant Protein - Strawberry Blast - 25 Servings,3115.0,2336.0,25.0,,False,https://in.fastandup.com/products/plant-protein-strawberry-25-servings
2026-09-02 13:26 IST,Fast&Up,Fastandup,Plant Protein - Rich Chocolate - 1kg,3115.0,2336.0,25.0,233.6,True,https://in.fastandup.com/products/plant-protein-rich-chocolate-1kg
2026-09-02 13:26 IST,Fast&Up,Fastandup,Plant Protein - Cookies & Cream - 500g Pack of 2,3198.0,2399.0,25.0,479.8,True,https://in.fastandup.com/products/plant-protein-cookies-cream-500g-pack-of-2
2026-09-02 13:26 IST,Fast&Up,Fastandup,Plant Protein Rich Chocolate - 1kg pouch+ Plant Protein Cookies Cream- 1kg Pouch,6230.0,3427.0,45.0,342.7,True,https://in.fastandup.com/products/plant-protein-rich-chocolate-1kg-pouch-plant-protein-cookies-cream-1kg-pouch
2026-09-02 13:26 IST,OZiva,OZiva,Plant Protein + Pro-Digest (Mango),139.0,139.0,0.0,,True,https://oziva.in/products/plant-protein-pro-digest
2026-09-02 13:26 IST,OZiva,OZiva,Pro-Collagen Protein Peptides Caramel | 250g,799.0,433.0,45.8,173.2,True,https://oziva.in/products/pro-collagen-protein-peptides-caramel-250g
2026-09-02 13:26 IST,OZiva,OZiva,"Vegan Collagen, Clinically Proven (Watermelon / Starter Pack-125g)",499.0,459.0,8.0,367.2,True,https://oziva.in/products/plant-based-collagen
2026-09-02 13:26 IST,OZiva,OZiva,Plant Protein + Pro-Digest (Assorted),699.0,699.0,0.0,,True,https://oziva.in/products/plant-protein-pro-digest
2026-09-02 13:26 IST,OZiva,OZiva,Plant Protein + Pro-Digest (Chocolate),699.0,699.0,0.0,,False,https://oziva.in/products/plant-protein-pro-digest
2026-09-02 13:26 IST,OZiva,OZiva,Plant Protein + Pro-Digest (Strawberry),699.0,699.0,0.0,,False,https://oziva.in/products/plant-protein-pro-digest
2026-09-02 13:26 IST,OZiva,OZiva,Plant Protein + Pro-Digest (Vanilla),699.0,699.0,0.0,,False,https://oziva.in/products/plant-protein-pro-digest
2026-09-02 13:26 IST,OZiva,OZiva,Bioactive Plant Protein (Assorted / Starter Pack),699.0,699.0,0.0,,True,https://oziva.in/products/oziva-bioactive-plant-protein-with-25g-vegan-protein-5-5-bcaas-100-rda-vitamins-minerals-ayurvedic-herbs-for-better-endurance-stamina-muscle-recovery-1-kg
2026-09-02 13:26 IST,OZiva,OZiva,Daily Protein Activ for Women (Rich Chocolate / Starter Pack),799.0,749.0,6.3,,True,https://oziva.in/products/daily-protein-activ-for-women-with-clean-whey-protein-multivitamins-tulsi-probiotics-for-improved-everyday-energy-stamina-bone-health-immune-health
2026-09-02 13:26 IST,OZiva,OZiva,Daily Protein Activ for Women (Classic Vanilla / Starter Pack),799.0,749.0,6.3,,False,https://oziva.in/products/daily-protein-activ-for-women-with-clean-whey-protein-multivitamins-tulsi-probiotics-for-improved-everyday-energy-stamina-bone-health-immune-health
2026-09-02 13:26 IST,OZiva,OZiva,"Pro-Collagen Protein Peptides, 250 g (Starter Pack)",849.0,799.0,5.9,319.6,True,https://oziva.in/products/oziva-pro-collagen-protein-peptides-with-clean-protein-green-coffee-hyaluronic-acid-biotin-for-skin-hair-health-muscle-joint-health-protein-breakdown-caramel-250-g
2026-09-02 13:26 IST,OZiva,OZiva,"Vegan Collagen, Clinically Proven (Guava Glow / Starter Pack)",959.0,929.0,3.1,,True,https://oziva.in/products/plant-based-collagen
2026-09-02 13:26 IST,OZiva,OZiva,"Vegan Collagen, Clinically Proven (Classic / Starter Pack)",959.0,929.0,3.1,,True,https://oziva.in/products/plant-based-collagen
2026-09-02 13:26 IST,OZiva,OZiva,"Vegan Collagen, Clinically Proven (Berry Orange / Starter Pack)",959.0,929.0,3.1,,True,https://oziva.in/products/plant-based-collagen
2026-09-02 13:26 IST,OZiva,OZiva,"Vegan Collagen, Clinically Proven (Watermelon / Starter Pack)",959.0,929.0,3.1,,True,https://oziva.in/products/plant-based-collagen
2026-09-02 13:26 IST,Wellbeing Nutrition,Wellbeing Nutrition,Kids Protein Vanilla Free Sachet,79.0,79.0,0.0,,True,https://wellbeingnutrition.com/products/kids-protein-vanilla-free-sachet
2026-09-02 13:26 IST,Wellbeing Nutrition,Wellbeing Nutrition,Kids Protein Chocolate Sachet,79.0,79.0,0.0,,True,https://wellbeingnutrition.com/products/kids-protein-chocolate-sachet
2026-09-02 13:26 IST,Wellbeing Nutrition,Wellbeing Nutrition,Kids Protein Vanilla Sachet,79.0,79.0,0.0,,True,https://wellbeingnutrition.com/products/kids-protein-vanilla-sachet
2026-09-02 13:26 IST,Wellbeing Nutrition,Wellbeing Nutrition,Vegan Protein Dark Chocolate Hazelnut Sachet,150.0,150.0,0.0,,True,https://wellbeingnutrition.com/products/vegan-protein-dark-chocolate-hazelnut-sachet
2026-09-02 13:26 IST,Wellbeing Nutrition,Wellbeing Nutrition,Whey Protein Isolate Dark Chocolate Sachet (Pack of 1),160.0,160.0,0.0,,False,https://wellbeingnutrition.com/products/whey-protein-isolate-dark-chocolate-sachet
2026-09-02 13:26 IST,Wellbeing Nutrition,Wellbeing Nutrition,Whey Protein Isolate + Concentrate Mango Sachets (Pack of 1),1399.0,1399.0,0.0,,False,https://wellbeingnutrition.com/products/whey-protein-isolate-concentrate-mango-sachets
2026-09-02 13:26 IST,Wellbeing Nutrition,Wellbeing Nutrition,Plant Protein 22g | 500g | 3B CFU Probiotics | Dark Chocolate Hazelnut (Pack of 1),1799.0,1619.0,10.0,323.8,True,https://wellbeingnutrition.com/products/vegan-protein-dark-chocolate-hazelnut
2026-09-02 13:26 IST,Wellbeing Nutrition,Wellbeing Nutrition,Plant Protein 22g | 500g | 3B CFU Probiotics | Italian Cafe Mocha (Pack of 1),1799.0,1619.0,10.0,323.8,False,https://wellbeingnutrition.com/products/vegan-protein-italian-cafe-mocha
2026-09-02 13:26 IST,Wellbeing Nutrition,Wellbeing Nutrition,Plant Protein 22g | 500g | 3B CFU Probiotics | Belgian Dark Chocolate (Pack of 1),1799.0,1619.0,10.0,323.8,True,https://wellbeingnutrition.com/products/vegan-protein-belgian-chocolate
2026-09-02 13:26 IST,Wellbeing Nutrition,Wellbeing Nutrition,Plant Protein 22g | 500g | 3B CFU Probiotics | French Vanilla Caramel (Pack of 1),1799.0,1619.0,10.0,323.8,True,https://wellbeingnutrition.com/products/vegan-protein-french-vanilla-caramel
2026-09-02 13:26 IST,Wellbeing Nutrition,Wellbeing Nutrition,Plant Protein 22g | 500g | 3B CFU Probiotics | Canadian Mixed Berry (Pack of 1),1799.0,1619.0,10.0,323.8,True,https://wellbeingnutrition.com/products/vegan-protein-canadian-mixed-berry
2026-09-02 13:26 IST,Wellbeing Nutrition,Wellbeing Nutrition,Her Superfood Plant Protein | Chocolate Peanut Butter (Pack of 1),1799.0,1619.0,10.0,,True,https://wellbeingnutrition.com/products/superfood-plant-protein-powder-for-women
2026-09-02 13:26 IST,Wellbeing Nutrition,Wellbeing Nutrition,Superfood Plant Protein | British Banoffee Pie (Pack of 1),1799.0,1619.0,10.0,,True,https://wellbeingnutrition.com/products/superfood-plant-protein-powder-in-banoffee-pie
2026-09-02 13:26 IST,Wellbeing Nutrition,Wellbeing Nutrition,Whey Protein Isolate + Concentrate Mango Sachets (Pack of 2),2798.0,2798.0,0.0,,False,https://wellbeingnutrition.com/products/whey-protein-isolate-concentrate-mango-sachets
2026-09-02 13:26 IST,Wellbeing Nutrition,Wellbeing Nutrition,Plant Protein 22g | 907g | 3B CFU Probiotics | French Vanilla Caramel (Pack of 1),3399.0,3059.0,10.0,337.27,True,https://wellbeingnutrition.com/products/vegan-protein-french-vanilla-caramel-copy
2026-09-02 13:26 IST,AS-IT-IS Nutrition,AS-IT-IS Nutrition,"AS-IT-IS ONE Brown Rice Protein | 27g Protein per Serving | Plant Protein | Single-Ingredient, Unflavoured (35g)",175.0,115.0,34.3,,True,https://asitisnutrition.com/products/as-it-is-nutrition-brown-rice-protein-80-designed-as-meal-supplement-lab-tested-unflavoured
2026-09-02 13:26 IST,AS-IT-IS Nutrition,AS-IT-IS Nutrition,"AS-IT-IS ONE Pea Protein Isolate | 29g Protein per Serving | Plant Protein | Single-Ingredient, Unflavoured (36g-Sachet)",175.0,115.0,34.3,,False,https://asitisnutrition.com/products/as-it-is-nutrition-pea-protein-isolate-powder
2026-09-02 13:26 IST,AS-IT-IS Nutrition,AS-IT-IS Nutrition,"AS-IT-IS ONE Soy Protein Isolate | 30g Protein per Serving | Plant Protein | Single-Ingredient, Unflavoured (35g)",175.0,115.0,34.3,,True,https://asitisnutrition.com/products/as-it-is-nutrition-buy-soy-protein-isolate-powder-in-india
2026-09-02 13:26 IST,AS-IT-IS Nutrition,AS-IT-IS Nutrition,AS-IT-IS ATOM Beginners Whey Protein | 15g Protein per Serving | With DigeZyme® Enzymes (Choco Hazel Fusion / 37g),203.0,124.0,38.9,,True,https://asitisnutrition.com/products/atom-beginners-whey-protein
2026-09-02 13:26 IST,AS-IT-IS Nutrition,AS-IT-IS Nutrition,"AS-IT-IS ATOM Performance Whey | 25g Protein per Serving | With Safed Musli, Mucuna & DigeZyme® Enzymes (Double Rich Chocolate / 45g)",220.0,133.0,39.5,,True,https://asitisnutrition.com/products/as-it-is-atom-performance-whey-1kg-with-safed-musli-for-faster-recovery-highly-bioavailable
2026-09-02 13:26 IST,AS-IT-IS Nutrition,AS-IT-IS Nutrition,"AS-IT-IS ATOM Performance Whey | 25g Protein per Serving | With Safed Musli, Mucuna & DigeZyme® Enzymes (Pista Fusion / 45g)",2485.0,133.0,94.6,,False,https://asitisnutrition.com/products/as-it-is-atom-performance-whey-1kg-with-safed-musli-for-faster-recovery-highly-bioavailable
2026-09-02 13:26 IST,AS-IT-IS Nutrition,AS-IT-IS Nutrition,"AS-IT-IS ATOM Performance Whey | 25g Protein per Serving | With Safed Musli, Mucuna & DigeZyme® Enzymes (Cafe Latte / 45g)",2485.0,133.0,94.6,,False,https://asitisnutrition.com/products/as-it-is-atom-performance-whey-1kg-with-safed-musli-for-faster-recovery-highly-bioavailable
2026-09-02 13:26 IST,AS-IT-IS Nutrition,AS-IT-IS Nutrition,"AS-IT-IS ATOM Performance Whey | 25g Protein per Serving | With Safed Musli, Mucuna & DigeZyme® Enzymes (Cookie delight / 45g)",2485.0,133.0,94.6,,False,https://asitisnutrition.com/products/as-it-is-atom-performance-whey-1kg-with-safed-musli-for-faster-recovery-highly-bioavailable
2026-09-02 13:26 IST,AS-IT-IS Nutrition,AS-IT-IS Nutrition,"AS-IT-IS ATOM Performance Whey | 25g Protein per Serving | With Safed Musli, Mucuna & DigeZyme® Enzymes (Choco hazel fusion / 45g)",2485.0,133.0,94.6,,False,https://asitisnutrition.com/products/as-it-is-atom-performance-whey-1kg-with-safed-musli-for-faster-recovery-highly-bioavailable
2026-09-02 13:26 IST,AS-IT-IS Nutrition,AS-IT-IS Nutrition,AS-IT-IS ATOM Whey Protein | 27g Protein per Serving | DigeZyme® Enzymes & 1 Billion CFU Probiotics (Double Rich Chocolate / (36g Travel Sachet)),262.0,158.0,39.7,438.89,True,https://asitisnutrition.com/products/atom-whey-protein
2026-09-02 13:26 IST,AS-IT-IS Nutrition,AS-IT-IS Nutrition,AS-IT-IS ONE Whey Protein Concentrate Sachets | 28g Protein per Serving | Unflavoured (35g Sachet (Pack of 1)),305.0,169.0,44.6,563.33,True,https://asitisnutrition.com/products/whey-protein-30g-sachet
2026-09-02 13:26 IST,AS-IT-IS Nutrition,AS-IT-IS Nutrition,"AS-IT-IS ATOM Nitro Whey with Creasure® | 33g Protein, 3g Creatine per Serving | With DigeZyme® Enzymes (Double Rich Chocolate / 45g)",289.0,175.0,39.4,,True,https://asitisnutrition.com/products/atom-nitro-whey-with-creatine-i-33g-protein-3g-creatine-7-4g-bcaa
2026-09-02 13:26 IST,AS-IT-IS Nutrition,AS-IT-IS Nutrition,"AS-IT-IS ATOM Nitro Whey with Creasure® | 33g Protein, 3g Creatine per Serving | With DigeZyme® Enzymes (Kesar Kulfi / 45g)",3407.0,175.0,94.9,,False,https://asitisnutrition.com/products/atom-nitro-whey-with-creatine-i-33g-protein-3g-creatine-7-4g-bcaa
2026-09-02 13:26 IST,AS-IT-IS Nutrition,AS-IT-IS Nutrition,"AS-IT-IS ATOM Nitro Whey with Creasure® | 33g Protein, 3g Creatine per Serving | With DigeZyme® Enzymes (Classic Vanilla / 45g)",3407.0,175.0,94.9,,False,https://asitisnutrition.com/products/atom-nitro-whey-with-creatine-i-33g-protein-3g-creatine-7-4g-bcaa
2026-09-02 13:26 IST,AS-IT-IS Nutrition,AS-IT-IS Nutrition,AS-IT-IS ONE Whey Protein Concentrate Sachets | 28g Protein per Serving | Unflavoured (35g Sachet (Pack of 1) + Shaker),438.0,287.0,34.5,956.67,False,https://asitisnutrition.com/products/whey-protein-30g-sachet
2026-09-02 13:26 IST,MyFitness,MYFITNESS,MyFitness Peanut Butter - Chocolate | 26% Protein | Crispy | Chocolate Peanut Butter Spread (227g),159.0,149.0,6.3,65.64,True,https://myfitness.co.in/products/chocolate-crispy
2026-09-02 13:26 IST,MyFitness,MYFITNESS,"Pro.Fitness High Protein Chocolate Oats | Dark Chocolate | Healthy Oats With Nuts, Seeds & Added Whey (375g)",339.0,219.0,35.4,58.4,True,https://myfitness.co.in/products/high-protein-oats-900g-27g-protein
2026-09-02 13:26 IST,MyFitness,MYFITNESS,Pro.Fitness Rolled Oats | 13% Protein | Healthy Oats With High Fiber and Zero Cholesterol (900g),320.0,269.0,15.9,,True,https://myfitness.co.in/products/pro-fitness-rolled-oats-900g
2026-09-02 13:26 IST,MyFitness,myfitness-official-store,MyFitness Peanut Butter - Classic Zero | 28% Protein | Extra Crunchy | Zero Sugar Peanut Spread (510 g),349.0,275.0,21.2,53.92,True,https://myfitness.co.in/products/myfitness-zero-peanut-butter-crunchy-510g
2026-09-02 13:26 IST,MyFitness,myfitness-official-store,MyFitness Peanut Butter - Chocolate | 26% Protein | Crunchy | Chocolate Peanut Butter Spread (510 g),319.0,275.0,13.8,45.08,True,https://myfitness.co.in/products/myfitness-chocolate-peanut-butter-crunchy
2026-09-02 13:26 IST,MyFitness,myfitness-official-store,MyFitness Peanut Butter - Natural Unsweetened | 31% Protein | Crunchy | Zero Sugar Peanut Butter Spread (510 g),319.0,275.0,13.8,45.08,True,https://myfitness.co.in/products/myfitness-all-natural-peanut-butter-crunchy
2026-09-02 13:26 IST,MyFitness,myfitness-official-store,MyFitness Peanut Butter - Natural Unsweetened | 25% Protein | Smooth | Zero Sugar Peanut Butter Spread (510 g),319.0,275.0,13.8,45.08,True,https://myfitness.co.in/products/myfitness-all-natural-peanut-butter-smooth
2026-09-02 13:26 IST,MyFitness,myfitness-official-store,MyFitness Peanut Butter - Chocolate | 26% Protein | Crispy | Chocolate Peanut Butter Spread (510 g),319.0,275.0,13.8,45.08,True,https://myfitness.co.in/products/myfitness-chocolate-peanut-butter-crispy
2026-09-02 13:26 IST,MyFitness,myfitness-official-store,MyFitness Peanut Butter - Chocolate | 28% Protein | Smooth | Chocolate Peanut Butter Spread (510 g),319.0,275.0,13.8,45.08,True,https://myfitness.co.in/products/myfitness-chocolate-peanut-butter-smooth
2026-09-02 13:26 IST,MyFitness,myfitness-official-store,MyFitness Peanut Butter - Original | 28% Protein | Crunchy | Classic Peanut Butter Spread (510 g),319.0,275.0,13.8,45.08,True,https://myfitness.co.in/products/myfitness-original-peanut-butter-crunchy
2026-09-02 13:26 IST,MyFitness,myfitness-official-store,MyFitness Peanut Butter - Original | 28% Protein | Smooth | Classic Peanut Butter Spread (510 g),319.0,275.0,13.8,45.08,True,https://myfitness.co.in/products/myfitness-original-peanut-butter-smooth
2026-09-02 13:26 IST,MyFitness,MYFITNESS,MyFitness Peanut Butter - Chocolate | 25% Protein | Almond Crunch | Chocolate Peanut Butter Spread (510 g),379.0,279.0,26.4,54.71,True,https://myfitness.co.in/products/myfitness-chocolate-peanut-butter-with-almond-crunch
2026-09-02 13:26 IST,MyFitness,MYFITNESS,MyFitness x Batman | Chocolate Zero Peanut Butter Extra Crunchy | 27% Protein | Zero Added Sugar | High Protein (510 g),369.0,299.0,19.0,58.63,True,https://myfitness.co.in/products/myfitness-zero-chocolate-peanut-butter-crunchy-zero-sugar-extra-crunch-510g-27g-protein-10g-fiber-tasty-healthy-nut-butter-spread-cholesterol-free-zero-trans-fat-crunchy-peanut-butter
2026-09-02 13:26 IST,MyFitness,MYFITNESS,MyFitness Peanut Butter - Dark Chocolate | 30% Protein | Smooth | Rich Chocolate Peanut Butter Spread (510 g),399.0,299.0,25.1,49.02,True,https://myfitness.co.in/products/myfitness-olympia-edition-dark-chocolate-peanut-butter-with-added-whey-smooth
2026-09-02 13:26 IST,MyFitness,MYFITNESS,MyFitness Peanut Butter - Dark Chocolate | 29% Protein | Crispy | Rich Chocolate Peanut Butter Spread (510 g),399.0,319.0,20.1,52.3,True,https://myfitness.co.in/products/myfitness-peanut-butter-dark-chocolate-29-protein-crispy-rich-chocolate-peanut-butter-spread
2026-09-02 13:26 IST,Naturaltein,naturaltein,The Protein Dessert E-Cook Book by Naturaltein,599.0,399.0,33.4,,True,https://naturaltein.in/products/the-protein-dessert-e-cook-book-by-naturaltein
2026-09-02 13:26 IST,Naturaltein,naturaltein,Natural Plant Protein (Chocolate / 1 Box (500 g)),3000.0,1112.0,62.9,222.4,True,https://naturaltein.in/products/plant-protein
2026-09-02 13:26 IST,Naturaltein,naturaltein,Natural Plant Protein (Mango / 1 Box (500 g)),3000.0,1112.0,62.9,222.4,True,https://naturaltein.in/products/plant-protein
2026-09-02 13:26 IST,Naturaltein,naturaltein,Natural Plant Protein (Berry / 1 Box (500 g)),3000.0,1112.0,62.9,222.4,True,https://naturaltein.in/products/plant-protein
2026-09-02 13:26 IST,Naturaltein,naturaltein,Natural Plant Protein (Pista / 1 Box (500 g)),3000.0,1112.0,62.9,222.4,True,https://naturaltein.in/products/plant-protein
2026-09-02 13:26 IST,Naturaltein,naturaltein,Natural Plant Protein (Coffee / 1 Box (500 g)),3000.0,1112.0,62.9,222.4,True,https://naturaltein.in/products/plant-protein
2026-09-02 13:26 IST,Naturaltein,naturaltein,Natural Whey Protein Concentrate (Italian Ice Cream / 1 Box (300 g)),1424.0,1299.0,8.8,433.0,False,https://naturaltein.in/products/whey-protein-concentrate
2026-09-02 13:26 IST,Naturaltein,naturaltein,Natural Whey Protein Concentrate (Chocolate Biscoff / 1 Box (300 g)),1424.0,1399.0,1.8,466.33,False,https://naturaltein.in/products/whey-protein-concentrate
2026-09-02 13:26 IST,Naturaltein,naturaltein,Natural Whey Protein Concentrate (Chocolate Caramel / 1 Box (300 g)),1424.0,1399.0,1.8,466.33,False,https://naturaltein.in/products/whey-protein-concentrate
2026-09-02 13:26 IST,Naturaltein,naturaltein,Natural Whey Protein Concentrate (Chocolate / 1 Box (300 g)),2500.0,1524.0,39.0,508.0,True,https://naturaltein.in/products/whey-protein-concentrate
2026-09-02 13:26 IST,Naturaltein,naturaltein,Natural Whey Protein Concentrate (Unflavoured / 1 Box (300 g)),2500.0,1524.0,39.0,508.0,False,https://naturaltein.in/products/whey-protein-concentrate
2026-09-02 13:26 IST,Naturaltein,naturaltein,Natural Whey Protein Concentrate (Caffe Mocha / 1 Box (300 g)),2500.0,1524.0,39.0,508.0,True,https://naturaltein.in/products/whey-protein-concentrate
2026-09-02 13:26 IST,Naturaltein,naturaltein,Natural Plant Protein (Chocolate / 2 Boxes (1 kg)),6000.0,1600.0,73.3,160.0,True,https://naturaltein.in/products/plant-protein
2026-09-02 13:26 IST,Naturaltein,naturaltein,Natural Plant Protein (Mango / 2 Boxes (1 kg)),6000.0,1600.0,73.3,160.0,True,https://naturaltein.in/products/plant-protein
2026-09-02 13:26 IST,Naturaltein,naturaltein,Natural Plant Protein (Berry / 2 Boxes (1 kg)),6000.0,1600.0,73.3,160.0,True,https://naturaltein.in/products/plant-protein
2026-09-02 13:26 IST,GNC India,GNC India,PP Protein Wafer Bar Mini 20gm (Chocolate / 20 gm),60.0,40.0,33.3,200.0,True,https://gnc.in/products/pp-protein-wafer-bar-mini-20gm
2026-09-02 13:26 IST,GNC India,GNC India,PP Protein Wafer Bar Mini 20gm (Coffee / 20 gm),60.0,40.0,33.3,200.0,True,https://gnc.in/products/pp-protein-wafer-bar-mini-20gm
2026-09-02 13:26 IST,GNC India,GNC India,PP Protein Wafer Bar Mini 20gm (Peanut Butter / 20 gm),60.0,40.0,33.3,200.0,True,https://gnc.in/products/pp-protein-wafer-bar-mini-20gm
2026-09-02 13:26 IST,GNC India,GNC,GNC Protein Wafer Bar (Chocolate) (Pack of 1 / Chocolate),59.0,55.0,6.8,,True,https://gnc.in/products/gnc-protein-wafer-bar-chocolate
2026-09-02 13:26 IST,GNC India,GNC,GNC Protein Wafer Bar (Peanut butter) (Pack of 1 / Peanut Butter),59.0,55.0,6.8,,True,https://gnc.in/products/gnc-protein-wafer-bar-peanut-butter
2026-09-02 13:26 IST,GNC India,GNC,GNC Protein Wafer Bar (Coffee) (Pack of 1 / Coffee),59.0,55.0,6.8,,True,https://gnc.in/products/gnc-protein-wafer-bar-coffee
2026-09-02 13:26 IST,GNC India,GNC,GNC Protein Wafer Bar (40g / Chocolate),60.0,55.0,8.3,137.5,True,https://gnc.in/products/gnc-protein-wafer-bar-upsell
2026-09-02 13:26 IST,GNC India,GNC India,GNC Select Fermented Yeast Protein Isolate (35gm) (35 gm / Chocolate),149.0,65.0,56.4,185.71,True,https://gnc.in/products/gnc-select-fermented-yeast-protein-isolate-35gm
2026-09-02 13:26 IST,GNC India,GNC India,GNC Select Fermented Yeast Protein Isolate (35gm) (35 gm / Coffee),149.0,65.0,56.4,185.71,True,https://gnc.in/products/gnc-select-fermented-yeast-protein-isolate-35gm
2026-09-02 13:26 IST,GNC India,GNC India,GNC Select Fermented Yeast Protein Isolate (35gm) (35 gm / Vanilla),149.0,65.0,56.4,185.71,True,https://gnc.in/products/gnc-select-fermented-yeast-protein-isolate-35gm
2026-09-02 13:26 IST,GNC India,GNC India,GNC Select Fermented Yeast Protein Isolate (35 gm / Chocolate),149.0,69.0,53.7,197.14,True,https://gnc.in/products/gnc-select-fermented-yeast-protein
2026-09-02 13:26 IST,GNC India,GNC India,GNC Select Fermented Yeast Protein Isolate (35 gm / Coffee),149.0,69.0,53.7,197.14,True,https://gnc.in/products/gnc-select-fermented-yeast-protein
2026-09-02 13:26 IST,GNC India,GNC India,GNC Select Fermented Yeast Protein Isolate (35 gm / Vanilla),149.0,69.0,53.7,197.14,True,https://gnc.in/products/gnc-select-fermented-yeast-protein
2026-09-02 13:26 IST,GNC India,GNC Pro Performance,100% Whey Protein Sachets 35gm - Clearance Sale| Expiry - 2025-11-30 (Mawa Kulfi),199.0,70.0,64.8,200.0,False,https://gnc.in/products/100-whey-protein-sachets-35gm
2026-09-02 13:26 IST,GNC India,GNC,GNC Protein Wafer Bar (Pack of 1 / Chocolate),120.0,99.0,17.5,,True,https://gnc.in/products/gnc-protein-wafer-bar
2026-09-03 13:35 IST,Nutrabay,Velbiom,Velbiom Happy Cultures Tastiest Plant Protein,600,499,16.8,346.53,True,https://nutrabay.com/product/velbiom-happy-cultures-tastiest-plant-protein/?pId=7407265
2026-09-03 13:35 IST,Nutrabay,Nutrabay,Nutrabay Pure Pea Protein Isolate,669,599,10.5,119.8,True,https://nutrabay.com/product/nutrabay-pure-100-pea-protein-isolate/?pId=4537768
2026-09-03 13:35 IST,Nutrabay,TruNativ,TruNativ Plant Based Everyday Protein - Protein You Can Cook With!,699,599,14.3,363.03,True,https://nutrabay.com/product/trunativ-plant-based-everyday-protein-protein-you-can-cook-with/?pId=9485223
2026-09-03 13:35 IST,Nutrabay,Nutrabay,Nutrabay Wellness Vegan Plant Protein Powder + Superfoods,1199,699,41.7,139.8,True,https://nutrabay.com/product/nutrabay-wellness-vegan-plant-protein-powder-superfoods/?pId=4698878
2026-09-03 13:35 IST,Nutrabay,Nutrabay,Nutrabay BioAbsorb™ Whey Protein Powder | Clinically Tested 54% Better Protein Absorption | 26g Protein/Scoop | India's 1st Protein with ProDiFi™ for No Bloating | No Added Sugar,859,749,12.8,413.81,True,https://nutrabay.com/product/nutrabay-bioabsorb-whey-protein/?pId=8042444
2026-09-03 13:35 IST,Nutrabay,Nutrabay,Nutrabay Wellness Vegan Plant Protein Powder + Superfoods,1199,799,33.4,159.8,True,https://nutrabay.com/product/nutrabay-wellness-vegan-plant-protein-powder-superfoods/?pId=4698878
2026-09-03 13:35 IST,Nutrabay,Nutrabay,Nutrabay Gold Pea Protein,1049,799,23.8,159.8,True,https://nutrabay.com/product/nutrabay-gold-hydrolyzed-pea-protein/?pId=3302532
2026-09-03 13:35 IST,Nutrabay,Nutrabay,Nutrabay Gold Pea Protein,1049,799,23.8,159.8,True,https://nutrabay.com/product/nutrabay-gold-hydrolyzed-pea-protein/?pId=3302532
2026-09-03 13:35 IST,Nutrabay,Nutrabay,Nutrabay Gold Pea Protein,1049,799,23.8,159.8,True,https://nutrabay.com/product/nutrabay-gold-hydrolyzed-pea-protein/?pId=3302532
2026-09-03 13:35 IST,Nutrabay,Nutrabay,Nutrabay Pure Pea Protein Isolate,1349,849,37.1,84.9,True,https://nutrabay.com/product/nutrabay-pure-100-pea-protein-isolate/?pId=4537768
2026-09-03 13:35 IST,Nutrabay,Optimum Nutrition,Optimum Nutrition (ON) Gold Standard Whey Protein Powder,940,940,0.0,,True,https://nutrabay.com/product/optimum-nutrition-on-100-whey-gold-standard-2/?pId=4471481
2026-09-03 13:35 IST,Nutrabay,Velbiom,Velbiom Happy Cultures Tastiest Plant Protein,1699,949,44.1,187.92,True,https://nutrabay.com/product/velbiom-happy-cultures-tastiest-plant-protein/?pId=7407265
2026-09-03 13:35 IST,Nutrabay,Velbiom,Velbiom Happy Cultures Tastiest Plant Protein,1699,949,44.1,187.92,True,https://nutrabay.com/product/velbiom-happy-cultures-tastiest-plant-protein/?pId=7407265
2026-09-03 13:35 IST,Nutrabay,Velbiom,Velbiom Happy Cultures Tastiest Plant Protein,1699,949,44.1,187.92,True,https://nutrabay.com/product/velbiom-happy-cultures-tastiest-plant-protein/?pId=7407265
2026-09-03 13:35 IST,Nutrabay,Nutrabay,Nutrabay Pure Soy Protein Isolate,1349,999,25.9,99.9,True,https://nutrabay.com/product/nutrabay-pure-100-soy-protein-isolate/?pId=4186049
2026-09-03 13:35 IST,Fast&Up,Fastandup,100% Pure & Natural Moringa Powder,250.0,238.0,4.8,,True,https://in.fastandup.com/products/100-pure-natural-moringa-powder
2026-09-03 13:35 IST,Fast&Up,Fastandup,Plant Protein - Assorted Pack,270.0,243.0,10.0,,True,https://in.fastandup.com/products/fast-up-plant-protein-assorted-pack
2026-09-03 13:35 IST,Fast&Up,Fastandup,Plant Protein - Rich Chocolate - Single Serving Sachet Combo Pack (Rich Chocolate / Pack of 5),450.0,396.0,12.0,,True,https://in.fastandup.com/products/plant-protein-rich-chocolate-single-serving-sachet-combo-pack
2026-09-03 13:35 IST,Fast&Up,Fastandup,Plant Protein - Rich Chocolate - Single Serving Sachet Combo Pack (Rich Chocolate / Pack of 10),900.0,765.0,15.0,,True,https://in.fastandup.com/products/plant-protein-rich-chocolate-single-serving-sachet-combo-pack
2026-09-03 13:35 IST,Fast&Up,Fastandup,Plant Protein - Rich Chocolate - Single Serving Sachet Combo Pack (Rich Chocolate / Pack of 15),1350.0,1107.0,18.0,,True,https://in.fastandup.com/products/plant-protein-rich-chocolate-single-serving-sachet-combo-pack
2026-09-03 13:35 IST,Fast&Up,Fastandup,Plant Protein - Cookies & Cream - 500g,1599.0,1279.0,20.0,255.8,True,https://in.fastandup.com/products/plant-protein-cookies-cream-500g
2026-09-03 13:35 IST,Fast&Up,Fastandup,Plant Protein - Rich Chocolate – 500gms,1599.0,1279.0,20.0,255.8,True,https://in.fastandup.com/products/plant-protein-powder-500gms
2026-09-03 13:35 IST,Fast&Up,Fastandup,Daily Fiber + Plant Protein Rich Chocolate Combo,3715.0,2299.0,38.1,,True,https://in.fastandup.com/products/daily-fiber-plant-protein-rich-chocolate-combo
2026-09-03 13:35 IST,Fast&Up,Fastandup,Plant Protein - Alphonso Mango - 1Kg,3115.0,2336.0,25.0,233.6,True,https://in.fastandup.com/products/plant-protein-alphonso-mango-25-servings
2026-09-03 13:35 IST,Fast&Up,Fastandup,Plant Protein - Kesar Kulfi - 1kg,3115.0,2336.0,25.0,233.6,False,https://in.fastandup.com/products/plant-protein-powder-special-festive-pack
2026-09-03 13:35 IST,Fast&Up,Fastandup,Plant Protein - Cookies & Cream - 1Kg,3115.0,2336.0,25.0,233.6,True,https://in.fastandup.com/products/plant-protein-cookies-cream-1-kg
2026-09-03 13:35 IST,Fast&Up,Fastandup,Plant Protein - Strawberry Blast - 25 Servings,3115.0,2336.0,25.0,,False,https://in.fastandup.com/products/plant-protein-strawberry-25-servings
2026-09-03 13:35 IST,Fast&Up,Fastandup,Plant Protein - Rich Chocolate - 1kg,3115.0,2336.0,25.0,233.6,True,https://in.fastandup.com/products/plant-protein-rich-chocolate-1kg
2026-09-03 13:35 IST,Fast&Up,Fastandup,Plant Protein - Cookies & Cream - 500g Pack of 2,3198.0,2399.0,25.0,479.8,True,https://in.fastandup.com/products/plant-protein-cookies-cream-500g-pack-of-2
2026-09-03 13:35 IST,Fast&Up,Fastandup,Plant Protein Rich Chocolate - 1kg pouch+ Plant Protein Cookies Cream- 1kg Pouch,6230.0,3427.0,45.0,342.7,True,https://in.fastandup.com/products/plant-protein-rich-chocolate-1kg-pouch-plant-protein-cookies-cream-1kg-pouch
2026-09-03 13:35 IST,OZiva,OZiva,Plant Protein + Pro-Digest (Mango),139.0,139.0,0.0,,True,https://oziva.in/products/plant-protein-pro-digest
2026-09-03 13:35 IST,OZiva,OZiva,Pro-Collagen Protein Peptides Caramel | 250g,799.0,433.0,45.8,173.2,True,https://oziva.in/products/pro-collagen-protein-peptides-caramel-250g
2026-09-03 13:35 IST,OZiva,OZiva,"Vegan Collagen, Clinically Proven (Watermelon / Starter Pack-125g)",499.0,459.0,8.0,367.2,True,https://oziva.in/products/plant-based-collagen
2026-09-03 13:35 IST,OZiva,OZiva,Plant Protein + Pro-Digest (Assorted),699.0,699.0,0.0,,True,https://oziva.in/products/plant-protein-pro-digest
2026-09-03 13:35 IST,OZiva,OZiva,Plant Protein + Pro-Digest (Chocolate),699.0,699.0,0.0,,False,https://oziva.in/products/plant-protein-pro-digest
2026-09-03 13:35 IST,OZiva,OZiva,Plant Protein + Pro-Digest (Strawberry),699.0,699.0,0.0,,False,https://oziva.in/products/plant-protein-pro-digest
2026-09-03 13:35 IST,OZiva,OZiva,Plant Protein + Pro-Digest (Vanilla),699.0,699.0,0.0,,False,https://oziva.in/products/plant-protein-pro-digest
2026-09-03 13:35 IST,OZiva,OZiva,Bioactive Plant Protein (Assorted / Starter Pack),699.0,699.0,0.0,,True,https://oziva.in/products/oziva-bioactive-plant-protein-with-25g-vegan-protein-5-5-bcaas-100-rda-vitamins-minerals-ayurvedic-herbs-for-better-endurance-stamina-muscle-recovery-1-kg
2026-09-03 13:35 IST,OZiva,OZiva,Daily Protein Activ for Women (Rich Chocolate / Starter Pack),799.0,749.0,6.3,,True,https://oziva.in/products/daily-protein-activ-for-women-with-clean-whey-protein-multivitamins-tulsi-probiotics-for-improved-everyday-energy-stamina-bone-health-immune-health
2026-09-03 13:35 IST,OZiva,OZiva,Daily Protein Activ for Women (Classic Vanilla / Starter Pack),799.0,749.0,6.3,,False,https://oziva.in/products/daily-protein-activ-for-women-with-clean-whey-protein-multivitamins-tulsi-probiotics-for-improved-everyday-energy-stamina-bone-health-immune-health
2026-09-03 13:35 IST,OZiva,OZiva,"Pro-Collagen Protein Peptides, 250 g (Starter Pack)",849.0,799.0,5.9,319.6,True,https://oziva.in/products/oziva-pro-collagen-protein-peptides-with-clean-protein-green-coffee-hyaluronic-acid-biotin-for-skin-hair-health-muscle-joint-health-protein-breakdown-caramel-250-g
2026-09-03 13:35 IST,OZiva,OZiva,"Vegan Collagen, Clinically Proven (Guava Glow / Starter Pack)",959.0,929.0,3.1,,True,https://oziva.in/products/plant-based-collagen
2026-09-03 13:35 IST,OZiva,OZiva,"Vegan Collagen, Clinically Proven (Classic / Starter Pack)",959.0,929.0,3.1,,True,https://oziva.in/products/plant-based-collagen
2026-09-03 13:35 IST,OZiva,OZiva,"Vegan Collagen, Clinically Proven (Berry Orange / Starter Pack)",959.0,929.0,3.1,,True,https://oziva.in/products/plant-based-collagen
2026-09-03 13:35 IST,OZiva,OZiva,"Vegan Collagen, Clinically Proven (Watermelon / Starter Pack)",959.0,929.0,3.1,,True,https://oziva.in/products/plant-based-collagen
2026-09-03 13:35 IST,Wellbeing Nutrition,Wellbeing Nutrition,Kids Protein Vanilla Free Sachet,79.0,79.0,0.0,,True,https://wellbeingnutrition.com/products/kids-protein-vanilla-free-sachet
2026-09-03 13:35 IST,Wellbeing Nutrition,Wellbeing Nutrition,Kids Protein Chocolate Sachet,79.0,79.0,0.0,,True,https://wellbeingnutrition.com/products/kids-protein-chocolate-sachet
2026-09-03 13:35 IST,Wellbeing Nutrition,Wellbeing Nutrition,Kids Protein Vanilla Sachet,79.0,79.0,0.0,,True,https://wellbeingnutrition.com/products/kids-protein-vanilla-sachet
2026-09-03 13:35 IST,Wellbeing Nutrition,Wellbeing Nutrition,Vegan Protein Dark Chocolate Hazelnut Sachet,150.0,150.0,0.0,,True,https://wellbeingnutrition.com/products/vegan-protein-dark-chocolate-hazelnut-sachet
2026-09-03 13:35 IST,Wellbeing Nutrition,Wellbeing Nutrition,Whey Protein Isolate Dark Chocolate Sachet (Pack of 1),160.0,160.0,0.0,,False,https://wellbeingnutrition.com/products/whey-protein-isolate-dark-chocolate-sachet
2026-09-03 13:35 IST,Wellbeing Nutrition,Wellbeing Nutrition,Whey Protein Isolate + Concentrate Mango Sachets (Pack of 1),1399.0,1399.0,0.0,,False,https://wellbeingnutrition.com/products/whey-protein-isolate-concentrate-mango-sachets
2026-09-03 13:35 IST,Wellbeing Nutrition,Wellbeing Nutrition,Plant Protein 22g | 500g | 3B CFU Probiotics | Dark Chocolate Hazelnut (Pack of 1),1799.0,1619.0,10.0,323.8,True,https://wellbeingnutrition.com/products/vegan-protein-dark-chocolate-hazelnut
2026-09-03 13:35 IST,Wellbeing Nutrition,Wellbeing Nutrition,Plant Protein 22g | 500g | 3B CFU Probiotics | Italian Cafe Mocha (Pack of 1),1799.0,1619.0,10.0,323.8,False,https://wellbeingnutrition.com/products/vegan-protein-italian-cafe-mocha
2026-09-03 13:35 IST,Wellbeing Nutrition,Wellbeing Nutrition,Plant Protein 22g | 500g | 3B CFU Probiotics | Belgian Dark Chocolate (Pack of 1),1799.0,1619.0,10.0,323.8,True,https://wellbeingnutrition.com/products/vegan-protein-belgian-chocolate
2026-09-03 13:35 IST,Wellbeing Nutrition,Wellbeing Nutrition,Plant Protein 22g | 500g | 3B CFU Probiotics | French Vanilla Caramel (Pack of 1),1799.0,1619.0,10.0,323.8,True,https://wellbeingnutrition.com/products/vegan-protein-french-vanilla-caramel
2026-09-03 13:35 IST,Wellbeing Nutrition,Wellbeing Nutrition,Plant Protein 22g | 500g | 3B CFU Probiotics | Canadian Mixed Berry (Pack of 1),1799.0,1619.0,10.0,323.8,True,https://wellbeingnutrition.com/products/vegan-protein-canadian-mixed-berry
2026-09-03 13:35 IST,Wellbeing Nutrition,Wellbeing Nutrition,Her Superfood Plant Protein | Chocolate Peanut Butter (Pack of 1),1799.0,1619.0,10.0,,True,https://wellbeingnutrition.com/products/superfood-plant-protein-powder-for-women
2026-09-03 13:35 IST,Wellbeing Nutrition,Wellbeing Nutrition,Superfood Plant Protein | British Banoffee Pie (Pack of 1),1799.0,1619.0,10.0,,True,https://wellbeingnutrition.com/products/superfood-plant-protein-powder-in-banoffee-pie
2026-09-03 13:35 IST,Wellbeing Nutrition,Wellbeing Nutrition,Whey Protein Isolate + Concentrate Mango Sachets (Pack of 2),2798.0,2798.0,0.0,,False,https://wellbeingnutrition.com/products/whey-protein-isolate-concentrate-mango-sachets
2026-09-03 13:35 IST,Wellbeing Nutrition,Wellbeing Nutrition,Plant Protein 22g | 907g | 3B CFU Probiotics | French Vanilla Caramel (Pack of 1),3399.0,3059.0,10.0,337.27,True,https://wellbeingnutrition.com/products/vegan-protein-french-vanilla-caramel-copy
2026-09-03 13:35 IST,AS-IT-IS Nutrition,AS-IT-IS Nutrition,"AS-IT-IS ONE Brown Rice Protein | 27g Protein per Serving | Plant Protein | Single-Ingredient, Unflavoured (35g)",175.0,115.0,34.3,,True,https://asitisnutrition.com/products/as-it-is-nutrition-brown-rice-protein-80-designed-as-meal-supplement-lab-tested-unflavoured
2026-09-03 13:35 IST,AS-IT-IS Nutrition,AS-IT-IS Nutrition,"AS-IT-IS ONE Pea Protein Isolate | 29g Protein per Serving | Plant Protein | Single-Ingredient, Unflavoured (36g-Sachet)",175.0,115.0,34.3,,False,https://asitisnutrition.com/products/as-it-is-nutrition-pea-protein-isolate-powder
2026-09-03 13:35 IST,AS-IT-IS Nutrition,AS-IT-IS Nutrition,"AS-IT-IS ONE Soy Protein Isolate | 30g Protein per Serving | Plant Protein | Single-Ingredient, Unflavoured (35g)",175.0,115.0,34.3,,True,https://asitisnutrition.com/products/as-it-is-nutrition-buy-soy-protein-isolate-powder-in-india
2026-09-03 13:35 IST,AS-IT-IS Nutrition,AS-IT-IS Nutrition,AS-IT-IS ATOM Beginners Whey Protein | 15g Protein per Serving | With DigeZyme® Enzymes (Choco Hazel Fusion / 37g),203.0,124.0,38.9,,True,https://asitisnutrition.com/products/atom-beginners-whey-protein
2026-09-03 13:35 IST,AS-IT-IS Nutrition,AS-IT-IS Nutrition,"AS-IT-IS ATOM Performance Whey | 25g Protein per Serving | With Safed Musli, Mucuna & DigeZyme® Enzymes (Double Rich Chocolate / 45g)",220.0,133.0,39.5,,False,https://asitisnutrition.com/products/as-it-is-atom-performance-whey-1kg-with-safed-musli-for-faster-recovery-highly-bioavailable
2026-09-03 13:35 IST,AS-IT-IS Nutrition,AS-IT-IS Nutrition,"AS-IT-IS ATOM Performance Whey | 25g Protein per Serving | With Safed Musli, Mucuna & DigeZyme® Enzymes (Pista Fusion / 45g)",2485.0,133.0,94.6,,False,https://asitisnutrition.com/products/as-it-is-atom-performance-whey-1kg-with-safed-musli-for-faster-recovery-highly-bioavailable
2026-09-03 13:35 IST,AS-IT-IS Nutrition,AS-IT-IS Nutrition,"AS-IT-IS ATOM Performance Whey | 25g Protein per Serving | With Safed Musli, Mucuna & DigeZyme® Enzymes (Cafe Latte / 45g)",2485.0,133.0,94.6,,False,https://asitisnutrition.com/products/as-it-is-atom-performance-whey-1kg-with-safed-musli-for-faster-recovery-highly-bioavailable
2026-09-03 13:35 IST,AS-IT-IS Nutrition,AS-IT-IS Nutrition,"AS-IT-IS ATOM Performance Whey | 25g Protein per Serving | With Safed Musli, Mucuna & DigeZyme® Enzymes (Cookie delight / 45g)",2485.0,133.0,94.6,,False,https://asitisnutrition.com/products/as-it-is-atom-performance-whey-1kg-with-safed-musli-for-faster-recovery-highly-bioavailable
2026-09-03 13:35 IST,AS-IT-IS Nutrition,AS-IT-IS Nutrition,"AS-IT-IS ATOM Performance Whey | 25g Protein per Serving | With Safed Musli, Mucuna & DigeZyme® Enzymes (Choco hazel fusion / 45g)",2485.0,133.0,94.6,,False,https://asitisnutrition.com/products/as-it-is-atom-performance-whey-1kg-with-safed-musli-for-faster-recovery-highly-bioavailable
2026-09-03 13:35 IST,AS-IT-IS Nutrition,AS-IT-IS Nutrition,AS-IT-IS ATOM Whey Protein | 27g Protein per Serving | DigeZyme® Enzymes & 1 Billion CFU Probiotics (Double Rich Chocolate / (36g Travel Sachet)),262.0,158.0,39.7,438.89,True,https://asitisnutrition.com/products/atom-whey-protein
2026-09-03 13:35 IST,AS-IT-IS Nutrition,AS-IT-IS Nutrition,AS-IT-IS ONE Whey Protein Concentrate Sachets | 28g Protein per Serving | Unflavoured (35g Sachet (Pack of 1)),305.0,169.0,44.6,563.33,True,https://asitisnutrition.com/products/whey-protein-30g-sachet
2026-09-03 13:35 IST,AS-IT-IS Nutrition,AS-IT-IS Nutrition,"AS-IT-IS ATOM Nitro Whey with Creasure® | 33g Protein, 3g Creatine per Serving | With DigeZyme® Enzymes (Double Rich Chocolate / 45g)",289.0,175.0,39.4,,True,https://asitisnutrition.com/products/atom-nitro-whey-with-creatine-i-33g-protein-3g-creatine-7-4g-bcaa
2026-09-03 13:35 IST,AS-IT-IS Nutrition,AS-IT-IS Nutrition,"AS-IT-IS ATOM Nitro Whey with Creasure® | 33g Protein, 3g Creatine per Serving | With DigeZyme® Enzymes (Kesar Kulfi / 45g)",3407.0,175.0,94.9,,False,https://asitisnutrition.com/products/atom-nitro-whey-with-creatine-i-33g-protein-3g-creatine-7-4g-bcaa
2026-09-03 13:35 IST,AS-IT-IS Nutrition,AS-IT-IS Nutrition,"AS-IT-IS ATOM Nitro Whey with Creasure® | 33g Protein, 3g Creatine per Serving | With DigeZyme® Enzymes (Classic Vanilla / 45g)",3407.0,175.0,94.9,,False,https://asitisnutrition.com/products/atom-nitro-whey-with-creatine-i-33g-protein-3g-creatine-7-4g-bcaa
2026-09-03 13:35 IST,AS-IT-IS Nutrition,AS-IT-IS Nutrition,AS-IT-IS ONE Whey Protein Concentrate Sachets | 28g Protein per Serving | Unflavoured (35g Sachet (Pack of 1) + Shaker),438.0,287.0,34.5,956.67,False,https://asitisnutrition.com/products/whey-protein-30g-sachet
2026-09-03 13:35 IST,MyFitness,MYFITNESS,MyFitness Peanut Butter - Chocolate | 26% Protein | Crispy | Chocolate Peanut Butter Spread (227g),159.0,149.0,6.3,65.64,True,https://myfitness.co.in/products/chocolate-crispy
2026-09-03 13:35 IST,MyFitness,MYFITNESS,"Pro.Fitness High Protein Chocolate Oats | Dark Chocolate | Healthy Oats With Nuts, Seeds & Added Whey (375g)",339.0,219.0,35.4,58.4,True,https://myfitness.co.in/products/high-protein-oats-900g-27g-protein
2026-09-03 13:35 IST,MyFitness,MYFITNESS,Pro.Fitness Rolled Oats | 13% Protein | Healthy Oats With High Fiber and Zero Cholesterol (900g),320.0,269.0,15.9,,True,https://myfitness.co.in/products/pro-fitness-rolled-oats-900g
2026-09-03 13:35 IST,MyFitness,myfitness-official-store,MyFitness Peanut Butter - Classic Zero | 28% Protein | Extra Crunchy | Zero Sugar Peanut Spread (510 g),349.0,275.0,21.2,53.92,True,https://myfitness.co.in/products/myfitness-zero-peanut-butter-crunchy-510g
2026-09-03 13:35 IST,MyFitness,myfitness-official-store,MyFitness Peanut Butter - Chocolate | 26% Protein | Crunchy | Chocolate Peanut Butter Spread (510 g),319.0,275.0,13.8,45.08,True,https://myfitness.co.in/products/myfitness-chocolate-peanut-butter-crunchy
2026-09-03 13:35 IST,MyFitness,myfitness-official-store,MyFitness Peanut Butter - Natural Unsweetened | 31% Protein | Crunchy | Zero Sugar Peanut Butter Spread (510 g),319.0,275.0,13.8,45.08,True,https://myfitness.co.in/products/myfitness-all-natural-peanut-butter-crunchy
2026-09-03 13:35 IST,MyFitness,myfitness-official-store,MyFitness Peanut Butter - Natural Unsweetened | 25% Protein | Smooth | Zero Sugar Peanut Butter Spread (510 g),319.0,275.0,13.8,45.08,True,https://myfitness.co.in/products/myfitness-all-natural-peanut-butter-smooth
2026-09-03 13:35 IST,MyFitness,myfitness-official-store,MyFitness Peanut Butter - Chocolate | 26% Protein | Crispy | Chocolate Peanut Butter Spread (510 g),319.0,275.0,13.8,45.08,True,https://myfitness.co.in/products/myfitness-chocolate-peanut-butter-crispy
2026-09-03 13:35 IST,MyFitness,myfitness-official-store,MyFitness Peanut Butter - Chocolate | 28% Protein | Smooth | Chocolate Peanut Butter Spread (510 g),319.0,275.0,13.8,45.08,True,https://myfitness.co.in/products/myfitness-chocolate-peanut-butter-smooth
2026-09-03 13:35 IST,MyFitness,myfitness-official-store,MyFitness Peanut Butter - Original | 28% Protein | Crunchy | Classic Peanut Butter Spread (510 g),319.0,275.0,13.8,45.08,True,https://myfitness.co.in/products/myfitness-original-peanut-butter-crunchy
2026-09-03 13:35 IST,MyFitness,myfitness-official-store,MyFitness Peanut Butter - Original | 28% Protein | Smooth | Classic Peanut Butter Spread (510 g),319.0,275.0,13.8,45.08,True,https://myfitness.co.in/products/myfitness-original-peanut-butter-smooth
2026-09-03 13:35 IST,MyFitness,MYFITNESS,MyFitness Peanut Butter - Chocolate | 25% Protein | Almond Crunch | Chocolate Peanut Butter Spread (510 g),379.0,279.0,26.4,54.71,True,https://myfitness.co.in/products/myfitness-chocolate-peanut-butter-with-almond-crunch
2026-09-03 13:35 IST,MyFitness,MYFITNESS,MyFitness x Batman | Chocolate Zero Peanut Butter Extra Crunchy | 27% Protein | Zero Added Sugar | High Protein (510 g),369.0,299.0,19.0,58.63,True,https://myfitness.co.in/products/myfitness-zero-chocolate-peanut-butter-crunchy-zero-sugar-extra-crunch-510g-27g-protein-10g-fiber-tasty-healthy-nut-butter-spread-cholesterol-free-zero-trans-fat-crunchy-peanut-butter
2026-09-03 13:35 IST,MyFitness,MYFITNESS,MyFitness Peanut Butter - Dark Chocolate | 30% Protein | Smooth | Rich Chocolate Peanut Butter Spread (510 g),399.0,299.0,25.1,49.02,True,https://myfitness.co.in/products/myfitness-olympia-edition-dark-chocolate-peanut-butter-with-added-whey-smooth
2026-09-03 13:35 IST,MyFitness,MYFITNESS,MyFitness Peanut Butter - Dark Chocolate | 29% Protein | Crispy | Rich Chocolate Peanut Butter Spread (510 g),399.0,319.0,20.1,52.3,True,https://myfitness.co.in/products/myfitness-peanut-butter-dark-chocolate-29-protein-crispy-rich-chocolate-peanut-butter-spread
2026-09-03 13:35 IST,Naturaltein,naturaltein,The Protein Dessert E-Cook Book by Naturaltein,599.0,399.0,33.4,,True,https://naturaltein.in/products/the-protein-dessert-e-cook-book-by-naturaltein
2026-09-03 13:35 IST,Naturaltein,naturaltein,Natural Plant Protein (Chocolate / 1 Box (500 g)),3000.0,1112.0,62.9,222.4,True,https://naturaltein.in/products/plant-protein
2026-09-03 13:35 IST,Naturaltein,naturaltein,Natural Plant Protein (Mango / 1 Box (500 g)),3000.0,1112.0,62.9,222.4,True,https://naturaltein.in/products/plant-protein
2026-09-03 13:35 IST,Naturaltein,naturaltein,Natural Plant Protein (Berry / 1 Box (500 g)),3000.0,1112.0,62.9,222.4,True,https://naturaltein.in/products/plant-protein
2026-09-03 13:35 IST,Naturaltein,naturaltein,Natural Plant Protein (Pista / 1 Box (500 g)),3000.0,1112.0,62.9,222.4,True,https://naturaltein.in/products/plant-protein
2026-09-03 13:35 IST,Naturaltein,naturaltein,Natural Plant Protein (Coffee / 1 Box (500 g)),3000.0,1112.0,62.9,222.4,True,https://naturaltein.in/products/plant-protein
2026-09-03 13:35 IST,Naturaltein,naturaltein,Natural Whey Protein Concentrate (Italian Ice Cream / 1 Box (300 g)),1424.0,1299.0,8.8,433.0,False,https://naturaltein.in/products/whey-protein-concentrate
2026-09-03 13:35 IST,Naturaltein,naturaltein,Natural Whey Protein Concentrate (Chocolate Biscoff / 1 Box (300 g)),1424.0,1399.0,1.8,466.33,False,https://naturaltein.in/products/whey-protein-concentrate
2026-09-03 13:35 IST,Naturaltein,naturaltein,Natural Whey Protein Concentrate (Chocolate Caramel / 1 Box (300 g)),1424.0,1399.0,1.8,466.33,False,https://naturaltein.in/products/whey-protein-concentrate
2026-09-03 13:35 IST,Naturaltein,naturaltein,Natural Whey Protein Concentrate (Chocolate / 1 Box (300 g)),2500.0,1524.0,39.0,508.0,True,https://naturaltein.in/products/whey-protein-concentrate
2026-09-03 13:35 IST,Naturaltein,naturaltein,Natural Whey Protein Concentrate (Unflavoured / 1 Box (300 g)),2500.0,1524.0,39.0,508.0,False,https://naturaltein.in/products/whey-protein-concentrate
2026-09-03 13:35 IST,Naturaltein,naturaltein,Natural Whey Protein Concentrate (Caffe Mocha / 1 Box (300 g)),2500.0,1524.0,39.0,508.0,True,https://naturaltein.in/products/whey-protein-concentrate
2026-09-03 13:35 IST,Naturaltein,naturaltein,Natural Plant Protein (Chocolate / 2 Boxes (1 kg)),6000.0,1600.0,73.3,160.0,True,https://naturaltein.in/products/plant-protein
2026-09-03 13:35 IST,Naturaltein,naturaltein,Natural Plant Protein (Mango / 2 Boxes (1 kg)),6000.0,1600.0,73.3,160.0,True,https://naturaltein.in/products/plant-protein
2026-09-03 13:35 IST,Naturaltein,naturaltein,Natural Plant Protein (Berry / 2 Boxes (1 kg)),6000.0,1600.0,73.3,160.0,True,https://naturaltein.in/products/plant-protein
2026-09-03 13:35 IST,GNC India,GNC India,PP Protein Wafer Bar Mini 20gm (Chocolate / 20 gm),60.0,40.0,33.3,200.0,True,https://gnc.in/products/pp-protein-wafer-bar-mini-20gm
2026-09-03 13:35 IST,GNC India,GNC India,PP Protein Wafer Bar Mini 20gm (Coffee / 20 gm),60.0,40.0,33.3,200.0,True,https://gnc.in/products/pp-protein-wafer-bar-mini-20gm
2026-09-03 13:35 IST,GNC India,GNC India,PP Protein Wafer Bar Mini 20gm (Peanut Butter / 20 gm),60.0,40.0,33.3,200.0,True,https://gnc.in/products/pp-protein-wafer-bar-mini-20gm
2026-09-03 13:35 IST,GNC India,GNC,GNC Protein Wafer Bar (Chocolate) (Pack of 1 / Chocolate),59.0,55.0,6.8,,True,https://gnc.in/products/gnc-protein-wafer-bar-chocolate
2026-09-03 13:35 IST,GNC India,GNC,GNC Protein Wafer Bar (Peanut butter) (Pack of 1 / Peanut Butter),59.0,55.0,6.8,,True,https://gnc.in/products/gnc-protein-wafer-bar-peanut-butter
2026-09-03 13:35 IST,GNC India,GNC,GNC Protein Wafer Bar (Coffee) (Pack of 1 / Coffee),59.0,55.0,6.8,,True,https://gnc.in/products/gnc-protein-wafer-bar-coffee
2026-09-03 13:35 IST,GNC India,GNC,GNC Protein Wafer Bar (40g / Chocolate),60.0,55.0,8.3,137.5,True,https://gnc.in/products/gnc-protein-wafer-bar-upsell
2026-09-03 13:35 IST,GNC India,GNC India,GNC Select Fermented Yeast Protein Isolate (35gm) (35 gm / Chocolate),149.0,65.0,56.4,185.71,True,https://gnc.in/products/gnc-select-fermented-yeast-protein-isolate-35gm
2026-09-03 13:35 IST,GNC India,GNC India,GNC Select Fermented Yeast Protein Isolate (35gm) (35 gm / Coffee),149.0,65.0,56.4,185.71,True,https://gnc.in/products/gnc-select-fermented-yeast-protein-isolate-35gm
2026-09-03 13:35 IST,GNC India,GNC India,GNC Select Fermented Yeast Protein Isolate (35gm) (35 gm / Vanilla),149.0,65.0,56.4,185.71,True,https://gnc.in/products/gnc-select-fermented-yeast-protein-isolate-35gm
2026-09-03 13:35 IST,GNC India,GNC India,GNC Select Fermented Yeast Protein Isolate (35 gm / Chocolate),149.0,69.0,53.7,197.14,True,https://gnc.in/products/gnc-select-fermented-yeast-protein
2026-09-03 13:35 IST,GNC India,GNC India,GNC Select Fermented Yeast Protein Isolate (35 gm / Coffee),149.0,69.0,53.7,197.14,True,https://gnc.in/products/gnc-select-fermented-yeast-protein
2026-09-03 13:35 IST,GNC India,GNC India,GNC Select Fermented Yeast Protein Isolate (35 gm / Vanilla),149.0,69.0,53.7,197.14,True,https://gnc.in/products/gnc-select-fermented-yeast-protein
2026-09-03 13:35 IST,GNC India,GNC Pro Performance,100% Whey Protein Sachets 35gm - Clearance Sale| Expiry - 2025-11-30 (Mawa Kulfi),199.0,70.0,64.8,200.0,False,https://gnc.in/products/100-whey-protein-sachets-35gm
2026-09-03 13:35 IST,GNC India,GNC,GNC Protein Wafer Bar (Pack of 1 / Chocolate),120.0,99.0,17.5,,True,https://gnc.in/products/gnc-protein-wafer-bar
2026-09-04 13:30 IST,Nutrabay,Velbiom,Velbiom Happy Cultures Tastiest Plant Protein,600,499,16.8,346.53,True,https://nutrabay.com/product/velbiom-happy-cultures-tastiest-plant-protein/?pId=7407265
2026-09-04 13:30 IST,Nutrabay,Nutrabay,Nutrabay Pure Pea Protein Isolate,669,599,10.5,119.8,True,https://nutrabay.com/product/nutrabay-pure-100-pea-protein-isolate/?pId=4537768
2026-09-04 13:30 IST,Nutrabay,TruNativ,TruNativ Plant Based Everyday Protein - Protein You Can Cook With!,699,599,14.3,363.03,True,https://nutrabay.com/product/trunativ-plant-based-everyday-protein-protein-you-can-cook-with/?pId=9485223
2026-09-04 13:30 IST,Nutrabay,Nutrabay,Nutrabay BioAbsorb™ Whey Protein Powder | Clinically Tested 54% Better Protein Absorption | 26g Protein/Scoop | India's 1st Protein with ProDiFi™ for No Bloating | No Added Sugar,859,699,18.6,386.19,True,https://nutrabay.com/product/nutrabay-bioabsorb-whey-protein/?pId=8042444
2026-09-04 13:30 IST,Nutrabay,Nutrabay,Nutrabay Wellness Vegan Plant Protein Powder + Superfoods,1199,699,41.7,139.8,True,https://nutrabay.com/product/nutrabay-wellness-vegan-plant-protein-powder-superfoods/?pId=4698878
2026-09-04 13:30 IST,Nutrabay,Nutrabay,Nutrabay Wellness Vegan Plant Protein Powder + Superfoods,1199,799,33.4,159.8,True,https://nutrabay.com/product/nutrabay-wellness-vegan-plant-protein-powder-superfoods/?pId=4698878
2026-09-04 13:30 IST,Nutrabay,Nutrabay,Nutrabay Gold Pea Protein,1049,799,23.8,159.8,True,https://nutrabay.com/product/nutrabay-gold-hydrolyzed-pea-protein/?pId=3302532
2026-09-04 13:30 IST,Nutrabay,Nutrabay,Nutrabay Gold Pea Protein,1049,799,23.8,159.8,True,https://nutrabay.com/product/nutrabay-gold-hydrolyzed-pea-protein/?pId=3302532
2026-09-04 13:30 IST,Nutrabay,Nutrabay,Nutrabay Gold Pea Protein,1049,799,23.8,159.8,True,https://nutrabay.com/product/nutrabay-gold-hydrolyzed-pea-protein/?pId=3302532
2026-09-04 13:30 IST,Nutrabay,Nutrabay,Nutrabay Pure Pea Protein Isolate,1349,849,37.1,84.9,True,https://nutrabay.com/product/nutrabay-pure-100-pea-protein-isolate/?pId=4537768
2026-09-04 13:30 IST,Nutrabay,Velbiom,Velbiom Happy Cultures Tastiest Plant Protein,1699,949,44.1,187.92,True,https://nutrabay.com/product/velbiom-happy-cultures-tastiest-plant-protein/?pId=7407265
2026-09-04 13:30 IST,Nutrabay,Velbiom,Velbiom Happy Cultures Tastiest Plant Protein,1699,949,44.1,187.92,True,https://nutrabay.com/product/velbiom-happy-cultures-tastiest-plant-protein/?pId=7407265
2026-09-04 13:30 IST,Nutrabay,Velbiom,Velbiom Happy Cultures Tastiest Plant Protein,1699,949,44.1,187.92,True,https://nutrabay.com/product/velbiom-happy-cultures-tastiest-plant-protein/?pId=7407265
2026-09-04 13:30 IST,Nutrabay,Nutrabay,Nutrabay Pure Soy Protein Isolate,1349,999,25.9,99.9,True,https://nutrabay.com/product/nutrabay-pure-100-soy-protein-isolate/?pId=4186049
2026-09-04 13:30 IST,Nutrabay,Optimum Nutrition,Optimum Nutrition (ON) Gold Standard Whey Protein Powder,1079,1079,0.0,,True,https://nutrabay.com/product/optimum-nutrition-on-100-whey-gold-standard-2/?pId=4471481
2026-09-04 13:30 IST,Fast&Up,Fastandup,100% Pure & Natural Moringa Powder,250.0,238.0,4.8,,True,https://in.fastandup.com/products/100-pure-natural-moringa-powder
2026-09-04 13:30 IST,Fast&Up,Fastandup,Plant Protein - Assorted Pack,270.0,243.0,10.0,,True,https://in.fastandup.com/products/fast-up-plant-protein-assorted-pack
2026-09-04 13:30 IST,Fast&Up,Fastandup,Plant Protein - Rich Chocolate - Single Serving Sachet Combo Pack (Rich Chocolate / Pack of 5),450.0,396.0,12.0,,True,https://in.fastandup.com/products/plant-protein-rich-chocolate-single-serving-sachet-combo-pack
2026-09-04 13:30 IST,Fast&Up,Fastandup,Plant Protein - Rich Chocolate - Single Serving Sachet Combo Pack (Rich Chocolate / Pack of 10),900.0,765.0,15.0,,True,https://in.fastandup.com/products/plant-protein-rich-chocolate-single-serving-sachet-combo-pack
2026-09-04 13:30 IST,Fast&Up,Fastandup,Plant Protein - Rich Chocolate - Single Serving Sachet Combo Pack (Rich Chocolate / Pack of 15),1350.0,1107.0,18.0,,True,https://in.fastandup.com/products/plant-protein-rich-chocolate-single-serving-sachet-combo-pack
2026-09-04 13:30 IST,Fast&Up,Fastandup,Plant Protein - Cookies & Cream - 500g,1599.0,1199.0,25.0,239.8,True,https://in.fastandup.com/products/plant-protein-cookies-cream-500g
2026-09-04 13:30 IST,Fast&Up,Fastandup,Plant Protein - Rich Chocolate – 500gms,1599.0,1199.0,25.0,239.8,True,https://in.fastandup.com/products/plant-protein-powder-500gms
2026-09-04 13:30 IST,Fast&Up,Fastandup,Plant Protein - Alphonso Mango - 1Kg,3115.0,2181.0,30.0,218.1,True,https://in.fastandup.com/products/plant-protein-alphonso-mango-25-servings
2026-09-04 13:30 IST,Fast&Up,Fastandup,Plant Protein - Kesar Kulfi - 1kg,3115.0,2181.0,30.0,218.1,False,https://in.fastandup.com/products/plant-protein-powder-special-festive-pack
2026-09-04 13:30 IST,Fast&Up,Fastandup,Plant Protein - Cookies & Cream - 1Kg,3115.0,2181.0,30.0,218.1,True,https://in.fastandup.com/products/plant-protein-cookies-cream-1-kg
2026-09-04 13:30 IST,Fast&Up,Fastandup,Plant Protein - Strawberry Blast - 25 Servings,3115.0,2181.0,30.0,,False,https://in.fastandup.com/products/plant-protein-strawberry-25-servings
2026-09-04 13:30 IST,Fast&Up,Fastandup,Plant Protein - Rich Chocolate - 1kg,3115.0,2181.0,30.0,218.1,True,https://in.fastandup.com/products/plant-protein-rich-chocolate-1kg
2026-09-04 13:30 IST,Fast&Up,Fastandup,Plant Protein - Cookies & Cream - 500g Pack of 2,3198.0,2239.0,30.0,447.8,True,https://in.fastandup.com/products/plant-protein-cookies-cream-500g-pack-of-2
2026-09-04 13:30 IST,Fast&Up,Fastandup,Daily Fiber + Plant Protein Rich Chocolate Combo,3715.0,2299.0,38.1,,True,https://in.fastandup.com/products/daily-fiber-plant-protein-rich-chocolate-combo
2026-09-04 13:30 IST,Fast&Up,Fastandup,Plant Protein Rich Chocolate - 1kg pouch+ Plant Protein Cookies Cream- 1kg Pouch,6230.0,3427.0,45.0,342.7,False,https://in.fastandup.com/products/plant-protein-rich-chocolate-1kg-pouch-plant-protein-cookies-cream-1kg-pouch
2026-09-04 13:30 IST,OZiva,OZiva,Plant Protein + Pro-Digest (Mango),139.0,139.0,0.0,,True,https://oziva.in/products/plant-protein-pro-digest
2026-09-04 13:30 IST,OZiva,OZiva,Pro-Collagen Protein Peptides Caramel | 250g,799.0,433.0,45.8,173.2,True,https://oziva.in/products/pro-collagen-protein-peptides-caramel-250g
2026-09-04 13:30 IST,OZiva,OZiva,"Vegan Collagen, Clinically Proven (Watermelon / Starter Pack-125g)",499.0,459.0,8.0,367.2,True,https://oziva.in/products/plant-based-collagen
2026-09-04 13:30 IST,OZiva,OZiva,Plant Protein + Pro-Digest (Assorted),699.0,699.0,0.0,,True,https://oziva.in/products/plant-protein-pro-digest
2026-09-04 13:30 IST,OZiva,OZiva,Plant Protein + Pro-Digest (Chocolate),699.0,699.0,0.0,,False,https://oziva.in/products/plant-protein-pro-digest
2026-09-04 13:30 IST,OZiva,OZiva,Plant Protein + Pro-Digest (Strawberry),699.0,699.0,0.0,,False,https://oziva.in/products/plant-protein-pro-digest
2026-09-04 13:30 IST,OZiva,OZiva,Plant Protein + Pro-Digest (Vanilla),699.0,699.0,0.0,,False,https://oziva.in/products/plant-protein-pro-digest
2026-09-04 13:30 IST,OZiva,OZiva,Plant Protein + Pro-Digest (Assorted / Starter Pack),699.0,699.0,0.0,,True,https://oziva.in/products/oziva-bioactive-plant-protein-with-25g-vegan-protein-5-5-bcaas-100-rda-vitamins-minerals-ayurvedic-herbs-for-better-endurance-stamina-muscle-recovery-1-kg
2026-09-04 13:30 IST,OZiva,OZiva,Daily Protein Activ for Women (Rich Chocolate / Starter Pack),799.0,749.0,6.3,,True,https://oziva.in/products/daily-protein-activ-for-women-with-clean-whey-protein-multivitamins-tulsi-probiotics-for-improved-everyday-energy-stamina-bone-health-immune-health
2026-09-04 13:30 IST,OZiva,OZiva,Daily Protein Activ for Women (Classic Vanilla / Starter Pack),799.0,749.0,6.3,,True,https://oziva.in/products/daily-protein-activ-for-women-with-clean-whey-protein-multivitamins-tulsi-probiotics-for-improved-everyday-energy-stamina-bone-health-immune-health
2026-09-04 13:30 IST,OZiva,OZiva,"Pro-Collagen Protein Peptides, 250 g (Starter Pack)",849.0,799.0,5.9,319.6,True,https://oziva.in/products/oziva-pro-collagen-protein-peptides-with-clean-protein-green-coffee-hyaluronic-acid-biotin-for-skin-hair-health-muscle-joint-health-protein-breakdown-caramel-250-g
2026-09-04 13:30 IST,OZiva,OZiva,"Vegan Collagen, Clinically Proven (Guava Glow / Starter Pack)",959.0,929.0,3.1,,True,https://oziva.in/products/plant-based-collagen
2026-09-04 13:30 IST,OZiva,OZiva,"Vegan Collagen, Clinically Proven (Classic / Starter Pack)",959.0,929.0,3.1,,True,https://oziva.in/products/plant-based-collagen
2026-09-04 13:30 IST,OZiva,OZiva,"Vegan Collagen, Clinically Proven (Berry Orange / Starter Pack)",959.0,929.0,3.1,,True,https://oziva.in/products/plant-based-collagen
2026-09-04 13:30 IST,OZiva,OZiva,"Vegan Collagen, Clinically Proven (Watermelon / Starter Pack)",959.0,929.0,3.1,,True,https://oziva.in/products/plant-based-collagen
2026-09-04 13:30 IST,Wellbeing Nutrition,Wellbeing Nutrition,Kids Protein Vanilla Free Sachet,79.0,79.0,0.0,,True,https://wellbeingnutrition.com/products/kids-protein-vanilla-free-sachet
2026-09-04 13:30 IST,Wellbeing Nutrition,Wellbeing Nutrition,Kids Protein Chocolate Sachet,79.0,79.0,0.0,,True,https://wellbeingnutrition.com/products/kids-protein-chocolate-sachet
2026-09-04 13:30 IST,Wellbeing Nutrition,Wellbeing Nutrition,Kids Protein Vanilla Sachet,79.0,79.0,0.0,,True,https://wellbeingnutrition.com/products/kids-protein-vanilla-sachet
2026-09-04 13:30 IST,Wellbeing Nutrition,Wellbeing Nutrition,Vegan Protein Dark Chocolate Hazelnut Sachet,150.0,150.0,0.0,,True,https://wellbeingnutrition.com/products/vegan-protein-dark-chocolate-hazelnut-sachet
2026-09-04 13:30 IST,Wellbeing Nutrition,Wellbeing Nutrition,Whey Protein Isolate Dark Chocolate Sachet (Pack of 1),160.0,160.0,0.0,,False,https://wellbeingnutrition.com/products/whey-protein-isolate-dark-chocolate-sachet
2026-09-04 13:30 IST,Wellbeing Nutrition,Wellbeing Nutrition,Whey Protein Isolate + Concentrate Mango Sachets (Pack of 1),1399.0,1399.0,0.0,,False,https://wellbeingnutrition.com/products/whey-protein-isolate-concentrate-mango-sachets
2026-09-04 13:30 IST,Wellbeing Nutrition,Wellbeing Nutrition,Plant Protein 22g | 500g | 3B CFU Probiotics | Dark Chocolate Hazelnut (Pack of 1),1799.0,1709.0,5.0,341.8,True,https://wellbeingnutrition.com/products/vegan-protein-dark-chocolate-hazelnut
2026-09-04 13:30 IST,Wellbeing Nutrition,Wellbeing Nutrition,Plant Protein 22g | 500g | 3B CFU Probiotics | Italian Cafe Mocha (Pack of 1),1799.0,1709.0,5.0,341.8,False,https://wellbeingnutrition.com/products/vegan-protein-italian-cafe-mocha
2026-09-04 13:30 IST,Wellbeing Nutrition,Wellbeing Nutrition,Plant Protein 22g | 500g | 3B CFU Probiotics | Belgian Dark Chocolate (Pack of 1),1799.0,1709.0,5.0,341.8,True,https://wellbeingnutrition.com/products/vegan-protein-belgian-chocolate
2026-09-04 13:30 IST,Wellbeing Nutrition,Wellbeing Nutrition,Plant Protein 22g | 500g | 3B CFU Probiotics | French Vanilla Caramel (Pack of 1),1799.0,1709.0,5.0,341.8,True,https://wellbeingnutrition.com/products/vegan-protein-french-vanilla-caramel
2026-09-04 13:30 IST,Wellbeing Nutrition,Wellbeing Nutrition,Plant Protein 22g | 500g | 3B CFU Probiotics | Canadian Mixed Berry (Pack of 1),1799.0,1709.0,5.0,341.8,True,https://wellbeingnutrition.com/products/vegan-protein-canadian-mixed-berry
2026-09-04 13:30 IST,Wellbeing Nutrition,Wellbeing Nutrition,Her Superfood Plant Protein | Chocolate Peanut Butter (Pack of 1),1799.0,1709.0,5.0,,True,https://wellbeingnutrition.com/products/superfood-plant-protein-powder-for-women
2026-09-04 13:30 IST,Wellbeing Nutrition,Wellbeing Nutrition,Superfood Plant Protein | British Banoffee Pie (Pack of 1),1799.0,1709.0,5.0,,True,https://wellbeingnutrition.com/products/superfood-plant-protein-powder-in-banoffee-pie
2026-09-04 13:30 IST,Wellbeing Nutrition,Wellbeing Nutrition,Whey Protein Isolate + Concentrate Mango Sachets (Pack of 2),2798.0,2798.0,0.0,,False,https://wellbeingnutrition.com/products/whey-protein-isolate-concentrate-mango-sachets
2026-09-04 13:30 IST,Wellbeing Nutrition,Wellbeing Nutrition,Plant Protein 22g | 907g | 3B CFU Probiotics | French Vanilla Caramel (Pack of 1),3399.0,3229.0,5.0,356.01,True,https://wellbeingnutrition.com/products/vegan-protein-french-vanilla-caramel-copy
2026-09-04 13:30 IST,AS-IT-IS Nutrition,AS-IT-IS Nutrition,"AS-IT-IS ONE Brown Rice Protein | 27g Protein per Serving | Plant Protein | Single-Ingredient, Unflavoured (35g)",175.0,115.0,34.3,,True,https://asitisnutrition.com/products/as-it-is-nutrition-brown-rice-protein-80-designed-as-meal-supplement-lab-tested-unflavoured
2026-09-04 13:30 IST,AS-IT-IS Nutrition,AS-IT-IS Nutrition,"AS-IT-IS ONE Pea Protein Isolate | 29g Protein per Serving | Plant Protein | Single-Ingredient, Unflavoured (36g-Sachet)",175.0,115.0,34.3,,False,https://asitisnutrition.com/products/as-it-is-nutrition-pea-protein-isolate-powder
2026-09-04 13:30 IST,AS-IT-IS Nutrition,AS-IT-IS Nutrition,"AS-IT-IS ONE Soy Protein Isolate | 30g Protein per Serving | Plant Protein | Single-Ingredient, Unflavoured (35g)",175.0,115.0,34.3,,False,https://asitisnutrition.com/products/as-it-is-nutrition-buy-soy-protein-isolate-powder-in-india
2026-09-04 13:30 IST,AS-IT-IS Nutrition,AS-IT-IS Nutrition,AS-IT-IS ATOM Beginners Whey Protein | 15g Protein per Serving | With DigeZyme® Enzymes (Choco Hazel Fusion / 37g),203.0,124.0,38.9,,True,https://asitisnutrition.com/products/atom-beginners-whey-protein
2026-09-04 13:30 IST,AS-IT-IS Nutrition,AS-IT-IS Nutrition,"AS-IT-IS ATOM Performance Whey | 25g Protein per Serving | With Safed Musli, Mucuna & DigeZyme® Enzymes (Double Rich Chocolate / 45g)",220.0,133.0,39.5,,False,https://asitisnutrition.com/products/as-it-is-atom-performance-whey-1kg-with-safed-musli-for-faster-recovery-highly-bioavailable
2026-09-04 13:30 IST,AS-IT-IS Nutrition,AS-IT-IS Nutrition,"AS-IT-IS ATOM Performance Whey | 25g Protein per Serving | With Safed Musli, Mucuna & DigeZyme® Enzymes (Pista Fusion / 45g)",2485.0,133.0,94.6,,False,https://asitisnutrition.com/products/as-it-is-atom-performance-whey-1kg-with-safed-musli-for-faster-recovery-highly-bioavailable
2026-09-04 13:30 IST,AS-IT-IS Nutrition,AS-IT-IS Nutrition,"AS-IT-IS ATOM Performance Whey | 25g Protein per Serving | With Safed Musli, Mucuna & DigeZyme® Enzymes (Cafe Latte / 45g)",2485.0,133.0,94.6,,False,https://asitisnutrition.com/products/as-it-is-atom-performance-whey-1kg-with-safed-musli-for-faster-recovery-highly-bioavailable
2026-09-04 13:30 IST,AS-IT-IS Nutrition,AS-IT-IS Nutrition,"AS-IT-IS ATOM Performance Whey | 25g Protein per Serving | With Safed Musli, Mucuna & DigeZyme® Enzymes (Cookie delight / 45g)",2485.0,133.0,94.6,,False,https://asitisnutrition.com/products/as-it-is-atom-performance-whey-1kg-with-safed-musli-for-faster-recovery-highly-bioavailable
2026-09-04 13:30 IST,AS-IT-IS Nutrition,AS-IT-IS Nutrition,"AS-IT-IS ATOM Performance Whey | 25g Protein per Serving | With Safed Musli, Mucuna & DigeZyme® Enzymes (Choco hazel fusion / 45g)",2485.0,133.0,94.6,,False,https://asitisnutrition.com/products/as-it-is-atom-performance-whey-1kg-with-safed-musli-for-faster-recovery-highly-bioavailable
2026-09-04 13:30 IST,AS-IT-IS Nutrition,AS-IT-IS Nutrition,AS-IT-IS ATOM Whey Protein | 27g Protein per Serving | DigeZyme® Enzymes & 1 Billion CFU Probiotics (Double Rich Chocolate / (36g Travel Sachet)),262.0,158.0,39.7,438.89,True,https://asitisnutrition.com/products/atom-whey-protein
2026-09-04 13:30 IST,AS-IT-IS Nutrition,AS-IT-IS Nutrition,AS-IT-IS ONE Whey Protein Concentrate Sachets | 28g Protein per Serving | Unflavoured (35g Sachet (Pack of 1)),305.0,169.0,44.6,563.33,True,https://asitisnutrition.com/products/whey-protein-30g-sachet
2026-09-04 13:30 IST,AS-IT-IS Nutrition,AS-IT-IS Nutrition,"AS-IT-IS ATOM Nitro Whey with Creasure® | 33g Protein, 3g Creatine per Serving | With DigeZyme® Enzymes (Double Rich Chocolate / 45g)",289.0,175.0,39.4,,True,https://asitisnutrition.com/products/atom-nitro-whey-with-creatine-i-33g-protein-3g-creatine-7-4g-bcaa
2026-09-04 13:30 IST,AS-IT-IS Nutrition,AS-IT-IS Nutrition,"AS-IT-IS ATOM Nitro Whey with Creasure® | 33g Protein, 3g Creatine per Serving | With DigeZyme® Enzymes (Kesar Kulfi / 45g)",3407.0,175.0,94.9,,False,https://asitisnutrition.com/products/atom-nitro-whey-with-creatine-i-33g-protein-3g-creatine-7-4g-bcaa
2026-09-04 13:30 IST,AS-IT-IS Nutrition,AS-IT-IS Nutrition,"AS-IT-IS ATOM Nitro Whey with Creasure® | 33g Protein, 3g Creatine per Serving | With DigeZyme® Enzymes (Classic Vanilla / 45g)",3407.0,175.0,94.9,,False,https://asitisnutrition.com/products/atom-nitro-whey-with-creatine-i-33g-protein-3g-creatine-7-4g-bcaa
2026-09-04 13:30 IST,AS-IT-IS Nutrition,AS-IT-IS Nutrition,AS-IT-IS ONE Whey Protein Concentrate Sachets | 28g Protein per Serving | Unflavoured (35g Sachet (Pack of 1) + Shaker),438.0,287.0,34.5,956.67,False,https://asitisnutrition.com/products/whey-protein-30g-sachet
2026-09-04 13:30 IST,MyFitness,MYFITNESS,MyFitness Peanut Butter - Chocolate | 26% Protein | Crispy | Chocolate Peanut Butter Spread (227g),159.0,149.0,6.3,65.64,True,https://myfitness.co.in/products/chocolate-crispy
2026-09-04 13:30 IST,MyFitness,MYFITNESS,"Pro.Fitness High Protein Chocolate Oats | Dark Chocolate | Healthy Oats With Nuts, Seeds & Added Whey (375g)",339.0,219.0,35.4,58.4,True,https://myfitness.co.in/products/high-protein-oats-900g-27g-protein
2026-09-04 13:30 IST,MyFitness,MYFITNESS,Pro.Fitness Rolled Oats | 13% Protein | Healthy Oats With High Fiber and Zero Cholesterol (900g),320.0,269.0,15.9,,True,https://myfitness.co.in/products/pro-fitness-rolled-oats-900g
2026-09-04 13:30 IST,MyFitness,myfitness-official-store,MyFitness Peanut Butter - Classic Zero | 28% Protein | Extra Crunchy | Zero Sugar Peanut Spread (510 g),349.0,275.0,21.2,53.92,True,https://myfitness.co.in/products/myfitness-zero-peanut-butter-crunchy-510g
2026-09-04 13:30 IST,MyFitness,myfitness-official-store,MyFitness Peanut Butter - Chocolate | 26% Protein | Crunchy | Chocolate Peanut Butter Spread (510 g),319.0,275.0,13.8,45.08,True,https://myfitness.co.in/products/myfitness-chocolate-peanut-butter-crunchy
2026-09-04 13:30 IST,MyFitness,myfitness-official-store,MyFitness Peanut Butter - Natural Unsweetened | 31% Protein | Crunchy | Zero Sugar Peanut Butter Spread (510 g),319.0,275.0,13.8,45.08,True,https://myfitness.co.in/products/myfitness-all-natural-peanut-butter-crunchy
2026-09-04 13:30 IST,MyFitness,myfitness-official-store,MyFitness Peanut Butter - Natural Unsweetened | 25% Protein | Smooth | Zero Sugar Peanut Butter Spread (510 g),319.0,275.0,13.8,45.08,True,https://myfitness.co.in/products/myfitness-all-natural-peanut-butter-smooth
2026-09-04 13:30 IST,MyFitness,myfitness-official-store,MyFitness Peanut Butter - Chocolate | 26% Protein | Crispy | Chocolate Peanut Butter Spread (510 g),319.0,275.0,13.8,45.08,True,https://myfitness.co.in/products/myfitness-chocolate-peanut-butter-crispy
2026-09-04 13:30 IST,MyFitness,myfitness-official-store,MyFitness Peanut Butter - Chocolate | 28% Protein | Smooth | Chocolate Peanut Butter Spread (510 g),319.0,275.0,13.8,45.08,True,https://myfitness.co.in/products/myfitness-chocolate-peanut-butter-smooth
2026-09-04 13:30 IST,MyFitness,myfitness-official-store,MyFitness Peanut Butter - Original | 28% Protein | Crunchy | Classic Peanut Butter Spread (510 g),319.0,275.0,13.8,45.08,True,https://myfitness.co.in/products/myfitness-original-peanut-butter-crunchy
2026-09-04 13:30 IST,MyFitness,myfitness-official-store,MyFitness Peanut Butter - Original | 28% Protein | Smooth | Classic Peanut Butter Spread (510 g),319.0,275.0,13.8,45.08,True,https://myfitness.co.in/products/myfitness-original-peanut-butter-smooth
2026-09-04 13:30 IST,MyFitness,MYFITNESS,MyFitness Peanut Butter - Chocolate | 25% Protein | Almond Crunch | Chocolate Peanut Butter Spread (510 g),379.0,279.0,26.4,54.71,True,https://myfitness.co.in/products/myfitness-chocolate-peanut-butter-with-almond-crunch
2026-09-04 13:30 IST,MyFitness,MYFITNESS,MyFitness x Batman | Chocolate Zero Peanut Butter Extra Crunchy | 27% Protein | Zero Added Sugar | High Protein (510 g),369.0,299.0,19.0,58.63,True,https://myfitness.co.in/products/myfitness-zero-chocolate-peanut-butter-crunchy-zero-sugar-extra-crunch-510g-27g-protein-10g-fiber-tasty-healthy-nut-butter-spread-cholesterol-free-zero-trans-fat-crunchy-peanut-butter
2026-09-04 13:30 IST,MyFitness,MYFITNESS,MyFitness Peanut Butter - Dark Chocolate | 30% Protein | Smooth | Rich Chocolate Peanut Butter Spread (510 g),399.0,299.0,25.1,49.02,True,https://myfitness.co.in/products/myfitness-olympia-edition-dark-chocolate-peanut-butter-with-added-whey-smooth
2026-09-04 13:30 IST,MyFitness,MYFITNESS,MyFitness Peanut Butter - Dark Chocolate | 29% Protein | Crispy | Rich Chocolate Peanut Butter Spread (510 g),399.0,319.0,20.1,52.3,True,https://myfitness.co.in/products/myfitness-peanut-butter-dark-chocolate-29-protein-crispy-rich-chocolate-peanut-butter-spread
2026-09-04 13:30 IST,Naturaltein,naturaltein,The Protein Dessert E-Cook Book by Naturaltein,599.0,399.0,33.4,,True,https://naturaltein.in/products/the-protein-dessert-e-cook-book-by-naturaltein
2026-09-04 13:30 IST,Naturaltein,naturaltein,Natural Plant Protein (Chocolate / 1 Box (500 g)),3000.0,1112.0,62.9,222.4,True,https://naturaltein.in/products/plant-protein
2026-09-04 13:30 IST,Naturaltein,naturaltein,Natural Plant Protein (Mango / 1 Box (500 g)),3000.0,1112.0,62.9,222.4,True,https://naturaltein.in/products/plant-protein
2026-09-04 13:30 IST,Naturaltein,naturaltein,Natural Plant Protein (Berry / 1 Box (500 g)),3000.0,1112.0,62.9,222.4,True,https://naturaltein.in/products/plant-protein
2026-09-04 13:30 IST,Naturaltein,naturaltein,Natural Plant Protein (Pista / 1 Box (500 g)),3000.0,1112.0,62.9,222.4,True,https://naturaltein.in/products/plant-protein
2026-09-04 13:30 IST,Naturaltein,naturaltein,Natural Plant Protein (Coffee / 1 Box (500 g)),3000.0,1112.0,62.9,222.4,True,https://naturaltein.in/products/plant-protein
2026-09-04 13:30 IST,Naturaltein,naturaltein,Natural Whey Protein Concentrate (Italian Ice Cream / 1 Box (300 g)),1424.0,1299.0,8.8,433.0,False,https://naturaltein.in/products/whey-protein-concentrate
2026-09-04 13:30 IST,Naturaltein,naturaltein,Natural Whey Protein Concentrate (Chocolate Biscoff / 1 Box (300 g)),1424.0,1399.0,1.8,466.33,False,https://naturaltein.in/products/whey-protein-concentrate
2026-09-04 13:30 IST,Naturaltein,naturaltein,Natural Whey Protein Concentrate (Chocolate Caramel / 1 Box (300 g)),1424.0,1399.0,1.8,466.33,False,https://naturaltein.in/products/whey-protein-concentrate
2026-09-04 13:30 IST,Naturaltein,naturaltein,Natural Whey Protein Concentrate (Chocolate / 1 Box (300 g)),2500.0,1524.0,39.0,508.0,True,https://naturaltein.in/products/whey-protein-concentrate
2026-09-04 13:30 IST,Naturaltein,naturaltein,Natural Whey Protein Concentrate (Unflavoured / 1 Box (300 g)),2500.0,1524.0,39.0,508.0,False,https://naturaltein.in/products/whey-protein-concentrate
2026-09-04 13:30 IST,Naturaltein,naturaltein,Natural Whey Protein Concentrate (Caffe Mocha / 1 Box (300 g)),2500.0,1524.0,39.0,508.0,True,https://naturaltein.in/products/whey-protein-concentrate
2026-09-04 13:30 IST,Naturaltein,naturaltein,Natural Plant Protein (Chocolate / 2 Boxes (1 kg)),6000.0,1600.0,73.3,160.0,True,https://naturaltein.in/products/plant-protein
2026-09-04 13:30 IST,Naturaltein,naturaltein,Natural Plant Protein (Mango / 2 Boxes (1 kg)),6000.0,1600.0,73.3,160.0,True,https://naturaltein.in/products/plant-protein
2026-09-04 13:30 IST,Naturaltein,naturaltein,Natural Plant Protein (Berry / 2 Boxes (1 kg)),6000.0,1600.0,73.3,160.0,True,https://naturaltein.in/products/plant-protein
2026-09-04 13:30 IST,GNC India,GNC India,PP Protein Wafer Bar Mini 20gm (Chocolate / 20 gm),60.0,40.0,33.3,200.0,True,https://gnc.in/products/pp-protein-wafer-bar-mini-20gm
2026-09-04 13:30 IST,GNC India,GNC India,PP Protein Wafer Bar Mini 20gm (Coffee / 20 gm),60.0,40.0,33.3,200.0,True,https://gnc.in/products/pp-protein-wafer-bar-mini-20gm
2026-09-04 13:30 IST,GNC India,GNC India,PP Protein Wafer Bar Mini 20gm (Peanut Butter / 20 gm),60.0,40.0,33.3,200.0,True,https://gnc.in/products/pp-protein-wafer-bar-mini-20gm
2026-09-04 13:30 IST,GNC India,GNC,GNC Protein Wafer Bar (Chocolate) (Pack of 1 / Chocolate),59.0,55.0,6.8,,True,https://gnc.in/products/gnc-protein-wafer-bar-chocolate
2026-09-04 13:30 IST,GNC India,GNC,GNC Protein Wafer Bar (Peanut butter) (Pack of 1 / Peanut Butter),59.0,55.0,6.8,,True,https://gnc.in/products/gnc-protein-wafer-bar-peanut-butter
2026-09-04 13:30 IST,GNC India,GNC,GNC Protein Wafer Bar (Coffee) (Pack of 1 / Coffee),59.0,55.0,6.8,,True,https://gnc.in/products/gnc-protein-wafer-bar-coffee
2026-09-04 13:30 IST,GNC India,GNC,GNC Protein Wafer Bar (40g / Chocolate),60.0,55.0,8.3,137.5,True,https://gnc.in/products/gnc-protein-wafer-bar-upsell
2026-09-04 13:30 IST,GNC India,GNC India,GNC Select Fermented Yeast Protein Isolate (35 gm / Chocolate),149.0,59.0,60.4,168.57,True,https://gnc.in/products/gnc-select-fermented-yeast-protein
2026-09-04 13:30 IST,GNC India,GNC India,GNC Select Fermented Yeast Protein Isolate (35 gm / Coffee),149.0,59.0,60.4,168.57,True,https://gnc.in/products/gnc-select-fermented-yeast-protein
2026-09-04 13:30 IST,GNC India,GNC India,GNC Select Fermented Yeast Protein Isolate (35 gm / Vanilla),149.0,59.0,60.4,168.57,True,https://gnc.in/products/gnc-select-fermented-yeast-protein
2026-09-04 13:30 IST,GNC India,GNC India,GNC Select Fermented Yeast Protein Isolate (35gm) (35 gm / Chocolate),149.0,65.0,56.4,185.71,True,https://gnc.in/products/gnc-select-fermented-yeast-protein-isolate-35gm
2026-09-04 13:30 IST,GNC India,GNC India,GNC Select Fermented Yeast Protein Isolate (35gm) (35 gm / Coffee),149.0,65.0,56.4,185.71,True,https://gnc.in/products/gnc-select-fermented-yeast-protein-isolate-35gm
2026-09-04 13:30 IST,GNC India,GNC India,GNC Select Fermented Yeast Protein Isolate (35gm) (35 gm / Vanilla),149.0,65.0,56.4,185.71,True,https://gnc.in/products/gnc-select-fermented-yeast-protein-isolate-35gm
2026-09-04 13:30 IST,GNC India,GNC Pro Performance,100% Whey Protein Sachets 35gm - Clearance Sale| Expiry - 2025-11-30 (Mawa Kulfi),199.0,70.0,64.8,200.0,False,https://gnc.in/products/100-whey-protein-sachets-35gm
2026-09-04 13:30 IST,GNC India,GNC,GNC Protein Wafer Bar (Pack of 1 / Chocolate),120.0,79.0,34.2,,True,https://gnc.in/products/gnc-protein-wafer-bar
2026-09-05 13:12 IST,Nutrabay,Velbiom,Velbiom Happy Cultures Tastiest Plant Protein,600,499,16.8,346.53,True,https://nutrabay.com/product/velbiom-happy-cultures-tastiest-plant-protein/?pId=7407265
2026-09-05 13:12 IST,Nutrabay,Nutrabay,Nutrabay Pure Pea Protein Isolate,669,599,10.5,119.8,True,https://nutrabay.com/product/nutrabay-pure-100-pea-protein-isolate/?pId=4537768
2026-09-05 13:12 IST,Nutrabay,TruNativ,TruNativ Plant Based Everyday Protein - Protein You Can Cook With!,699,599,14.3,363.03,True,https://nutrabay.com/product/trunativ-plant-based-everyday-protein-protein-you-can-cook-with/?pId=9485223
2026-09-05 13:12 IST,Nutrabay,Nutrabay,Nutrabay BioAbsorb™ Whey Protein Powder | Clinically Tested 54% Better Protein Absorption | 26g Protein/Scoop | India's 1st Protein with ProDiFi™ for No Bloating | No Added Sugar,859,699,18.6,386.19,True,https://nutrabay.com/product/nutrabay-bioabsorb-whey-protein/?pId=8042444
2026-09-05 13:12 IST,Nutrabay,Nutrabay,Nutrabay Wellness Vegan Plant Protein Powder + Superfoods,1199,699,41.7,139.8,True,https://nutrabay.com/product/nutrabay-wellness-vegan-plant-protein-powder-superfoods/?pId=4698878
2026-09-05 13:12 IST,Nutrabay,Nutrabay,Nutrabay Wellness Vegan Plant Protein Powder + Superfoods,1199,799,33.4,159.8,True,https://nutrabay.com/product/nutrabay-wellness-vegan-plant-protein-powder-superfoods/?pId=4698878
2026-09-05 13:12 IST,Nutrabay,Nutrabay,Nutrabay Gold Pea Protein,1049,799,23.8,159.8,True,https://nutrabay.com/product/nutrabay-gold-hydrolyzed-pea-protein/?pId=3302532
2026-09-05 13:12 IST,Nutrabay,Nutrabay,Nutrabay Gold Pea Protein,1049,799,23.8,159.8,True,https://nutrabay.com/product/nutrabay-gold-hydrolyzed-pea-protein/?pId=3302532
2026-09-05 13:12 IST,Nutrabay,Nutrabay,Nutrabay Gold Pea Protein,1049,799,23.8,159.8,True,https://nutrabay.com/product/nutrabay-gold-hydrolyzed-pea-protein/?pId=3302532
2026-09-05 13:12 IST,Nutrabay,Nutrabay,Nutrabay Pure Pea Protein Isolate,1349,849,37.1,84.9,True,https://nutrabay.com/product/nutrabay-pure-100-pea-protein-isolate/?pId=4537768
2026-09-05 13:12 IST,Nutrabay,Velbiom,Velbiom Happy Cultures Tastiest Plant Protein,1699,949,44.1,187.92,True,https://nutrabay.com/product/velbiom-happy-cultures-tastiest-plant-protein/?pId=7407265
2026-09-05 13:12 IST,Nutrabay,Velbiom,Velbiom Happy Cultures Tastiest Plant Protein,1699,949,44.1,187.92,True,https://nutrabay.com/product/velbiom-happy-cultures-tastiest-plant-protein/?pId=7407265
2026-09-05 13:12 IST,Nutrabay,Velbiom,Velbiom Happy Cultures Tastiest Plant Protein,1699,949,44.1,187.92,True,https://nutrabay.com/product/velbiom-happy-cultures-tastiest-plant-protein/?pId=7407265
2026-09-05 13:12 IST,Nutrabay,Nutrabay,Nutrabay Pure Soy Protein Isolate,1349,999,25.9,99.9,True,https://nutrabay.com/product/nutrabay-pure-100-soy-protein-isolate/?pId=4186049
2026-09-05 13:12 IST,Nutrabay,Optimum Nutrition,Optimum Nutrition (ON) Gold Standard Whey Protein Powder,1079,1079,0.0,,True,https://nutrabay.com/product/optimum-nutrition-on-100-whey-gold-standard-2/?pId=4471481
2026-09-05 13:12 IST,Fast&Up,Fastandup,100% Pure & Natural Moringa Powder,250.0,238.0,4.8,,True,https://in.fastandup.com/products/100-pure-natural-moringa-powder
2026-09-05 13:12 IST,Fast&Up,Fastandup,Plant Protein - Assorted Pack,270.0,243.0,10.0,,True,https://in.fastandup.com/products/fast-up-plant-protein-assorted-pack
2026-09-05 13:12 IST,Fast&Up,Fastandup,Plant Protein - Rich Chocolate - Single Serving Sachet Combo Pack (Rich Chocolate / Pack of 5),450.0,396.0,12.0,,True,https://in.fastandup.com/products/plant-protein-rich-chocolate-single-serving-sachet-combo-pack
2026-09-05 13:12 IST,Fast&Up,Fastandup,Plant Protein - Rich Chocolate - Single Serving Sachet Combo Pack (Rich Chocolate / Pack of 10),900.0,765.0,15.0,,True,https://in.fastandup.com/products/plant-protein-rich-chocolate-single-serving-sachet-combo-pack
2026-09-05 13:12 IST,Fast&Up,Fastandup,Plant Protein - Rich Chocolate - Single Serving Sachet Combo Pack (Rich Chocolate / Pack of 15),1350.0,1107.0,18.0,,True,https://in.fastandup.com/products/plant-protein-rich-chocolate-single-serving-sachet-combo-pack
2026-09-05 13:12 IST,Fast&Up,Fastandup,Plant Protein - Cookies & Cream - 500g,1599.0,1199.0,25.0,239.8,True,https://in.fastandup.com/products/plant-protein-cookies-cream-500g
2026-09-05 13:12 IST,Fast&Up,Fastandup,Plant Protein - Rich Chocolate – 500gms,1599.0,1199.0,25.0,239.8,True,https://in.fastandup.com/products/plant-protein-powder-500gms
2026-09-05 13:12 IST,Fast&Up,Fastandup,Plant Protein - Alphonso Mango - 1Kg,3115.0,2181.0,30.0,218.1,True,https://in.fastandup.com/products/plant-protein-alphonso-mango-25-servings
2026-09-05 13:12 IST,Fast&Up,Fastandup,Plant Protein - Kesar Kulfi - 1kg,3115.0,2181.0,30.0,218.1,False,https://in.fastandup.com/products/plant-protein-powder-special-festive-pack
2026-09-05 13:12 IST,Fast&Up,Fastandup,Plant Protein - Cookies & Cream - 1Kg,3115.0,2181.0,30.0,218.1,True,https://in.fastandup.com/products/plant-protein-cookies-cream-1-kg
2026-09-05 13:12 IST,Fast&Up,Fastandup,Plant Protein - Strawberry Blast - 25 Servings,3115.0,2181.0,30.0,,False,https://in.fastandup.com/products/plant-protein-strawberry-25-servings
2026-09-05 13:12 IST,Fast&Up,Fastandup,Plant Protein - Rich Chocolate - 1kg,3115.0,2181.0,30.0,218.1,True,https://in.fastandup.com/products/plant-protein-rich-chocolate-1kg
2026-09-05 13:12 IST,Fast&Up,Fastandup,Plant Protein - Cookies & Cream - 500g Pack of 2,3198.0,2239.0,30.0,447.8,True,https://in.fastandup.com/products/plant-protein-cookies-cream-500g-pack-of-2
2026-09-05 13:12 IST,Fast&Up,Fastandup,Daily Fiber + Plant Protein Rich Chocolate Combo,3715.0,2299.0,38.1,,True,https://in.fastandup.com/products/daily-fiber-plant-protein-rich-chocolate-combo
2026-09-05 13:12 IST,Fast&Up,Fastandup,Plant Protein Rich Chocolate - 1kg pouch+ Plant Protein Cookies Cream- 1kg Pouch,6230.0,3427.0,45.0,342.7,False,https://in.fastandup.com/products/plant-protein-rich-chocolate-1kg-pouch-plant-protein-cookies-cream-1kg-pouch
2026-09-05 13:12 IST,OZiva,OZiva,Plant Protein + Pro-Digest (Mango),139.0,139.0,0.0,,True,https://oziva.in/products/plant-protein-pro-digest
2026-09-05 13:12 IST,OZiva,OZiva,Pro-Collagen Protein Peptides Caramel | 250g,799.0,433.0,45.8,173.2,True,https://oziva.in/products/pro-collagen-protein-peptides-caramel-250g
2026-09-05 13:12 IST,OZiva,OZiva,"Vegan Collagen, Clinically Proven (Watermelon / Starter Pack-125g)",499.0,459.0,8.0,367.2,True,https://oziva.in/products/plant-based-collagen
2026-09-05 13:12 IST,OZiva,OZiva,Plant Protein + Pro-Digest (Assorted),699.0,699.0,0.0,,True,https://oziva.in/products/plant-protein-pro-digest
2026-09-05 13:12 IST,OZiva,OZiva,Plant Protein + Pro-Digest (Chocolate),699.0,699.0,0.0,,False,https://oziva.in/products/plant-protein-pro-digest
2026-09-05 13:12 IST,OZiva,OZiva,Plant Protein + Pro-Digest (Strawberry),699.0,699.0,0.0,,False,https://oziva.in/products/plant-protein-pro-digest
2026-09-05 13:12 IST,OZiva,OZiva,Plant Protein + Pro-Digest (Vanilla),699.0,699.0,0.0,,False,https://oziva.in/products/plant-protein-pro-digest
2026-09-05 13:12 IST,OZiva,OZiva,Plant Protein + Pro-Digest (Assorted / Starter Pack),699.0,699.0,0.0,,True,https://oziva.in/products/oziva-bioactive-plant-protein-with-25g-vegan-protein-5-5-bcaas-100-rda-vitamins-minerals-ayurvedic-herbs-for-better-endurance-stamina-muscle-recovery-1-kg
2026-09-05 13:12 IST,OZiva,OZiva,Daily Protein Activ for Women (Rich Chocolate / Starter Pack),799.0,749.0,6.3,,True,https://oziva.in/products/daily-protein-activ-for-women-with-clean-whey-protein-multivitamins-tulsi-probiotics-for-improved-everyday-energy-stamina-bone-health-immune-health
2026-09-05 13:12 IST,OZiva,OZiva,Daily Protein Activ for Women (Classic Vanilla / Starter Pack),799.0,749.0,6.3,,True,https://oziva.in/products/daily-protein-activ-for-women-with-clean-whey-protein-multivitamins-tulsi-probiotics-for-improved-everyday-energy-stamina-bone-health-immune-health
2026-09-05 13:12 IST,OZiva,OZiva,"Pro-Collagen Protein Peptides, 250 g (Starter Pack)",849.0,799.0,5.9,319.6,True,https://oziva.in/products/oziva-pro-collagen-protein-peptides-with-clean-protein-green-coffee-hyaluronic-acid-biotin-for-skin-hair-health-muscle-joint-health-protein-breakdown-caramel-250-g
2026-09-05 13:12 IST,OZiva,OZiva,"Vegan Collagen, Clinically Proven (Guava Glow / Starter Pack)",959.0,929.0,3.1,,True,https://oziva.in/products/plant-based-collagen
2026-09-05 13:12 IST,OZiva,OZiva,"Vegan Collagen, Clinically Proven (Classic / Starter Pack)",959.0,929.0,3.1,,True,https://oziva.in/products/plant-based-collagen
2026-09-05 13:12 IST,OZiva,OZiva,"Vegan Collagen, Clinically Proven (Berry Orange / Starter Pack)",959.0,929.0,3.1,,True,https://oziva.in/products/plant-based-collagen
2026-09-05 13:12 IST,OZiva,OZiva,"Vegan Collagen, Clinically Proven (Watermelon / Starter Pack)",959.0,929.0,3.1,,True,https://oziva.in/products/plant-based-collagen
2026-09-05 13:12 IST,Wellbeing Nutrition,Wellbeing Nutrition,Kids Protein Vanilla Free Sachet,79.0,79.0,0.0,,True,https://wellbeingnutrition.com/products/kids-protein-vanilla-free-sachet
2026-09-05 13:12 IST,Wellbeing Nutrition,Wellbeing Nutrition,Kids Protein Chocolate Sachet,79.0,79.0,0.0,,True,https://wellbeingnutrition.com/products/kids-protein-chocolate-sachet
2026-09-05 13:12 IST,Wellbeing Nutrition,Wellbeing Nutrition,Kids Protein Vanilla Sachet,79.0,79.0,0.0,,True,https://wellbeingnutrition.com/products/kids-protein-vanilla-sachet
2026-09-05 13:12 IST,Wellbeing Nutrition,Wellbeing Nutrition,Vegan Protein Dark Chocolate Hazelnut Sachet,150.0,150.0,0.0,,True,https://wellbeingnutrition.com/products/vegan-protein-dark-chocolate-hazelnut-sachet
2026-09-05 13:12 IST,Wellbeing Nutrition,Wellbeing Nutrition,Whey Protein Isolate Dark Chocolate Sachet (Pack of 1),160.0,160.0,0.0,,False,https://wellbeingnutrition.com/products/whey-protein-isolate-dark-chocolate-sachet
2026-09-05 13:12 IST,Wellbeing Nutrition,Wellbeing Nutrition,Whey Protein Isolate + Concentrate Mango Sachets (Pack of 1),1399.0,1399.0,0.0,,False,https://wellbeingnutrition.com/products/whey-protein-isolate-concentrate-mango-sachets
2026-09-05 13:12 IST,Wellbeing Nutrition,Wellbeing Nutrition,Plant Protein 22g | 500g | 3B CFU Probiotics | Dark Chocolate Hazelnut (Pack of 1),1799.0,1709.0,5.0,341.8,True,https://wellbeingnutrition.com/products/vegan-protein-dark-chocolate-hazelnut
2026-09-05 13:12 IST,Wellbeing Nutrition,Wellbeing Nutrition,Plant Protein 22g | 500g | 3B CFU Probiotics | Italian Cafe Mocha (Pack of 1),1799.0,1709.0,5.0,341.8,False,https://wellbeingnutrition.com/products/vegan-protein-italian-cafe-mocha
2026-09-05 13:12 IST,Wellbeing Nutrition,Wellbeing Nutrition,Plant Protein 22g | 500g | 3B CFU Probiotics | Belgian Dark Chocolate (Pack of 1),1799.0,1709.0,5.0,341.8,True,https://wellbeingnutrition.com/products/vegan-protein-belgian-chocolate
2026-09-05 13:12 IST,Wellbeing Nutrition,Wellbeing Nutrition,Plant Protein 22g | 500g | 3B CFU Probiotics | French Vanilla Caramel (Pack of 1),1799.0,1709.0,5.0,341.8,True,https://wellbeingnutrition.com/products/vegan-protein-french-vanilla-caramel
2026-09-05 13:12 IST,Wellbeing Nutrition,Wellbeing Nutrition,Plant Protein 22g | 500g | 3B CFU Probiotics | Canadian Mixed Berry (Pack of 1),1799.0,1709.0,5.0,341.8,True,https://wellbeingnutrition.com/products/vegan-protein-canadian-mixed-berry
2026-09-05 13:12 IST,Wellbeing Nutrition,Wellbeing Nutrition,Her Superfood Plant Protein | Chocolate Peanut Butter (Pack of 1),1799.0,1709.0,5.0,,True,https://wellbeingnutrition.com/products/superfood-plant-protein-powder-for-women
2026-09-05 13:12 IST,Wellbeing Nutrition,Wellbeing Nutrition,Superfood Plant Protein | British Banoffee Pie (Pack of 1),1799.0,1709.0,5.0,,True,https://wellbeingnutrition.com/products/superfood-plant-protein-powder-in-banoffee-pie
2026-09-05 13:12 IST,Wellbeing Nutrition,Wellbeing Nutrition,Whey Protein Isolate + Concentrate Mango Sachets (Pack of 2),2798.0,2798.0,0.0,,False,https://wellbeingnutrition.com/products/whey-protein-isolate-concentrate-mango-sachets
2026-09-05 13:12 IST,Wellbeing Nutrition,Wellbeing Nutrition,Plant Protein 22g | 907g | 3B CFU Probiotics | French Vanilla Caramel (Pack of 1),3399.0,3229.0,5.0,356.01,True,https://wellbeingnutrition.com/products/vegan-protein-french-vanilla-caramel-copy
2026-09-05 13:12 IST,AS-IT-IS Nutrition,AS-IT-IS Nutrition,"AS-IT-IS ONE Brown Rice Protein | 27g Protein per Serving | Plant Protein | Single-Ingredient, Unflavoured (35g)",175.0,115.0,34.3,,True,https://asitisnutrition.com/products/as-it-is-nutrition-brown-rice-protein-80-designed-as-meal-supplement-lab-tested-unflavoured
2026-09-05 13:12 IST,AS-IT-IS Nutrition,AS-IT-IS Nutrition,"AS-IT-IS ONE Pea Protein Isolate | 29g Protein per Serving | Plant Protein | Single-Ingredient, Unflavoured (36g-Sachet)",175.0,115.0,34.3,,False,https://asitisnutrition.com/products/as-it-is-nutrition-pea-protein-isolate-powder
2026-09-05 13:12 IST,AS-IT-IS Nutrition,AS-IT-IS Nutrition,"AS-IT-IS ONE Soy Protein Isolate | 30g Protein per Serving | Plant Protein | Single-Ingredient, Unflavoured (35g)",175.0,115.0,34.3,,False,https://asitisnutrition.com/products/as-it-is-nutrition-buy-soy-protein-isolate-powder-in-india
2026-09-05 13:12 IST,AS-IT-IS Nutrition,AS-IT-IS Nutrition,AS-IT-IS ATOM Beginners Whey Protein | 15g Protein per Serving | With DigeZyme® Enzymes (Choco Hazel Fusion / 37g),203.0,124.0,38.9,,True,https://asitisnutrition.com/products/atom-beginners-whey-protein
2026-09-05 13:12 IST,AS-IT-IS Nutrition,AS-IT-IS Nutrition,"AS-IT-IS ATOM Performance Whey | 25g Protein per Serving | With Safed Musli, Mucuna & DigeZyme® Enzymes (Double Rich Chocolate / 45g)",220.0,133.0,39.5,,False,https://asitisnutrition.com/products/as-it-is-atom-performance-whey-1kg-with-safed-musli-for-faster-recovery-highly-bioavailable
2026-09-05 13:12 IST,AS-IT-IS Nutrition,AS-IT-IS Nutrition,"AS-IT-IS ATOM Performance Whey | 25g Protein per Serving | With Safed Musli, Mucuna & DigeZyme® Enzymes (Pista Fusion / 45g)",2485.0,133.0,94.6,,False,https://asitisnutrition.com/products/as-it-is-atom-performance-whey-1kg-with-safed-musli-for-faster-recovery-highly-bioavailable
2026-09-05 13:12 IST,AS-IT-IS Nutrition,AS-IT-IS Nutrition,"AS-IT-IS ATOM Performance Whey | 25g Protein per Serving | With Safed Musli, Mucuna & DigeZyme® Enzymes (Cafe Latte / 45g)",2485.0,133.0,94.6,,False,https://asitisnutrition.com/products/as-it-is-atom-performance-whey-1kg-with-safed-musli-for-faster-recovery-highly-bioavailable
2026-09-05 13:12 IST,AS-IT-IS Nutrition,AS-IT-IS Nutrition,"AS-IT-IS ATOM Performance Whey | 25g Protein per Serving | With Safed Musli, Mucuna & DigeZyme® Enzymes (Cookie delight / 45g)",2485.0,133.0,94.6,,False,https://asitisnutrition.com/products/as-it-is-atom-performance-whey-1kg-with-safed-musli-for-faster-recovery-highly-bioavailable
2026-09-05 13:12 IST,AS-IT-IS Nutrition,AS-IT-IS Nutrition,"AS-IT-IS ATOM Performance Whey | 25g Protein per Serving | With Safed Musli, Mucuna & DigeZyme® Enzymes (Choco hazel fusion / 45g)",2485.0,133.0,94.6,,False,https://asitisnutrition.com/products/as-it-is-atom-performance-whey-1kg-with-safed-musli-for-faster-recovery-highly-bioavailable
2026-09-05 13:12 IST,AS-IT-IS Nutrition,AS-IT-IS Nutrition,AS-IT-IS ATOM Whey Protein | 27g Protein per Serving | DigeZyme® Enzymes & 1 Billion CFU Probiotics (Double Rich Chocolate / (36g Travel Sachet)),262.0,158.0,39.7,438.89,True,https://asitisnutrition.com/products/atom-whey-protein
2026-09-05 13:12 IST,AS-IT-IS Nutrition,AS-IT-IS Nutrition,AS-IT-IS ONE Whey Protein Concentrate Sachets | 28g Protein per Serving | Unflavoured (35g Sachet (Pack of 1)),305.0,169.0,44.6,563.33,True,https://asitisnutrition.com/products/whey-protein-30g-sachet
2026-09-05 13:12 IST,AS-IT-IS Nutrition,AS-IT-IS Nutrition,"AS-IT-IS ATOM Nitro Whey with Creasure® | 33g Protein, 3g Creatine per Serving | With DigeZyme® Enzymes (Double Rich Chocolate / 45g)",289.0,175.0,39.4,,True,https://asitisnutrition.com/products/atom-nitro-whey-with-creatine-i-33g-protein-3g-creatine-7-4g-bcaa
2026-09-05 13:12 IST,AS-IT-IS Nutrition,AS-IT-IS Nutrition,"AS-IT-IS ATOM Nitro Whey with Creasure® | 33g Protein, 3g Creatine per Serving | With DigeZyme® Enzymes (Kesar Kulfi / 45g)",3407.0,175.0,94.9,,False,https://asitisnutrition.com/products/atom-nitro-whey-with-creatine-i-33g-protein-3g-creatine-7-4g-bcaa
2026-09-05 13:12 IST,AS-IT-IS Nutrition,AS-IT-IS Nutrition,"AS-IT-IS ATOM Nitro Whey with Creasure® | 33g Protein, 3g Creatine per Serving | With DigeZyme® Enzymes (Classic Vanilla / 45g)",3407.0,175.0,94.9,,False,https://asitisnutrition.com/products/atom-nitro-whey-with-creatine-i-33g-protein-3g-creatine-7-4g-bcaa
2026-09-05 13:12 IST,AS-IT-IS Nutrition,AS-IT-IS Nutrition,AS-IT-IS ONE Whey Protein Concentrate Sachets | 28g Protein per Serving | Unflavoured (35g Sachet (Pack of 1) + Shaker),438.0,287.0,34.5,956.67,False,https://asitisnutrition.com/products/whey-protein-30g-sachet
2026-09-05 13:12 IST,MyFitness,MYFITNESS,MyFitness Peanut Butter - Chocolate | 26% Protein | Crispy | Chocolate Peanut Butter Spread (227g),159.0,149.0,6.3,65.64,True,https://myfitness.co.in/products/chocolate-crispy
2026-09-05 13:12 IST,MyFitness,MYFITNESS,"Pro.Fitness High Protein Chocolate Oats | Dark Chocolate | Healthy Oats With Nuts, Seeds & Added Whey (375g)",339.0,219.0,35.4,58.4,True,https://myfitness.co.in/products/high-protein-oats-900g-27g-protein
2026-09-05 13:12 IST,MyFitness,MYFITNESS,Pro.Fitness Rolled Oats | 13% Protein | Healthy Oats With High Fiber and Zero Cholesterol (900g),320.0,269.0,15.9,,False,https://myfitness.co.in/products/pro-fitness-rolled-oats-900g
2026-09-05 13:12 IST,MyFitness,myfitness-official-store,MyFitness Peanut Butter - Classic Zero | 28% Protein | Extra Crunchy | Zero Sugar Peanut Spread (510 g),349.0,275.0,21.2,53.92,True,https://myfitness.co.in/products/myfitness-zero-peanut-butter-crunchy-510g
2026-09-05 13:12 IST,MyFitness,myfitness-official-store,MyFitness Peanut Butter - Chocolate | 26% Protein | Crunchy | Chocolate Peanut Butter Spread (510 g),319.0,275.0,13.8,45.08,True,https://myfitness.co.in/products/myfitness-chocolate-peanut-butter-crunchy
2026-09-05 13:12 IST,MyFitness,myfitness-official-store,MyFitness Peanut Butter - Natural Unsweetened | 31% Protein | Crunchy | Zero Sugar Peanut Butter Spread (510 g),319.0,275.0,13.8,45.08,True,https://myfitness.co.in/products/myfitness-all-natural-peanut-butter-crunchy
2026-09-05 13:12 IST,MyFitness,myfitness-official-store,MyFitness Peanut Butter - Natural Unsweetened | 25% Protein | Smooth | Zero Sugar Peanut Butter Spread (510 g),319.0,275.0,13.8,45.08,True,https://myfitness.co.in/products/myfitness-all-natural-peanut-butter-smooth
2026-09-05 13:12 IST,MyFitness,myfitness-official-store,MyFitness Peanut Butter - Chocolate | 26% Protein | Crispy | Chocolate Peanut Butter Spread (510 g),319.0,275.0,13.8,45.08,True,https://myfitness.co.in/products/myfitness-chocolate-peanut-butter-crispy
2026-09-05 13:12 IST,MyFitness,myfitness-official-store,MyFitness Peanut Butter - Chocolate | 28% Protein | Smooth | Chocolate Peanut Butter Spread (510 g),319.0,275.0,13.8,45.08,True,https://myfitness.co.in/products/myfitness-chocolate-peanut-butter-smooth
2026-09-05 13:12 IST,MyFitness,myfitness-official-store,MyFitness Peanut Butter - Original | 28% Protein | Crunchy | Classic Peanut Butter Spread (510 g),319.0,275.0,13.8,45.08,True,https://myfitness.co.in/products/myfitness-original-peanut-butter-crunchy
2026-09-05 13:12 IST,MyFitness,myfitness-official-store,MyFitness Peanut Butter - Original | 28% Protein | Smooth | Classic Peanut Butter Spread (510 g),319.0,275.0,13.8,45.08,True,https://myfitness.co.in/products/myfitness-original-peanut-butter-smooth
2026-09-05 13:12 IST,MyFitness,MYFITNESS,MyFitness Peanut Butter - Chocolate | 25% Protein | Almond Crunch | Chocolate Peanut Butter Spread (510 g),379.0,279.0,26.4,54.71,True,https://myfitness.co.in/products/myfitness-chocolate-peanut-butter-with-almond-crunch
2026-09-05 13:12 IST,MyFitness,MYFITNESS,MyFitness x Batman | Chocolate Zero Peanut Butter Extra Crunchy | 27% Protein | Zero Added Sugar | High Protein (510 g),369.0,299.0,19.0,58.63,True,https://myfitness.co.in/products/myfitness-zero-chocolate-peanut-butter-crunchy-zero-sugar-extra-crunch-510g-27g-protein-10g-fiber-tasty-healthy-nut-butter-spread-cholesterol-free-zero-trans-fat-crunchy-peanut-butter
2026-09-05 13:12 IST,MyFitness,MYFITNESS,MyFitness Peanut Butter - Dark Chocolate | 30% Protein | Smooth | Rich Chocolate Peanut Butter Spread (510 g),399.0,299.0,25.1,49.02,True,https://myfitness.co.in/products/myfitness-olympia-edition-dark-chocolate-peanut-butter-with-added-whey-smooth
2026-09-05 13:12 IST,MyFitness,MYFITNESS,MyFitness Peanut Butter - Dark Chocolate | 29% Protein | Crispy | Rich Chocolate Peanut Butter Spread (510 g),399.0,319.0,20.1,52.3,True,https://myfitness.co.in/products/myfitness-peanut-butter-dark-chocolate-29-protein-crispy-rich-chocolate-peanut-butter-spread
2026-09-05 13:12 IST,Naturaltein,naturaltein,The Protein Dessert E-Cook Book by Naturaltein,599.0,399.0,33.4,,True,https://naturaltein.in/products/the-protein-dessert-e-cook-book-by-naturaltein
2026-09-05 13:12 IST,Naturaltein,naturaltein,Natural Plant Protein (Chocolate / 1 Box (500 g)),3000.0,1112.0,62.9,222.4,True,https://naturaltein.in/products/plant-protein
2026-09-05 13:12 IST,Naturaltein,naturaltein,Natural Plant Protein (Mango / 1 Box (500 g)),3000.0,1112.0,62.9,222.4,True,https://naturaltein.in/products/plant-protein
2026-09-05 13:12 IST,Naturaltein,naturaltein,Natural Plant Protein (Berry / 1 Box (500 g)),3000.0,1112.0,62.9,222.4,True,https://naturaltein.in/products/plant-protein
2026-09-05 13:12 IST,Naturaltein,naturaltein,Natural Plant Protein (Pista / 1 Box (500 g)),3000.0,1112.0,62.9,222.4,True,https://naturaltein.in/products/plant-protein
2026-09-05 13:12 IST,Naturaltein,naturaltein,Natural Plant Protein (Coffee / 1 Box (500 g)),3000.0,1112.0,62.9,222.4,True,https://naturaltein.in/products/plant-protein
2026-09-05 13:12 IST,Naturaltein,naturaltein,Natural Whey Protein Concentrate (Italian Ice Cream / 1 Box (300 g)),1424.0,1299.0,8.8,433.0,False,https://naturaltein.in/products/whey-protein-concentrate
2026-09-05 13:12 IST,Naturaltein,naturaltein,Natural Whey Protein Concentrate (Chocolate Biscoff / 1 Box (300 g)),1424.0,1399.0,1.8,466.33,False,https://naturaltein.in/products/whey-protein-concentrate
2026-09-05 13:12 IST,Naturaltein,naturaltein,Natural Whey Protein Concentrate (Chocolate Caramel / 1 Box (300 g)),1424.0,1399.0,1.8,466.33,False,https://naturaltein.in/products/whey-protein-concentrate
2026-09-05 13:12 IST,Naturaltein,naturaltein,Natural Whey Protein Concentrate (Chocolate / 1 Box (300 g)),2500.0,1524.0,39.0,508.0,True,https://naturaltein.in/products/whey-protein-concentrate
2026-09-05 13:12 IST,Naturaltein,naturaltein,Natural Whey Protein Concentrate (Unflavoured / 1 Box (300 g)),2500.0,1524.0,39.0,508.0,False,https://naturaltein.in/products/whey-protein-concentrate
2026-09-05 13:12 IST,Naturaltein,naturaltein,Natural Whey Protein Concentrate (Caffe Mocha / 1 Box (300 g)),2500.0,1524.0,39.0,508.0,True,https://naturaltein.in/products/whey-protein-concentrate
2026-09-05 13:12 IST,Naturaltein,naturaltein,Natural Plant Protein (Chocolate / 2 Boxes (1 kg)),6000.0,1600.0,73.3,160.0,True,https://naturaltein.in/products/plant-protein
2026-09-05 13:12 IST,Naturaltein,naturaltein,Natural Plant Protein (Mango / 2 Boxes (1 kg)),6000.0,1600.0,73.3,160.0,True,https://naturaltein.in/products/plant-protein
2026-09-05 13:12 IST,Naturaltein,naturaltein,Natural Plant Protein (Berry / 2 Boxes (1 kg)),6000.0,1600.0,73.3,160.0,True,https://naturaltein.in/products/plant-protein
2026-09-05 13:12 IST,GNC India,GNC India,PP Protein Wafer Bar Mini 20gm (Chocolate / 20 gm),60.0,40.0,33.3,200.0,True,https://gnc.in/products/pp-protein-wafer-bar-mini-20gm
2026-09-05 13:12 IST,GNC India,GNC India,PP Protein Wafer Bar Mini 20gm (Coffee / 20 gm),60.0,40.0,33.3,200.0,True,https://gnc.in/products/pp-protein-wafer-bar-mini-20gm
2026-09-05 13:12 IST,GNC India,GNC India,PP Protein Wafer Bar Mini 20gm (Peanut Butter / 20 gm),60.0,40.0,33.3,200.0,True,https://gnc.in/products/pp-protein-wafer-bar-mini-20gm
2026-09-05 13:12 IST,GNC India,GNC,GNC Protein Wafer Bar (Chocolate) (Pack of 1 / Chocolate),59.0,55.0,6.8,,True,https://gnc.in/products/gnc-protein-wafer-bar-chocolate
2026-09-05 13:12 IST,GNC India,GNC,GNC Protein Wafer Bar (Peanut butter) (Pack of 1 / Peanut Butter),59.0,55.0,6.8,,True,https://gnc.in/products/gnc-protein-wafer-bar-peanut-butter
2026-09-05 13:12 IST,GNC India,GNC,GNC Protein Wafer Bar (Coffee) (Pack of 1 / Coffee),59.0,55.0,6.8,,True,https://gnc.in/products/gnc-protein-wafer-bar-coffee
2026-09-05 13:12 IST,GNC India,GNC,GNC Protein Wafer Bar (40g / Chocolate),60.0,55.0,8.3,137.5,True,https://gnc.in/products/gnc-protein-wafer-bar-upsell
2026-09-05 13:12 IST,GNC India,GNC India,GNC Select Fermented Yeast Protein Isolate (35 gm / Chocolate),149.0,59.0,60.4,168.57,True,https://gnc.in/products/gnc-select-fermented-yeast-protein
2026-09-05 13:12 IST,GNC India,GNC India,GNC Select Fermented Yeast Protein Isolate (35 gm / Coffee),149.0,59.0,60.4,168.57,True,https://gnc.in/products/gnc-select-fermented-yeast-protein
2026-09-05 13:12 IST,GNC India,GNC India,GNC Select Fermented Yeast Protein Isolate (35 gm / Vanilla),149.0,59.0,60.4,168.57,True,https://gnc.in/products/gnc-select-fermented-yeast-protein
2026-09-05 13:12 IST,GNC India,GNC India,GNC Select Fermented Yeast Protein Isolate (35gm) (35 gm / Chocolate),149.0,65.0,56.4,185.71,True,https://gnc.in/products/gnc-select-fermented-yeast-protein-isolate-35gm
2026-09-05 13:12 IST,GNC India,GNC India,GNC Select Fermented Yeast Protein Isolate (35gm) (35 gm / Coffee),149.0,65.0,56.4,185.71,True,https://gnc.in/products/gnc-select-fermented-yeast-protein-isolate-35gm
2026-09-05 13:12 IST,GNC India,GNC India,GNC Select Fermented Yeast Protein Isolate (35gm) (35 gm / Vanilla),149.0,65.0,56.4,185.71,True,https://gnc.in/products/gnc-select-fermented-yeast-protein-isolate-35gm
2026-09-05 13:12 IST,GNC India,GNC Pro Performance,100% Whey Protein Sachets 35gm - Clearance Sale| Expiry - 2025-11-30 (Mawa Kulfi),199.0,70.0,64.8,200.0,False,https://gnc.in/products/100-whey-protein-sachets-35gm
2026-09-05 13:12 IST,GNC India,GNC,GNC Protein Wafer Bar (Pack of 1 / Chocolate),120.0,79.0,34.2,,True,https://gnc.in/products/gnc-protein-wafer-bar
2026-09-06 13:26 IST,Nutrabay,Nutrabay,Nutrabay Gold Pea Protein,69,69,0.0,172.5,True,https://nutrabay.com/product/nutrabay-gold-hydrolyzed-pea-protein/?pId=3302532
2026-09-06 13:26 IST,Nutrabay,Nutrabay,Nutrabay Gold Pea Protein,69,69,0.0,172.5,True,https://nutrabay.com/product/nutrabay-gold-hydrolyzed-pea-protein/?pId=3302532
2026-09-06 13:26 IST,Nutrabay,Velbiom,Velbiom Happy Cultures Tastiest Plant Protein,600,499,16.8,346.53,True,https://nutrabay.com/product/velbiom-happy-cultures-tastiest-plant-protein/?pId=7407265
2026-09-06 13:26 IST,Nutrabay,Nutrabay,Nutrabay Pure Pea Protein Isolate,669,599,10.5,119.8,True,https://nutrabay.com/product/nutrabay-pure-100-pea-protein-isolate/?pId=4537768
2026-09-06 13:26 IST,Nutrabay,TruNativ,TruNativ Plant Based Everyday Protein - Protein You Can Cook With!,699,599,14.3,363.03,True,https://nutrabay.com/product/trunativ-plant-based-everyday-protein-protein-you-can-cook-with/?pId=9485223
2026-09-06 13:26 IST,Nutrabay,Nutrabay,Nutrabay BioAbsorb™ Whey Protein Powder | Clinically Tested 54% Better Protein Absorption | 26g Protein/Scoop | India's 1st Protein with ProDiFi™ for No Bloating | No Added Sugar,859,699,18.6,386.19,True,https://nutrabay.com/product/nutrabay-bioabsorb-whey-protein/?pId=8042444
2026-09-06 13:26 IST,Nutrabay,Nutrabay,Nutrabay Wellness Vegan Plant Protein Powder + Superfoods,1199,699,41.7,139.8,True,https://nutrabay.com/product/nutrabay-wellness-vegan-plant-protein-powder-superfoods/?pId=4698878
2026-09-06 13:26 IST,Nutrabay,Nutrabay,Nutrabay Wellness Vegan Plant Protein Powder + Superfoods,1199,799,33.4,159.8,True,https://nutrabay.com/product/nutrabay-wellness-vegan-plant-protein-powder-superfoods/?pId=4698878
2026-09-06 13:26 IST,Nutrabay,Nutrabay,Nutrabay Gold Pea Protein,1049,799,23.8,159.8,True,https://nutrabay.com/product/nutrabay-gold-hydrolyzed-pea-protein/?pId=3302532
2026-09-06 13:26 IST,Nutrabay,Nutrabay,Nutrabay Gold Pea Protein,1049,799,23.8,159.8,True,https://nutrabay.com/product/nutrabay-gold-hydrolyzed-pea-protein/?pId=3302532
2026-09-06 13:26 IST,Nutrabay,Nutrabay,Nutrabay Gold Pea Protein,1049,799,23.8,159.8,True,https://nutrabay.com/product/nutrabay-gold-hydrolyzed-pea-protein/?pId=3302532
2026-09-06 13:26 IST,Nutrabay,Nutrabay,Nutrabay Pure Pea Protein Isolate,1349,849,37.1,84.9,True,https://nutrabay.com/product/nutrabay-pure-100-pea-protein-isolate/?pId=4537768
2026-09-06 13:26 IST,Nutrabay,Velbiom,Velbiom Happy Cultures Tastiest Plant Protein,1699,949,44.1,187.92,True,https://nutrabay.com/product/velbiom-happy-cultures-tastiest-plant-protein/?pId=7407265
2026-09-06 13:26 IST,Nutrabay,Velbiom,Velbiom Happy Cultures Tastiest Plant Protein,1699,949,44.1,187.92,True,https://nutrabay.com/product/velbiom-happy-cultures-tastiest-plant-protein/?pId=7407265
2026-09-06 13:26 IST,Nutrabay,Velbiom,Velbiom Happy Cultures Tastiest Plant Protein,1699,949,44.1,187.92,True,https://nutrabay.com/product/velbiom-happy-cultures-tastiest-plant-protein/?pId=7407265
2026-09-06 13:26 IST,Fast&Up,Fastandup,100% Pure & Natural Moringa Powder,250.0,238.0,4.8,,True,https://in.fastandup.com/products/100-pure-natural-moringa-powder
2026-09-06 13:26 IST,Fast&Up,Fastandup,Plant Protein - Assorted Pack,270.0,243.0,10.0,,True,https://in.fastandup.com/products/fast-up-plant-protein-assorted-pack
2026-09-06 13:26 IST,Fast&Up,Fastandup,Plant Protein - Rich Chocolate - Single Serving Sachet Combo Pack (Rich Chocolate / Pack of 5),450.0,396.0,12.0,,True,https://in.fastandup.com/products/plant-protein-rich-chocolate-single-serving-sachet-combo-pack
2026-09-06 13:26 IST,Fast&Up,Fastandup,Plant Protein - Rich Chocolate - Single Serving Sachet Combo Pack (Rich Chocolate / Pack of 10),900.0,765.0,15.0,,True,https://in.fastandup.com/products/plant-protein-rich-chocolate-single-serving-sachet-combo-pack
2026-09-06 13:26 IST,Fast&Up,Fastandup,Plant Protein - Rich Chocolate - Single Serving Sachet Combo Pack (Rich Chocolate / Pack of 15),1350.0,1107.0,18.0,,True,https://in.fastandup.com/products/plant-protein-rich-chocolate-single-serving-sachet-combo-pack
2026-09-06 13:26 IST,Fast&Up,Fastandup,Plant Protein - Cookies & Cream - 500g,1599.0,1199.0,25.0,239.8,True,https://in.fastandup.com/products/plant-protein-cookies-cream-500g
2026-09-06 13:26 IST,Fast&Up,Fastandup,Plant Protein - Rich Chocolate – 500gms,1599.0,1199.0,25.0,239.8,True,https://in.fastandup.com/products/plant-protein-powder-500gms
2026-09-06 13:26 IST,Fast&Up,Fastandup,Plant Protein - Alphonso Mango - 1Kg,3115.0,2181.0,30.0,218.1,True,https://in.fastandup.com/products/plant-protein-alphonso-mango-25-servings
2026-09-06 13:26 IST,Fast&Up,Fastandup,Plant Protein - Kesar Kulfi - 1kg,3115.0,2181.0,30.0,218.1,False,https://in.fastandup.com/products/plant-protein-powder-special-festive-pack
2026-09-06 13:26 IST,Fast&Up,Fastandup,Plant Protein - Cookies & Cream - 1Kg,3115.0,2181.0,30.0,218.1,True,https://in.fastandup.com/products/plant-protein-cookies-cream-1-kg
2026-09-06 13:26 IST,Fast&Up,Fastandup,Plant Protein - Strawberry Blast - 25 Servings,3115.0,2181.0,30.0,,False,https://in.fastandup.com/products/plant-protein-strawberry-25-servings
2026-09-06 13:26 IST,Fast&Up,Fastandup,Plant Protein - Rich Chocolate - 1kg,3115.0,2181.0,30.0,218.1,True,https://in.fastandup.com/products/plant-protein-rich-chocolate-1kg
2026-09-06 13:26 IST,Fast&Up,Fastandup,Plant Protein - Cookies & Cream - 500g Pack of 2,3198.0,2239.0,30.0,447.8,True,https://in.fastandup.com/products/plant-protein-cookies-cream-500g-pack-of-2
2026-09-06 13:26 IST,Fast&Up,Fastandup,Daily Fiber + Plant Protein Rich Chocolate Combo,3715.0,2299.0,38.1,,True,https://in.fastandup.com/products/daily-fiber-plant-protein-rich-chocolate-combo
2026-09-06 13:26 IST,Fast&Up,Fastandup,Plant Protein Rich Chocolate - 1kg pouch+ Plant Protein Cookies Cream- 1kg Pouch,6230.0,3427.0,45.0,342.7,False,https://in.fastandup.com/products/plant-protein-rich-chocolate-1kg-pouch-plant-protein-cookies-cream-1kg-pouch
2026-09-06 13:26 IST,OZiva,OZiva,Plant Protein + Pro-Digest (Mango),139.0,139.0,0.0,,True,https://oziva.in/products/plant-protein-pro-digest
2026-09-06 13:26 IST,OZiva,OZiva,Pro-Collagen Protein Peptides Caramel | 250g,799.0,433.0,45.8,173.2,True,https://oziva.in/products/pro-collagen-protein-peptides-caramel-250g
2026-09-06 13:26 IST,OZiva,OZiva,"Vegan Collagen, Clinically Proven (Watermelon / Starter Pack-125g)",499.0,459.0,8.0,367.2,True,https://oziva.in/products/plant-based-collagen
2026-09-06 13:26 IST,OZiva,OZiva,Plant Protein + Pro-Digest (Assorted),699.0,699.0,0.0,,True,https://oziva.in/products/plant-protein-pro-digest
2026-09-06 13:26 IST,OZiva,OZiva,Plant Protein + Pro-Digest (Chocolate),699.0,699.0,0.0,,False,https://oziva.in/products/plant-protein-pro-digest
2026-09-06 13:26 IST,OZiva,OZiva,Plant Protein + Pro-Digest (Strawberry),699.0,699.0,0.0,,False,https://oziva.in/products/plant-protein-pro-digest
2026-09-06 13:26 IST,OZiva,OZiva,Plant Protein + Pro-Digest (Vanilla),699.0,699.0,0.0,,False,https://oziva.in/products/plant-protein-pro-digest
2026-09-06 13:26 IST,OZiva,OZiva,Plant Protein + Pro-Digest (Assorted / Starter Pack),699.0,699.0,0.0,,True,https://oziva.in/products/oziva-bioactive-plant-protein-with-25g-vegan-protein-5-5-bcaas-100-rda-vitamins-minerals-ayurvedic-herbs-for-better-endurance-stamina-muscle-recovery-1-kg
2026-09-06 13:26 IST,OZiva,OZiva,Daily Protein Activ for Women (Rich Chocolate / Starter Pack),799.0,749.0,6.3,,True,https://oziva.in/products/daily-protein-activ-for-women-with-clean-whey-protein-multivitamins-tulsi-probiotics-for-improved-everyday-energy-stamina-bone-health-immune-health
2026-09-06 13:26 IST,OZiva,OZiva,Daily Protein Activ for Women (Classic Vanilla / Starter Pack),799.0,749.0,6.3,,True,https://oziva.in/products/daily-protein-activ-for-women-with-clean-whey-protein-multivitamins-tulsi-probiotics-for-improved-everyday-energy-stamina-bone-health-immune-health
2026-09-06 13:26 IST,OZiva,OZiva,"Pro-Collagen Protein Peptides, 250 g (Starter Pack)",849.0,799.0,5.9,319.6,True,https://oziva.in/products/oziva-pro-collagen-protein-peptides-with-clean-protein-green-coffee-hyaluronic-acid-biotin-for-skin-hair-health-muscle-joint-health-protein-breakdown-caramel-250-g
2026-09-06 13:26 IST,OZiva,OZiva,"Vegan Collagen, Clinically Proven (Guava Glow / Starter Pack)",959.0,929.0,3.1,,True,https://oziva.in/products/plant-based-collagen
2026-09-06 13:26 IST,OZiva,OZiva,"Vegan Collagen, Clinically Proven (Classic / Starter Pack)",959.0,929.0,3.1,,True,https://oziva.in/products/plant-based-collagen
2026-09-06 13:26 IST,OZiva,OZiva,"Vegan Collagen, Clinically Proven (Berry Orange / Starter Pack)",959.0,929.0,3.1,,True,https://oziva.in/products/plant-based-collagen
2026-09-06 13:26 IST,OZiva,OZiva,"Vegan Collagen, Clinically Proven (Watermelon / Starter Pack)",959.0,929.0,3.1,,True,https://oziva.in/products/plant-based-collagen
2026-09-06 13:26 IST,Wellbeing Nutrition,Wellbeing Nutrition,Kids Protein Vanilla Free Sachet,79.0,79.0,0.0,,True,https://wellbeingnutrition.com/products/kids-protein-vanilla-free-sachet
2026-09-06 13:26 IST,Wellbeing Nutrition,Wellbeing Nutrition,Kids Protein Chocolate Sachet,79.0,79.0,0.0,,True,https://wellbeingnutrition.com/products/kids-protein-chocolate-sachet
2026-09-06 13:26 IST,Wellbeing Nutrition,Wellbeing Nutrition,Kids Protein Vanilla Sachet,79.0,79.0,0.0,,True,https://wellbeingnutrition.com/products/kids-protein-vanilla-sachet
2026-09-06 13:26 IST,Wellbeing Nutrition,Wellbeing Nutrition,Vegan Protein Dark Chocolate Hazelnut Sachet,150.0,150.0,0.0,,True,https://wellbeingnutrition.com/products/vegan-protein-dark-chocolate-hazelnut-sachet
2026-09-06 13:26 IST,Wellbeing Nutrition,Wellbeing Nutrition,Whey Protein Isolate Dark Chocolate Sachet (Pack of 1),160.0,160.0,0.0,,False,https://wellbeingnutrition.com/products/whey-protein-isolate-dark-chocolate-sachet
2026-09-06 13:26 IST,Wellbeing Nutrition,Wellbeing Nutrition,Whey Protein Isolate + Concentrate Mango Sachets (Pack of 1),1399.0,1399.0,0.0,,False,https://wellbeingnutrition.com/products/whey-protein-isolate-concentrate-mango-sachets
2026-09-06 13:26 IST,Wellbeing Nutrition,Wellbeing Nutrition,Plant Protein 22g | 500g | 3B CFU Probiotics | Dark Chocolate Hazelnut (Pack of 1),1799.0,1709.0,5.0,341.8,True,https://wellbeingnutrition.com/products/vegan-protein-dark-chocolate-hazelnut
2026-09-06 13:26 IST,Wellbeing Nutrition,Wellbeing Nutrition,Plant Protein 22g | 500g | 3B CFU Probiotics | Italian Cafe Mocha (Pack of 1),1799.0,1709.0,5.0,341.8,False,https://wellbeingnutrition.com/products/vegan-protein-italian-cafe-mocha
2026-09-06 13:26 IST,Wellbeing Nutrition,Wellbeing Nutrition,Plant Protein 22g | 500g | 3B CFU Probiotics | Belgian Dark Chocolate (Pack of 1),1799.0,1709.0,5.0,341.8,True,https://wellbeingnutrition.com/products/vegan-protein-belgian-chocolate
2026-09-06 13:26 IST,Wellbeing Nutrition,Wellbeing Nutrition,Plant Protein 22g | 500g | 3B CFU Probiotics | French Vanilla Caramel (Pack of 1),1799.0,1709.0,5.0,341.8,True,https://wellbeingnutrition.com/products/vegan-protein-french-vanilla-caramel
2026-09-06 13:26 IST,Wellbeing Nutrition,Wellbeing Nutrition,Plant Protein 22g | 500g | 3B CFU Probiotics | Canadian Mixed Berry (Pack of 1),1799.0,1709.0,5.0,341.8,True,https://wellbeingnutrition.com/products/vegan-protein-canadian-mixed-berry
2026-09-06 13:26 IST,Wellbeing Nutrition,Wellbeing Nutrition,Her Superfood Plant Protein | Chocolate Peanut Butter (Pack of 1),1799.0,1709.0,5.0,,True,https://wellbeingnutrition.com/products/superfood-plant-protein-powder-for-women
2026-09-06 13:26 IST,Wellbeing Nutrition,Wellbeing Nutrition,Superfood Plant Protein | British Banoffee Pie (Pack of 1),1799.0,1709.0,5.0,,True,https://wellbeingnutrition.com/products/superfood-plant-protein-powder-in-banoffee-pie
2026-09-06 13:26 IST,Wellbeing Nutrition,Wellbeing Nutrition,Whey Protein Isolate + Concentrate Mango Sachets (Pack of 2),2798.0,2798.0,0.0,,False,https://wellbeingnutrition.com/products/whey-protein-isolate-concentrate-mango-sachets
2026-09-06 13:26 IST,Wellbeing Nutrition,Wellbeing Nutrition,Plant Protein 22g | 907g | 3B CFU Probiotics | French Vanilla Caramel (Pack of 1),3399.0,3229.0,5.0,356.01,True,https://wellbeingnutrition.com/products/vegan-protein-french-vanilla-caramel-copy
2026-09-06 13:26 IST,AS-IT-IS Nutrition,AS-IT-IS Nutrition,"AS-IT-IS ONE Brown Rice Protein | 27g Protein per Serving | Plant Protein | Single-Ingredient, Unflavoured (35g)",175.0,122.0,30.3,,True,https://asitisnutrition.com/products/as-it-is-nutrition-brown-rice-protein-80-designed-as-meal-supplement-lab-tested-unflavoured
2026-09-06 13:26 IST,AS-IT-IS Nutrition,AS-IT-IS Nutrition,"AS-IT-IS ONE Pea Protein Isolate | 29g Protein per Serving | Plant Protein | Single-Ingredient, Unflavoured (36g-Sachet)",175.0,122.0,30.3,,False,https://asitisnutrition.com/products/as-it-is-nutrition-pea-protein-isolate-powder
2026-09-06 13:26 IST,AS-IT-IS Nutrition,AS-IT-IS Nutrition,"AS-IT-IS ONE Soy Protein Isolate | 30g Protein per Serving | Plant Protein | Single-Ingredient, Unflavoured (35g)",175.0,122.0,30.3,,False,https://asitisnutrition.com/products/as-it-is-nutrition-buy-soy-protein-isolate-powder-in-india
2026-09-06 13:26 IST,AS-IT-IS Nutrition,AS-IT-IS Nutrition,AS-IT-IS ATOM Beginners Whey Protein | 15g Protein per Serving | With DigeZyme® Enzymes (Choco Hazel Fusion / 37g),203.0,131.0,35.5,,True,https://asitisnutrition.com/products/atom-beginners-whey-protein
2026-09-06 13:26 IST,AS-IT-IS Nutrition,AS-IT-IS Nutrition,"AS-IT-IS ATOM Performance Whey | 25g Protein per Serving | With Safed Musli, Mucuna & DigeZyme® Enzymes (Double Rich Chocolate / 45g)",220.0,140.0,36.4,,False,https://asitisnutrition.com/products/as-it-is-atom-performance-whey-1kg-with-safed-musli-for-faster-recovery-highly-bioavailable
2026-09-06 13:26 IST,AS-IT-IS Nutrition,AS-IT-IS Nutrition,"AS-IT-IS ATOM Performance Whey | 25g Protein per Serving | With Safed Musli, Mucuna & DigeZyme® Enzymes (Pista Fusion / 45g)",2485.0,140.0,94.4,,False,https://asitisnutrition.com/products/as-it-is-atom-performance-whey-1kg-with-safed-musli-for-faster-recovery-highly-bioavailable
2026-09-06 13:26 IST,AS-IT-IS Nutrition,AS-IT-IS Nutrition,"AS-IT-IS ATOM Performance Whey | 25g Protein per Serving | With Safed Musli, Mucuna & DigeZyme® Enzymes (Cafe Latte / 45g)",2485.0,140.0,94.4,,False,https://asitisnutrition.com/products/as-it-is-atom-performance-whey-1kg-with-safed-musli-for-faster-recovery-highly-bioavailable
2026-09-06 13:26 IST,AS-IT-IS Nutrition,AS-IT-IS Nutrition,"AS-IT-IS ATOM Performance Whey | 25g Protein per Serving | With Safed Musli, Mucuna & DigeZyme® Enzymes (Cookie delight / 45g)",2485.0,140.0,94.4,,False,https://asitisnutrition.com/products/as-it-is-atom-performance-whey-1kg-with-safed-musli-for-faster-recovery-highly-bioavailable
2026-09-06 13:26 IST,AS-IT-IS Nutrition,AS-IT-IS Nutrition,"AS-IT-IS ATOM Performance Whey | 25g Protein per Serving | With Safed Musli, Mucuna & DigeZyme® Enzymes (Choco hazel fusion / 45g)",2485.0,140.0,94.4,,False,https://asitisnutrition.com/products/as-it-is-atom-performance-whey-1kg-with-safed-musli-for-faster-recovery-highly-bioavailable
2026-09-06 13:26 IST,AS-IT-IS Nutrition,AS-IT-IS Nutrition,AS-IT-IS ATOM Whey Protein | 27g Protein per Serving | DigeZyme® Enzymes & 1 Billion CFU Probiotics (Double Rich Chocolate / (36g Travel Sachet)),262.0,167.0,36.3,463.89,True,https://asitisnutrition.com/products/atom-whey-protein
2026-09-06 13:26 IST,AS-IT-IS Nutrition,AS-IT-IS Nutrition,AS-IT-IS ONE Whey Protein Concentrate Sachets | 28g Protein per Serving | Unflavoured (35g Sachet (Pack of 1)),305.0,178.0,41.6,593.33,True,https://asitisnutrition.com/products/whey-protein-30g-sachet
2026-09-06 13:26 IST,AS-IT-IS Nutrition,AS-IT-IS Nutrition,"AS-IT-IS ATOM Nitro Whey with Creasure® | 33g Protein, 3g Creatine per Serving | With DigeZyme® Enzymes (Double Rich Chocolate / 45g)",289.0,185.0,36.0,,True,https://asitisnutrition.com/products/atom-nitro-whey-with-creatine-i-33g-protein-3g-creatine-7-4g-bcaa
2026-09-06 13:26 IST,AS-IT-IS Nutrition,AS-IT-IS Nutrition,"AS-IT-IS ATOM Nitro Whey with Creasure® | 33g Protein, 3g Creatine per Serving | With DigeZyme® Enzymes (Kesar Kulfi / 45g)",3407.0,185.0,94.6,,False,https://asitisnutrition.com/products/atom-nitro-whey-with-creatine-i-33g-protein-3g-creatine-7-4g-bcaa
2026-09-06 13:26 IST,AS-IT-IS Nutrition,AS-IT-IS Nutrition,"AS-IT-IS ATOM Nitro Whey with Creasure® | 33g Protein, 3g Creatine per Serving | With DigeZyme® Enzymes (Classic Vanilla / 45g)",3407.0,185.0,94.6,,False,https://asitisnutrition.com/products/atom-nitro-whey-with-creatine-i-33g-protein-3g-creatine-7-4g-bcaa
2026-09-06 13:26 IST,AS-IT-IS Nutrition,AS-IT-IS Nutrition,AS-IT-IS ONE Whey Protein Concentrate Sachets | 28g Protein per Serving | Unflavoured (35g Sachet (Pack of 1) + Shaker),438.0,303.0,30.8,1010.0,False,https://asitisnutrition.com/products/whey-protein-30g-sachet
2026-09-06 13:26 IST,MyFitness,MYFITNESS,MyFitness Peanut Butter - Chocolate | 26% Protein | Crispy | Chocolate Peanut Butter Spread (227g),159.0,149.0,6.3,65.64,True,https://myfitness.co.in/products/chocolate-crispy
2026-09-06 13:26 IST,MyFitness,MYFITNESS,"Pro.Fitness High Protein Chocolate Oats | Dark Chocolate | Healthy Oats With Nuts, Seeds & Added Whey (375g)",339.0,219.0,35.4,58.4,True,https://myfitness.co.in/products/high-protein-oats-900g-27g-protein
2026-09-06 13:26 IST,MyFitness,MYFITNESS,Pro.Fitness Rolled Oats | 13% Protein | Healthy Oats With High Fiber and Zero Cholesterol (900g),320.0,269.0,15.9,,False,https://myfitness.co.in/products/pro-fitness-rolled-oats-900g
2026-09-06 13:26 IST,MyFitness,myfitness-official-store,MyFitness Peanut Butter - Classic Zero | 28% Protein | Extra Crunchy | Zero Sugar Peanut Spread (510 g),349.0,275.0,21.2,53.92,True,https://myfitness.co.in/products/myfitness-zero-peanut-butter-crunchy-510g
2026-09-06 13:26 IST,MyFitness,myfitness-official-store,MyFitness Peanut Butter - Chocolate | 26% Protein | Crunchy | Chocolate Peanut Butter Spread (510 g),319.0,275.0,13.8,45.08,True,https://myfitness.co.in/products/myfitness-chocolate-peanut-butter-crunchy
2026-09-06 13:26 IST,MyFitness,myfitness-official-store,MyFitness Peanut Butter - Natural Unsweetened | 31% Protein | Crunchy | Zero Sugar Peanut Butter Spread (510 g),319.0,275.0,13.8,45.08,True,https://myfitness.co.in/products/myfitness-all-natural-peanut-butter-crunchy
2026-09-06 13:26 IST,MyFitness,myfitness-official-store,MyFitness Peanut Butter - Natural Unsweetened | 25% Protein | Smooth | Zero Sugar Peanut Butter Spread (510 g),319.0,275.0,13.8,45.08,True,https://myfitness.co.in/products/myfitness-all-natural-peanut-butter-smooth
2026-09-06 13:26 IST,MyFitness,myfitness-official-store,MyFitness Peanut Butter - Chocolate | 26% Protein | Crispy | Chocolate Peanut Butter Spread (510 g),319.0,275.0,13.8,45.08,True,https://myfitness.co.in/products/myfitness-chocolate-peanut-butter-crispy
2026-09-06 13:26 IST,MyFitness,myfitness-official-store,MyFitness Peanut Butter - Chocolate | 28% Protein | Smooth | Chocolate Peanut Butter Spread (510 g),319.0,275.0,13.8,45.08,True,https://myfitness.co.in/products/myfitness-chocolate-peanut-butter-smooth
2026-09-06 13:26 IST,MyFitness,myfitness-official-store,MyFitness Peanut Butter - Original | 28% Protein | Crunchy | Classic Peanut Butter Spread (510 g),319.0,275.0,13.8,45.08,True,https://myfitness.co.in/products/myfitness-original-peanut-butter-crunchy
2026-09-06 13:26 IST,MyFitness,myfitness-official-store,MyFitness Peanut Butter - Original | 28% Protein | Smooth | Classic Peanut Butter Spread (510 g),319.0,275.0,13.8,45.08,True,https://myfitness.co.in/products/myfitness-original-peanut-butter-smooth
2026-09-06 13:26 IST,MyFitness,MYFITNESS,MyFitness Peanut Butter - Chocolate | 25% Protein | Almond Crunch | Chocolate Peanut Butter Spread (510 g),379.0,279.0,26.4,54.71,True,https://myfitness.co.in/products/myfitness-chocolate-peanut-butter-with-almond-crunch
2026-09-06 13:26 IST,MyFitness,MYFITNESS,MyFitness x Batman | Chocolate Zero Peanut Butter Extra Crunchy | 27% Protein | Zero Added Sugar | High Protein (510 g),369.0,299.0,19.0,58.63,True,https://myfitness.co.in/products/myfitness-zero-chocolate-peanut-butter-crunchy-zero-sugar-extra-crunch-510g-27g-protein-10g-fiber-tasty-healthy-nut-butter-spread-cholesterol-free-zero-trans-fat-crunchy-peanut-butter
2026-09-06 13:26 IST,MyFitness,MYFITNESS,MyFitness Peanut Butter - Dark Chocolate | 30% Protein | Smooth | Rich Chocolate Peanut Butter Spread (510 g),399.0,299.0,25.1,49.02,True,https://myfitness.co.in/products/myfitness-olympia-edition-dark-chocolate-peanut-butter-with-added-whey-smooth
2026-09-06 13:26 IST,MyFitness,MYFITNESS,MyFitness Peanut Butter - Dark Chocolate | 29% Protein | Crispy | Rich Chocolate Peanut Butter Spread (510 g),399.0,319.0,20.1,52.3,True,https://myfitness.co.in/products/myfitness-peanut-butter-dark-chocolate-29-protein-crispy-rich-chocolate-peanut-butter-spread
2026-09-06 13:26 IST,Naturaltein,naturaltein,The Protein Dessert E-Cook Book by Naturaltein,599.0,399.0,33.4,,True,https://naturaltein.in/products/the-protein-dessert-e-cook-book-by-naturaltein
2026-09-06 13:26 IST,Naturaltein,naturaltein,Natural Plant Protein (Chocolate / 1 Box (500 g)),3000.0,1112.0,62.9,222.4,True,https://naturaltein.in/products/plant-protein
2026-09-06 13:26 IST,Naturaltein,naturaltein,Natural Plant Protein (Mango / 1 Box (500 g)),3000.0,1112.0,62.9,222.4,True,https://naturaltein.in/products/plant-protein
2026-09-06 13:26 IST,Naturaltein,naturaltein,Natural Plant Protein (Berry / 1 Box (500 g)),3000.0,1112.0,62.9,222.4,True,https://naturaltein.in/products/plant-protein
2026-09-06 13:26 IST,Naturaltein,naturaltein,Natural Plant Protein (Pista / 1 Box (500 g)),3000.0,1112.0,62.9,222.4,True,https://naturaltein.in/products/plant-protein
2026-09-06 13:26 IST,Naturaltein,naturaltein,Natural Plant Protein (Coffee / 1 Box (500 g)),3000.0,1112.0,62.9,222.4,True,https://naturaltein.in/products/plant-protein
2026-09-06 13:26 IST,Naturaltein,naturaltein,Natural Whey Protein Concentrate (Italian Ice Cream / 1 Box (300 g)),1424.0,1299.0,8.8,433.0,False,https://naturaltein.in/products/whey-protein-concentrate
2026-09-06 13:26 IST,Naturaltein,naturaltein,Natural Whey Protein Concentrate (Chocolate Biscoff / 1 Box (300 g)),1424.0,1399.0,1.8,466.33,False,https://naturaltein.in/products/whey-protein-concentrate
2026-09-06 13:26 IST,Naturaltein,naturaltein,Natural Whey Protein Concentrate (Chocolate Caramel / 1 Box (300 g)),1424.0,1399.0,1.8,466.33,False,https://naturaltein.in/products/whey-protein-concentrate
2026-09-06 13:26 IST,Naturaltein,naturaltein,Natural Whey Protein Concentrate (Chocolate / 1 Box (300 g)),2500.0,1524.0,39.0,508.0,True,https://naturaltein.in/products/whey-protein-concentrate
2026-09-06 13:26 IST,Naturaltein,naturaltein,Natural Whey Protein Concentrate (Unflavoured / 1 Box (300 g)),2500.0,1524.0,39.0,508.0,False,https://naturaltein.in/products/whey-protein-concentrate
2026-09-06 13:26 IST,Naturaltein,naturaltein,Natural Whey Protein Concentrate (Caffe Mocha / 1 Box (300 g)),2500.0,1524.0,39.0,508.0,True,https://naturaltein.in/products/whey-protein-concentrate
2026-09-06 13:26 IST,Naturaltein,naturaltein,Natural Plant Protein (Chocolate / 2 Boxes (1 kg)),6000.0,1600.0,73.3,160.0,True,https://naturaltein.in/products/plant-protein
2026-09-06 13:26 IST,Naturaltein,naturaltein,Natural Plant Protein (Mango / 2 Boxes (1 kg)),6000.0,1600.0,73.3,160.0,True,https://naturaltein.in/products/plant-protein
2026-09-06 13:26 IST,Naturaltein,naturaltein,Natural Plant Protein (Berry / 2 Boxes (1 kg)),6000.0,1600.0,73.3,160.0,True,https://naturaltein.in/products/plant-protein
2026-09-06 13:26 IST,GNC India,GNC India,PP Protein Wafer Bar Mini 20gm (Chocolate / 20 gm),60.0,40.0,33.3,200.0,True,https://gnc.in/products/pp-protein-wafer-bar-mini-20gm
2026-09-06 13:26 IST,GNC India,GNC India,PP Protein Wafer Bar Mini 20gm (Coffee / 20 gm),60.0,40.0,33.3,200.0,True,https://gnc.in/products/pp-protein-wafer-bar-mini-20gm
2026-09-06 13:26 IST,GNC India,GNC India,PP Protein Wafer Bar Mini 20gm (Peanut Butter / 20 gm),60.0,40.0,33.3,200.0,True,https://gnc.in/products/pp-protein-wafer-bar-mini-20gm
2026-09-06 13:26 IST,GNC India,GNC,GNC Protein Wafer Bar (Chocolate) (Pack of 1 / Chocolate),59.0,55.0,6.8,,True,https://gnc.in/products/gnc-protein-wafer-bar-chocolate
2026-09-06 13:26 IST,GNC India,GNC,GNC Protein Wafer Bar (Peanut butter) (Pack of 1 / Peanut Butter),59.0,55.0,6.8,,True,https://gnc.in/products/gnc-protein-wafer-bar-peanut-butter
2026-09-06 13:26 IST,GNC India,GNC,GNC Protein Wafer Bar (Coffee) (Pack of 1 / Coffee),59.0,55.0,6.8,,True,https://gnc.in/products/gnc-protein-wafer-bar-coffee
2026-09-06 13:26 IST,GNC India,GNC,GNC Protein Wafer Bar (40g / Chocolate),60.0,55.0,8.3,137.5,True,https://gnc.in/products/gnc-protein-wafer-bar-upsell
2026-09-06 13:26 IST,GNC India,GNC India,GNC Select Fermented Yeast Protein Isolate (35 gm / Chocolate),149.0,59.0,60.4,168.57,True,https://gnc.in/products/gnc-select-fermented-yeast-protein
2026-09-06 13:26 IST,GNC India,GNC India,GNC Select Fermented Yeast Protein Isolate (35 gm / Coffee),149.0,59.0,60.4,168.57,True,https://gnc.in/products/gnc-select-fermented-yeast-protein
2026-09-06 13:26 IST,GNC India,GNC India,GNC Select Fermented Yeast Protein Isolate (35 gm / Vanilla),149.0,59.0,60.4,168.57,True,https://gnc.in/products/gnc-select-fermented-yeast-protein
2026-09-06 13:26 IST,GNC India,GNC India,GNC Select Fermented Yeast Protein Isolate (35gm) (35 gm / Chocolate),149.0,65.0,56.4,185.71,True,https://gnc.in/products/gnc-select-fermented-yeast-protein-isolate-35gm
2026-09-06 13:26 IST,GNC India,GNC India,GNC Select Fermented Yeast Protein Isolate (35gm) (35 gm / Coffee),149.0,65.0,56.4,185.71,True,https://gnc.in/products/gnc-select-fermented-yeast-protein-isolate-35gm
2026-09-06 13:26 IST,GNC India,GNC India,GNC Select Fermented Yeast Protein Isolate (35gm) (35 gm / Vanilla),149.0,65.0,56.4,185.71,True,https://gnc.in/products/gnc-select-fermented-yeast-protein-isolate-35gm
2026-09-06 13:26 IST,GNC India,GNC Pro Performance,100% Whey Protein Sachets 35gm - Clearance Sale| Expiry - 2025-11-30 (Mawa Kulfi),199.0,70.0,64.8,200.0,False,https://gnc.in/products/100-whey-protein-sachets-35gm
2026-09-06 13:26 IST,GNC India,GNC,GNC Protein Wafer Bar (Pack of 1 / Chocolate),120.0,79.0,34.2,,True,https://gnc.in/products/gnc-protein-wafer-bar
2026-09-07 13:51 IST,Nutrabay,Nutrabay,Nutrabay Gold Pea Protein,69,69,0.0,172.5,True,https://nutrabay.com/product/nutrabay-gold-hydrolyzed-pea-protein/?pId=3302532
2026-09-07 13:51 IST,Nutrabay,Velbiom,Velbiom Happy Cultures Tastiest Plant Protein,600,499,16.8,346.53,True,https://nutrabay.com/product/velbiom-happy-cultures-tastiest-plant-protein/?pId=7407265
2026-09-07 13:51 IST,Nutrabay,Nutrabay,Nutrabay Pure Pea Protein Isolate,669,599,10.5,119.8,True,https://nutrabay.com/product/nutrabay-pure-100-pea-protein-isolate/?pId=4537768
2026-09-07 13:51 IST,Nutrabay,TruNativ,TruNativ Plant Based Everyday Protein - Protein You Can Cook With!,699,599,14.3,363.03,True,https://nutrabay.com/product/trunativ-plant-based-everyday-protein-protein-you-can-cook-with/?pId=9485223
2026-09-07 13:51 IST,Nutrabay,Nutrabay,Nutrabay BioAbsorb™ Whey Protein Powder | Clinically Tested 54% Better Protein Absorption | 26g Protein/Scoop | India's 1st Protein with ProDiFi™ for No Bloating | No Added Sugar,859,699,18.6,386.19,True,https://nutrabay.com/product/nutrabay-bioabsorb-whey-protein/?pId=8042444
2026-09-07 13:51 IST,Nutrabay,Nutrabay,Nutrabay Wellness Vegan Plant Protein Powder + Superfoods,1199,699,41.7,139.8,True,https://nutrabay.com/product/nutrabay-wellness-vegan-plant-protein-powder-superfoods/?pId=4698878
2026-09-07 13:51 IST,Nutrabay,Nutrabay,Nutrabay Wellness Vegan Plant Protein Powder + Superfoods,1199,799,33.4,159.8,True,https://nutrabay.com/product/nutrabay-wellness-vegan-plant-protein-powder-superfoods/?pId=4698878
2026-09-07 13:51 IST,Nutrabay,Nutrabay,Nutrabay Gold Pea Protein,1049,799,23.8,159.8,True,https://nutrabay.com/product/nutrabay-gold-hydrolyzed-pea-protein/?pId=3302532
2026-09-07 13:51 IST,Nutrabay,Nutrabay,Nutrabay Gold Pea Protein,1049,799,23.8,159.8,True,https://nutrabay.com/product/nutrabay-gold-hydrolyzed-pea-protein/?pId=3302532
2026-09-07 13:51 IST,Nutrabay,Nutrabay,Nutrabay Gold Pea Protein,1049,799,23.8,159.8,True,https://nutrabay.com/product/nutrabay-gold-hydrolyzed-pea-protein/?pId=3302532
2026-09-07 13:51 IST,Nutrabay,Nutrabay,Nutrabay Pure Pea Protein Isolate,1349,849,37.1,84.9,True,https://nutrabay.com/product/nutrabay-pure-100-pea-protein-isolate/?pId=4537768
2026-09-07 13:51 IST,Nutrabay,Velbiom,Velbiom Happy Cultures Tastiest Plant Protein,1699,949,44.1,187.92,True,https://nutrabay.com/product/velbiom-happy-cultures-tastiest-plant-protein/?pId=7407265
2026-09-07 13:51 IST,Nutrabay,Velbiom,Velbiom Happy Cultures Tastiest Plant Protein,1699,949,44.1,187.92,True,https://nutrabay.com/product/velbiom-happy-cultures-tastiest-plant-protein/?pId=7407265
2026-09-07 13:51 IST,Nutrabay,Velbiom,Velbiom Happy Cultures Tastiest Plant Protein,1699,949,44.1,187.92,True,https://nutrabay.com/product/velbiom-happy-cultures-tastiest-plant-protein/?pId=7407265
2026-09-07 13:51 IST,Nutrabay,Nutrabay,Nutrabay Pure Soy Protein Isolate,1349,999,25.9,99.9,True,https://nutrabay.com/product/nutrabay-pure-100-soy-protein-isolate/?pId=4186049
2026-09-07 13:51 IST,Fast&Up,Fastandup,100% Pure & Natural Moringa Powder,250.0,238.0,4.8,,True,https://in.fastandup.com/products/100-pure-natural-moringa-powder
2026-09-07 13:51 IST,Fast&Up,Fastandup,Plant Protein - Assorted Pack,270.0,243.0,10.0,,True,https://in.fastandup.com/products/fast-up-plant-protein-assorted-pack
2026-09-07 13:51 IST,Fast&Up,Fastandup,Plant Protein - Rich Chocolate - Single Serving Sachet Combo Pack (Rich Chocolate / Pack of 5),450.0,396.0,12.0,,True,https://in.fastandup.com/products/plant-protein-rich-chocolate-single-serving-sachet-combo-pack
2026-09-07 13:51 IST,Fast&Up,Fastandup,Plant Protein - Rich Chocolate - Single Serving Sachet Combo Pack (Rich Chocolate / Pack of 10),900.0,765.0,15.0,,True,https://in.fastandup.com/products/plant-protein-rich-chocolate-single-serving-sachet-combo-pack
2026-09-07 13:51 IST,Fast&Up,Fastandup,Plant Protein - Rich Chocolate - Single Serving Sachet Combo Pack (Rich Chocolate / Pack of 15),1350.0,1107.0,18.0,,True,https://in.fastandup.com/products/plant-protein-rich-chocolate-single-serving-sachet-combo-pack
2026-09-07 13:51 IST,Fast&Up,Fastandup,Plant Protein - Cookies & Cream - 500g,1599.0,1199.0,25.0,239.8,True,https://in.fastandup.com/products/plant-protein-cookies-cream-500g
2026-09-07 13:51 IST,Fast&Up,Fastandup,Plant Protein - Rich Chocolate – 500gms,1599.0,1199.0,25.0,239.8,True,https://in.fastandup.com/products/plant-protein-powder-500gms
2026-09-07 13:51 IST,Fast&Up,Fastandup,Plant Protein - Alphonso Mango - 1Kg,3115.0,2181.0,30.0,218.1,True,https://in.fastandup.com/products/plant-protein-alphonso-mango-25-servings
2026-09-07 13:51 IST,Fast&Up,Fastandup,Plant Protein - Kesar Kulfi - 1kg,3115.0,2181.0,30.0,218.1,False,https://in.fastandup.com/products/plant-protein-powder-special-festive-pack
2026-09-07 13:51 IST,Fast&Up,Fastandup,Plant Protein - Cookies & Cream - 1Kg,3115.0,2181.0,30.0,218.1,True,https://in.fastandup.com/products/plant-protein-cookies-cream-1-kg
2026-09-07 13:51 IST,Fast&Up,Fastandup,Plant Protein - Strawberry Blast - 25 Servings,3115.0,2181.0,30.0,,False,https://in.fastandup.com/products/plant-protein-strawberry-25-servings
2026-09-07 13:51 IST,Fast&Up,Fastandup,Plant Protein - Rich Chocolate - 1kg,3115.0,2181.0,30.0,218.1,True,https://in.fastandup.com/products/plant-protein-rich-chocolate-1kg
2026-09-07 13:51 IST,Fast&Up,Fastandup,Plant Protein - Cookies & Cream - 500g Pack of 2,3198.0,2239.0,30.0,447.8,True,https://in.fastandup.com/products/plant-protein-cookies-cream-500g-pack-of-2
2026-09-07 13:51 IST,Fast&Up,Fastandup,Daily Fiber + Plant Protein Rich Chocolate Combo,3715.0,2299.0,38.1,,True,https://in.fastandup.com/products/daily-fiber-plant-protein-rich-chocolate-combo
2026-09-07 13:51 IST,Fast&Up,Fastandup,Plant Protein Rich Chocolate - 1kg pouch+ Plant Protein Cookies Cream- 1kg Pouch,6230.0,3427.0,45.0,342.7,False,https://in.fastandup.com/products/plant-protein-rich-chocolate-1kg-pouch-plant-protein-cookies-cream-1kg-pouch
2026-09-07 13:51 IST,OZiva,OZiva,Plant Protein + Pro-Digest (Mango),139.0,139.0,0.0,,True,https://oziva.in/products/plant-protein-pro-digest
2026-09-07 13:51 IST,OZiva,OZiva,Pro-Collagen Protein Peptides Caramel | 250g,799.0,433.0,45.8,173.2,True,https://oziva.in/products/pro-collagen-protein-peptides-caramel-250g
2026-09-07 13:51 IST,OZiva,OZiva,"Vegan Collagen, Clinically Proven (Watermelon / Starter Pack-125g)",499.0,459.0,8.0,367.2,True,https://oziva.in/products/plant-based-collagen
2026-09-07 13:51 IST,OZiva,OZiva,Plant Protein + Pro-Digest (Assorted),699.0,699.0,0.0,,True,https://oziva.in/products/plant-protein-pro-digest
2026-09-07 13:51 IST,OZiva,OZiva,Plant Protein + Pro-Digest (Chocolate),699.0,699.0,0.0,,False,https://oziva.in/products/plant-protein-pro-digest
2026-09-07 13:51 IST,OZiva,OZiva,Plant Protein + Pro-Digest (Strawberry),699.0,699.0,0.0,,False,https://oziva.in/products/plant-protein-pro-digest
2026-09-07 13:51 IST,OZiva,OZiva,Plant Protein + Pro-Digest (Vanilla),699.0,699.0,0.0,,False,https://oziva.in/products/plant-protein-pro-digest
2026-09-07 13:51 IST,OZiva,OZiva,Plant Protein + Pro-Digest (Assorted / Starter Pack),699.0,699.0,0.0,,True,https://oziva.in/products/oziva-bioactive-plant-protein-with-25g-vegan-protein-5-5-bcaas-100-rda-vitamins-minerals-ayurvedic-herbs-for-better-endurance-stamina-muscle-recovery-1-kg
2026-09-07 13:51 IST,OZiva,OZiva,Daily Protein Activ for Women (Rich Chocolate / Starter Pack),799.0,749.0,6.3,,True,https://oziva.in/products/daily-protein-activ-for-women-with-clean-whey-protein-multivitamins-tulsi-probiotics-for-improved-everyday-energy-stamina-bone-health-immune-health
2026-09-07 13:51 IST,OZiva,OZiva,Daily Protein Activ for Women (Classic Vanilla / Starter Pack),799.0,749.0,6.3,,True,https://oziva.in/products/daily-protein-activ-for-women-with-clean-whey-protein-multivitamins-tulsi-probiotics-for-improved-everyday-energy-stamina-bone-health-immune-health
2026-09-07 13:51 IST,OZiva,OZiva,"Pro-Collagen Protein Peptides, 250 g (Starter Pack)",849.0,799.0,5.9,319.6,True,https://oziva.in/products/oziva-pro-collagen-protein-peptides-with-clean-protein-green-coffee-hyaluronic-acid-biotin-for-skin-hair-health-muscle-joint-health-protein-breakdown-caramel-250-g
2026-09-07 13:51 IST,OZiva,OZiva,"Vegan Collagen, Clinically Proven (Guava Glow / Starter Pack)",959.0,929.0,3.1,,True,https://oziva.in/products/plant-based-collagen
2026-09-07 13:51 IST,OZiva,OZiva,"Vegan Collagen, Clinically Proven (Classic / Starter Pack)",959.0,929.0,3.1,,True,https://oziva.in/products/plant-based-collagen
2026-09-07 13:51 IST,OZiva,OZiva,"Vegan Collagen, Clinically Proven (Berry Orange / Starter Pack)",959.0,929.0,3.1,,True,https://oziva.in/products/plant-based-collagen
2026-09-07 13:51 IST,OZiva,OZiva,"Vegan Collagen, Clinically Proven (Watermelon / Starter Pack)",959.0,929.0,3.1,,True,https://oziva.in/products/plant-based-collagen
2026-09-07 13:51 IST,Wellbeing Nutrition,Wellbeing Nutrition,Kids Protein Vanilla Free Sachet,79.0,79.0,0.0,,True,https://wellbeingnutrition.com/products/kids-protein-vanilla-free-sachet
2026-09-07 13:51 IST,Wellbeing Nutrition,Wellbeing Nutrition,Kids Protein Chocolate Sachet,79.0,79.0,0.0,,True,https://wellbeingnutrition.com/products/kids-protein-chocolate-sachet
2026-09-07 13:51 IST,Wellbeing Nutrition,Wellbeing Nutrition,Kids Protein Vanilla Sachet,79.0,79.0,0.0,,True,https://wellbeingnutrition.com/products/kids-protein-vanilla-sachet
2026-09-07 13:51 IST,Wellbeing Nutrition,Wellbeing Nutrition,Vegan Protein Dark Chocolate Hazelnut Sachet,150.0,150.0,0.0,,True,https://wellbeingnutrition.com/products/vegan-protein-dark-chocolate-hazelnut-sachet
2026-09-07 13:51 IST,Wellbeing Nutrition,Wellbeing Nutrition,Whey Protein Isolate Dark Chocolate Sachet (Pack of 1),160.0,160.0,0.0,,False,https://wellbeingnutrition.com/products/whey-protein-isolate-dark-chocolate-sachet
2026-09-07 13:51 IST,Wellbeing Nutrition,Wellbeing Nutrition,Whey Protein Isolate + Concentrate Mango Sachets (Pack of 1),1399.0,1399.0,0.0,,False,https://wellbeingnutrition.com/products/whey-protein-isolate-concentrate-mango-sachets
2026-09-07 13:51 IST,Wellbeing Nutrition,Wellbeing Nutrition,Plant Protein 22g | 500g | 3B CFU Probiotics | Dark Chocolate Hazelnut (Pack of 1),1799.0,1619.0,10.0,323.8,True,https://wellbeingnutrition.com/products/vegan-protein-dark-chocolate-hazelnut
2026-09-07 13:51 IST,Wellbeing Nutrition,Wellbeing Nutrition,Plant Protein 22g | 500g | 3B CFU Probiotics | Italian Cafe Mocha (Pack of 1),1799.0,1619.0,10.0,323.8,False,https://wellbeingnutrition.com/products/vegan-protein-italian-cafe-mocha
2026-09-07 13:51 IST,Wellbeing Nutrition,Wellbeing Nutrition,Plant Protein 22g | 500g | 3B CFU Probiotics | Belgian Dark Chocolate (Pack of 1),1799.0,1619.0,10.0,323.8,True,https://wellbeingnutrition.com/products/vegan-protein-belgian-chocolate
2026-09-07 13:51 IST,Wellbeing Nutrition,Wellbeing Nutrition,Plant Protein 22g | 500g | 3B CFU Probiotics | French Vanilla Caramel (Pack of 1),1799.0,1619.0,10.0,323.8,True,https://wellbeingnutrition.com/products/vegan-protein-french-vanilla-caramel
2026-09-07 13:51 IST,Wellbeing Nutrition,Wellbeing Nutrition,Plant Protein 22g | 500g | 3B CFU Probiotics | Canadian Mixed Berry (Pack of 1),1799.0,1619.0,10.0,323.8,True,https://wellbeingnutrition.com/products/vegan-protein-canadian-mixed-berry
2026-09-07 13:51 IST,Wellbeing Nutrition,Wellbeing Nutrition,Her Superfood Plant Protein | Chocolate Peanut Butter (Pack of 1),1799.0,1619.0,10.0,,True,https://wellbeingnutrition.com/products/superfood-plant-protein-powder-for-women
2026-09-07 13:51 IST,Wellbeing Nutrition,Wellbeing Nutrition,Superfood Plant Protein | British Banoffee Pie (Pack of 1),1799.0,1619.0,10.0,,True,https://wellbeingnutrition.com/products/superfood-plant-protein-powder-in-banoffee-pie
2026-09-07 13:51 IST,Wellbeing Nutrition,Wellbeing Nutrition,Whey Protein Isolate + Concentrate Mango Sachets (Pack of 2),2798.0,2798.0,0.0,,False,https://wellbeingnutrition.com/products/whey-protein-isolate-concentrate-mango-sachets
2026-09-07 13:51 IST,Wellbeing Nutrition,Wellbeing Nutrition,Plant Protein 22g | 907g | 3B CFU Probiotics | French Vanilla Caramel (Pack of 1),3399.0,3059.0,10.0,337.27,True,https://wellbeingnutrition.com/products/vegan-protein-french-vanilla-caramel-copy
2026-09-07 13:51 IST,AS-IT-IS Nutrition,AS-IT-IS Nutrition,"AS-IT-IS ONE Brown Rice Protein | 27g Protein per Serving | Plant Protein | Single-Ingredient, Unflavoured (35g)",175.0,122.0,30.3,,True,https://asitisnutrition.com/products/as-it-is-nutrition-brown-rice-protein-80-designed-as-meal-supplement-lab-tested-unflavoured
2026-09-07 13:51 IST,AS-IT-IS Nutrition,AS-IT-IS Nutrition,"AS-IT-IS ONE Pea Protein Isolate | 29g Protein per Serving | Plant Protein | Single-Ingredient, Unflavoured (36g-Sachet)",175.0,122.0,30.3,,False,https://asitisnutrition.com/products/as-it-is-nutrition-pea-protein-isolate-powder
2026-09-07 13:51 IST,AS-IT-IS Nutrition,AS-IT-IS Nutrition,"AS-IT-IS ONE Soy Protein Isolate | 30g Protein per Serving | Plant Protein | Single-Ingredient, Unflavoured (35g)",175.0,122.0,30.3,,False,https://asitisnutrition.com/products/as-it-is-nutrition-buy-soy-protein-isolate-powder-in-india
2026-09-07 13:51 IST,AS-IT-IS Nutrition,AS-IT-IS Nutrition,AS-IT-IS ATOM Beginners Whey Protein | 15g Protein per Serving | With DigeZyme® Enzymes (Choco Hazel Fusion / 37g),203.0,131.0,35.5,,True,https://asitisnutrition.com/products/atom-beginners-whey-protein
2026-09-07 13:51 IST,AS-IT-IS Nutrition,AS-IT-IS Nutrition,"AS-IT-IS ATOM Performance Whey | 25g Protein per Serving | With Safed Musli, Mucuna & DigeZyme® Enzymes (Double Rich Chocolate / 45g)",220.0,140.0,36.4,,False,https://asitisnutrition.com/products/as-it-is-atom-performance-whey-1kg-with-safed-musli-for-faster-recovery-highly-bioavailable
2026-09-07 13:51 IST,AS-IT-IS Nutrition,AS-IT-IS Nutrition,"AS-IT-IS ATOM Performance Whey | 25g Protein per Serving | With Safed Musli, Mucuna & DigeZyme® Enzymes (Pista Fusion / 45g)",2485.0,140.0,94.4,,False,https://asitisnutrition.com/products/as-it-is-atom-performance-whey-1kg-with-safed-musli-for-faster-recovery-highly-bioavailable
2026-09-07 13:51 IST,AS-IT-IS Nutrition,AS-IT-IS Nutrition,"AS-IT-IS ATOM Performance Whey | 25g Protein per Serving | With Safed Musli, Mucuna & DigeZyme® Enzymes (Cafe Latte / 45g)",2485.0,140.0,94.4,,False,https://asitisnutrition.com/products/as-it-is-atom-performance-whey-1kg-with-safed-musli-for-faster-recovery-highly-bioavailable
2026-09-07 13:51 IST,AS-IT-IS Nutrition,AS-IT-IS Nutrition,"AS-IT-IS ATOM Performance Whey | 25g Protein per Serving | With Safed Musli, Mucuna & DigeZyme® Enzymes (Cookie delight / 45g)",2485.0,140.0,94.4,,False,https://asitisnutrition.com/products/as-it-is-atom-performance-whey-1kg-with-safed-musli-for-faster-recovery-highly-bioavailable
2026-09-07 13:51 IST,AS-IT-IS Nutrition,AS-IT-IS Nutrition,"AS-IT-IS ATOM Performance Whey | 25g Protein per Serving | With Safed Musli, Mucuna & DigeZyme® Enzymes (Choco hazel fusion / 45g)",2485.0,140.0,94.4,,False,https://asitisnutrition.com/products/as-it-is-atom-performance-whey-1kg-with-safed-musli-for-faster-recovery-highly-bioavailable
2026-09-07 13:51 IST,AS-IT-IS Nutrition,AS-IT-IS Nutrition,AS-IT-IS ATOM Whey Protein | 27g Protein per Serving | DigeZyme® Enzymes & 1 Billion CFU Probiotics (Double Rich Chocolate / (36g Travel Sachet)),262.0,167.0,36.3,463.89,True,https://asitisnutrition.com/products/atom-whey-protein
2026-09-07 13:51 IST,AS-IT-IS Nutrition,AS-IT-IS Nutrition,AS-IT-IS ONE Whey Protein Concentrate Sachets | 28g Protein per Serving | Unflavoured (35g Sachet (Pack of 1)),305.0,178.0,41.6,593.33,True,https://asitisnutrition.com/products/whey-protein-30g-sachet
2026-09-07 13:51 IST,AS-IT-IS Nutrition,AS-IT-IS Nutrition,"AS-IT-IS ATOM Nitro Whey with Creasure® | 33g Protein, 3g Creatine per Serving | With DigeZyme® Enzymes (Double Rich Chocolate / 45g)",289.0,185.0,36.0,,True,https://asitisnutrition.com/products/atom-nitro-whey-with-creatine-i-33g-protein-3g-creatine-7-4g-bcaa
2026-09-07 13:51 IST,AS-IT-IS Nutrition,AS-IT-IS Nutrition,"AS-IT-IS ATOM Nitro Whey with Creasure® | 33g Protein, 3g Creatine per Serving | With DigeZyme® Enzymes (Kesar Kulfi / 45g)",3407.0,185.0,94.6,,False,https://asitisnutrition.com/products/atom-nitro-whey-with-creatine-i-33g-protein-3g-creatine-7-4g-bcaa
2026-09-07 13:51 IST,AS-IT-IS Nutrition,AS-IT-IS Nutrition,"AS-IT-IS ATOM Nitro Whey with Creasure® | 33g Protein, 3g Creatine per Serving | With DigeZyme® Enzymes (Classic Vanilla / 45g)",3407.0,185.0,94.6,,False,https://asitisnutrition.com/products/atom-nitro-whey-with-creatine-i-33g-protein-3g-creatine-7-4g-bcaa
2026-09-07 13:51 IST,AS-IT-IS Nutrition,AS-IT-IS Nutrition,AS-IT-IS ONE Whey Protein Concentrate Sachets | 28g Protein per Serving | Unflavoured (35g Sachet (Pack of 1) + Shaker),438.0,303.0,30.8,1010.0,False,https://asitisnutrition.com/products/whey-protein-30g-sachet
2026-09-07 13:51 IST,MyFitness,MYFITNESS,MyFitness Peanut Butter - Chocolate | 26% Protein | Crispy | Chocolate Peanut Butter Spread (227g),159.0,149.0,6.3,65.64,True,https://myfitness.co.in/products/chocolate-crispy
2026-09-07 13:51 IST,MyFitness,MYFITNESS,"Pro.Fitness High Protein Chocolate Oats | Dark Chocolate | Healthy Oats With Nuts, Seeds & Added Whey (375g)",339.0,219.0,35.4,58.4,True,https://myfitness.co.in/products/high-protein-oats-900g-27g-protein
2026-09-07 13:51 IST,MyFitness,MYFITNESS,Pro.Fitness Rolled Oats | 13% Protein | Healthy Oats With High Fiber and Zero Cholesterol (900g),320.0,269.0,15.9,,True,https://myfitness.co.in/products/pro-fitness-rolled-oats-900g
2026-09-07 13:51 IST,MyFitness,myfitness-official-store,MyFitness Peanut Butter - Classic Zero | 28% Protein | Extra Crunchy | Zero Sugar Peanut Spread (510 g),349.0,275.0,21.2,53.92,True,https://myfitness.co.in/products/myfitness-zero-peanut-butter-crunchy-510g
2026-09-07 13:51 IST,MyFitness,myfitness-official-store,MyFitness Peanut Butter - Chocolate | 26% Protein | Crunchy | Chocolate Peanut Butter Spread (510 g),319.0,275.0,13.8,45.08,True,https://myfitness.co.in/products/myfitness-chocolate-peanut-butter-crunchy
2026-09-07 13:51 IST,MyFitness,myfitness-official-store,MyFitness Peanut Butter - Natural Unsweetened | 31% Protein | Crunchy | Zero Sugar Peanut Butter Spread (510 g),319.0,275.0,13.8,45.08,True,https://myfitness.co.in/products/myfitness-all-natural-peanut-butter-crunchy
2026-09-07 13:51 IST,MyFitness,myfitness-official-store,MyFitness Peanut Butter - Natural Unsweetened | 25% Protein | Smooth | Zero Sugar Peanut Butter Spread (510 g),319.0,275.0,13.8,45.08,True,https://myfitness.co.in/products/myfitness-all-natural-peanut-butter-smooth
2026-09-07 13:51 IST,MyFitness,myfitness-official-store,MyFitness Peanut Butter - Chocolate | 26% Protein | Crispy | Chocolate Peanut Butter Spread (510 g),319.0,275.0,13.8,45.08,True,https://myfitness.co.in/products/myfitness-chocolate-peanut-butter-crispy
2026-09-07 13:51 IST,MyFitness,myfitness-official-store,MyFitness Peanut Butter - Chocolate | 28% Protein | Smooth | Chocolate Peanut Butter Spread (510 g),319.0,275.0,13.8,45.08,True,https://myfitness.co.in/products/myfitness-chocolate-peanut-butter-smooth
2026-09-07 13:51 IST,MyFitness,myfitness-official-store,MyFitness Peanut Butter - Original | 28% Protein | Crunchy | Classic Peanut Butter Spread (510 g),319.0,275.0,13.8,45.08,True,https://myfitness.co.in/products/myfitness-original-peanut-butter-crunchy
2026-09-07 13:51 IST,MyFitness,myfitness-official-store,MyFitness Peanut Butter - Original | 28% Protein | Smooth | Classic Peanut Butter Spread (510 g),319.0,275.0,13.8,45.08,True,https://myfitness.co.in/products/myfitness-original-peanut-butter-smooth
2026-09-07 13:51 IST,MyFitness,MYFITNESS,MyFitness Peanut Butter - Chocolate | 25% Protein | Almond Crunch | Chocolate Peanut Butter Spread (510 g),379.0,279.0,26.4,54.71,True,https://myfitness.co.in/products/myfitness-chocolate-peanut-butter-with-almond-crunch
2026-09-07 13:51 IST,MyFitness,MYFITNESS,MyFitness x Batman | Chocolate Zero Peanut Butter Extra Crunchy | 27% Protein | Zero Added Sugar | High Protein (510 g),369.0,299.0,19.0,58.63,True,https://myfitness.co.in/products/myfitness-zero-chocolate-peanut-butter-crunchy-zero-sugar-extra-crunch-510g-27g-protein-10g-fiber-tasty-healthy-nut-butter-spread-cholesterol-free-zero-trans-fat-crunchy-peanut-butter
2026-09-07 13:51 IST,MyFitness,MYFITNESS,MyFitness Peanut Butter - Dark Chocolate | 30% Protein | Smooth | Rich Chocolate Peanut Butter Spread (510 g),399.0,299.0,25.1,49.02,True,https://myfitness.co.in/products/myfitness-olympia-edition-dark-chocolate-peanut-butter-with-added-whey-smooth
2026-09-07 13:51 IST,MyFitness,MYFITNESS,MyFitness Peanut Butter - Dark Chocolate | 29% Protein | Crispy | Rich Chocolate Peanut Butter Spread (510 g),399.0,319.0,20.1,52.3,True,https://myfitness.co.in/products/myfitness-peanut-butter-dark-chocolate-29-protein-crispy-rich-chocolate-peanut-butter-spread
2026-09-07 13:51 IST,Naturaltein,naturaltein,The Protein Dessert E-Cook Book by Naturaltein,599.0,399.0,33.4,,True,https://naturaltein.in/products/the-protein-dessert-e-cook-book-by-naturaltein
2026-09-07 13:51 IST,Naturaltein,naturaltein,Natural Plant Protein (Chocolate / 1 Box (500 g)),3000.0,1112.0,62.9,222.4,True,https://naturaltein.in/products/plant-protein
2026-09-07 13:51 IST,Naturaltein,naturaltein,Natural Plant Protein (Mango / 1 Box (500 g)),3000.0,1112.0,62.9,222.4,True,https://naturaltein.in/products/plant-protein
2026-09-07 13:51 IST,Naturaltein,naturaltein,Natural Plant Protein (Berry / 1 Box (500 g)),3000.0,1112.0,62.9,222.4,True,https://naturaltein.in/products/plant-protein
2026-09-07 13:51 IST,Naturaltein,naturaltein,Natural Plant Protein (Pista / 1 Box (500 g)),3000.0,1112.0,62.9,222.4,True,https://naturaltein.in/products/plant-protein
2026-09-07 13:51 IST,Naturaltein,naturaltein,Natural Plant Protein (Coffee / 1 Box (500 g)),3000.0,1112.0,62.9,222.4,True,https://naturaltein.in/products/plant-protein
2026-09-07 13:51 IST,Naturaltein,naturaltein,Natural Whey Protein Concentrate (Italian Ice Cream / 1 Box (300 g)),1424.0,1299.0,8.8,433.0,False,https://naturaltein.in/products/whey-protein-concentrate
2026-09-07 13:51 IST,Naturaltein,naturaltein,Natural Whey Protein Concentrate (Chocolate Biscoff / 1 Box (300 g)),1424.0,1399.0,1.8,466.33,False,https://naturaltein.in/products/whey-protein-concentrate
2026-09-07 13:51 IST,Naturaltein,naturaltein,Natural Whey Protein Concentrate (Chocolate Caramel / 1 Box (300 g)),1424.0,1399.0,1.8,466.33,False,https://naturaltein.in/products/whey-protein-concentrate
2026-09-07 13:51 IST,Naturaltein,naturaltein,Natural Whey Protein Concentrate (Chocolate / 1 Box (300 g)),2500.0,1524.0,39.0,508.0,True,https://naturaltein.in/products/whey-protein-concentrate
2026-09-07 13:51 IST,Naturaltein,naturaltein,Natural Whey Protein Concentrate (Unflavoured / 1 Box (300 g)),2500.0,1524.0,39.0,508.0,False,https://naturaltein.in/products/whey-protein-concentrate
2026-09-07 13:51 IST,Naturaltein,naturaltein,Natural Whey Protein Concentrate (Caffe Mocha / 1 Box (300 g)),2500.0,1524.0,39.0,508.0,True,https://naturaltein.in/products/whey-protein-concentrate
2026-09-07 13:51 IST,Naturaltein,naturaltein,Natural Plant Protein (Chocolate / 2 Boxes (1 kg)),6000.0,1600.0,73.3,160.0,True,https://naturaltein.in/products/plant-protein
2026-09-07 13:51 IST,Naturaltein,naturaltein,Natural Plant Protein (Mango / 2 Boxes (1 kg)),6000.0,1600.0,73.3,160.0,True,https://naturaltein.in/products/plant-protein
2026-09-07 13:51 IST,Naturaltein,naturaltein,Natural Plant Protein (Berry / 2 Boxes (1 kg)),6000.0,1600.0,73.3,160.0,True,https://naturaltein.in/products/plant-protein
2026-09-07 13:51 IST,GNC India,GNC India,PP Protein Wafer Bar Mini 20gm (Chocolate / 20 gm),60.0,40.0,33.3,200.0,True,https://gnc.in/products/pp-protein-wafer-bar-mini-20gm
2026-09-07 13:51 IST,GNC India,GNC India,PP Protein Wafer Bar Mini 20gm (Coffee / 20 gm),60.0,40.0,33.3,200.0,True,https://gnc.in/products/pp-protein-wafer-bar-mini-20gm
2026-09-07 13:51 IST,GNC India,GNC India,PP Protein Wafer Bar Mini 20gm (Peanut Butter / 20 gm),60.0,40.0,33.3,200.0,True,https://gnc.in/products/pp-protein-wafer-bar-mini-20gm
2026-09-07 13:51 IST,GNC India,GNC,GNC Protein Wafer Bar (Chocolate) (Pack of 1 / Chocolate),59.0,55.0,6.8,,True,https://gnc.in/products/gnc-protein-wafer-bar-chocolate
2026-09-07 13:51 IST,GNC India,GNC,GNC Protein Wafer Bar (Peanut butter) (Pack of 1 / Peanut Butter),59.0,55.0,6.8,,True,https://gnc.in/products/gnc-protein-wafer-bar-peanut-butter
2026-09-07 13:51 IST,GNC India,GNC,GNC Protein Wafer Bar (Coffee) (Pack of 1 / Coffee),59.0,55.0,6.8,,True,https://gnc.in/products/gnc-protein-wafer-bar-coffee
2026-09-07 13:51 IST,GNC India,GNC,GNC Protein Wafer Bar (40g / Chocolate),60.0,55.0,8.3,137.5,True,https://gnc.in/products/gnc-protein-wafer-bar-upsell
2026-09-07 13:51 IST,GNC India,GNC India,GNC Select Fermented Yeast Protein Isolate (35 gm / Chocolate),149.0,59.0,60.4,168.57,True,https://gnc.in/products/gnc-select-fermented-yeast-protein
2026-09-07 13:51 IST,GNC India,GNC India,GNC Select Fermented Yeast Protein Isolate (35 gm / Coffee),149.0,59.0,60.4,168.57,True,https://gnc.in/products/gnc-select-fermented-yeast-protein
2026-09-07 13:51 IST,GNC India,GNC India,GNC Select Fermented Yeast Protein Isolate (35 gm / Vanilla),149.0,59.0,60.4,168.57,True,https://gnc.in/products/gnc-select-fermented-yeast-protein
2026-09-07 13:51 IST,GNC India,GNC India,GNC Select Fermented Yeast Protein Isolate (35gm) (35 gm / Chocolate),149.0,65.0,56.4,185.71,True,https://gnc.in/products/gnc-select-fermented-yeast-protein-isolate-35gm
2026-09-07 13:51 IST,GNC India,GNC India,GNC Select Fermented Yeast Protein Isolate (35gm) (35 gm / Coffee),149.0,65.0,56.4,185.71,True,https://gnc.in/products/gnc-select-fermented-yeast-protein-isolate-35gm
2026-09-07 13:51 IST,GNC India,GNC India,GNC Select Fermented Yeast Protein Isolate (35gm) (35 gm / Vanilla),149.0,65.0,56.4,185.71,True,https://gnc.in/products/gnc-select-fermented-yeast-protein-isolate-35gm
2026-09-07 13:51 IST,GNC India,GNC Pro Performance,100% Whey Protein Sachets 35gm - Clearance Sale| Expiry - 2025-11-30 (Mawa Kulfi),199.0,70.0,64.8,200.0,False,https://gnc.in/products/100-whey-protein-sachets-35gm
2026-09-07 13:51 IST,GNC India,GNC,GNC Protein Wafer Bar (Pack of 1 / Chocolate),120.0,79.0,34.2,,True,https://gnc.in/products/gnc-protein-wafer-bar
2026-09-08 13:37 IST,Nutrabay,Nutrabay,Nutrabay Gold Pea Protein,69,69,0.0,172.5,True,https://nutrabay.com/product/nutrabay-gold-hydrolyzed-pea-protein/?pId=3302532
2026-09-08 13:37 IST,Nutrabay,Nutrabay,Nutrabay Gold Pea Protein,69,69,0.0,172.5,True,https://nutrabay.com/product/nutrabay-gold-hydrolyzed-pea-protein/?pId=3302532
2026-09-08 13:37 IST,Nutrabay,Velbiom,Velbiom Happy Cultures Tastiest Plant Protein,600,499,16.8,346.53,True,https://nutrabay.com/product/velbiom-happy-cultures-tastiest-plant-protein/?pId=7407265
2026-09-08 13:37 IST,Nutrabay,TruNativ,TruNativ Plant Based Everyday Protein - Protein You Can Cook With!,699,599,14.3,363.03,True,https://nutrabay.com/product/trunativ-plant-based-everyday-protein-protein-you-can-cook-with/?pId=9485223
2026-09-08 13:37 IST,Nutrabay,Nutrabay,Nutrabay Pure Pea Protein Isolate,669,649,3.0,129.8,True,https://nutrabay.com/product/nutrabay-pure-100-pea-protein-isolate/?pId=4537768
2026-09-08 13:37 IST,Nutrabay,Nutrabay,Nutrabay Wellness Vegan Plant Protein Powder + Superfoods,1199,799,33.4,159.8,True,https://nutrabay.com/product/nutrabay-wellness-vegan-plant-protein-powder-superfoods/?pId=4698878
2026-09-08 13:37 IST,Nutrabay,Nutrabay,Nutrabay Wellness Vegan Plant Protein Powder + Superfoods,1199,799,33.4,159.8,True,https://nutrabay.com/product/nutrabay-wellness-vegan-plant-protein-powder-superfoods/?pId=4698878
2026-09-08 13:37 IST,Nutrabay,Nutrabay,Nutrabay BioAbsorb™ Whey Protein Powder | Clinically Tested 54% Better Protein Absorption | 26g Protein/Scoop | India's 1st Protein with ProDiFi™ for No Bloating | No Added Sugar,859,859,0.0,474.59,True,https://nutrabay.com/product/nutrabay-bioabsorb-whey-protein/?pId=8042444
2026-09-08 13:37 IST,Nutrabay,Nutrabay,Nutrabay Gold Pea Protein,889,889,0.0,177.8,True,https://nutrabay.com/product/nutrabay-gold-hydrolyzed-pea-protein/?pId=3302532
2026-09-08 13:37 IST,Nutrabay,Nutrabay,Nutrabay Gold Pea Protein,1049,899,14.3,179.8,True,https://nutrabay.com/product/nutrabay-gold-hydrolyzed-pea-protein/?pId=3302532
2026-09-08 13:37 IST,Nutrabay,Nutrabay,Nutrabay Gold Pea Protein,1049,899,14.3,179.8,True,https://nutrabay.com/product/nutrabay-gold-hydrolyzed-pea-protein/?pId=3302532
2026-09-08 13:37 IST,Nutrabay,Optimum Nutrition,Optimum Nutrition (ON) Gold Standard Whey Protein Powder,940,940,0.0,606.45,True,https://nutrabay.com/product/optimum-nutrition-on-100-whey-gold-standard-2/?pId=4471481
2026-09-08 13:37 IST,Nutrabay,Velbiom,Velbiom Happy Cultures Tastiest Plant Protein,1699,949,44.1,187.92,True,https://nutrabay.com/product/velbiom-happy-cultures-tastiest-plant-protein/?pId=7407265
2026-09-08 13:37 IST,Nutrabay,Velbiom,Velbiom Happy Cultures Tastiest Plant Protein,1699,949,44.1,187.92,True,https://nutrabay.com/product/velbiom-happy-cultures-tastiest-plant-protein/?pId=7407265
2026-09-08 13:37 IST,Nutrabay,Velbiom,Velbiom Happy Cultures Tastiest Plant Protein,1699,949,44.1,187.92,True,https://nutrabay.com/product/velbiom-happy-cultures-tastiest-plant-protein/?pId=7407265
2026-09-08 13:37 IST,Fast&Up,Fastandup,100% Pure & Natural Moringa Powder,250.0,238.0,4.8,,True,https://in.fastandup.com/products/100-pure-natural-moringa-powder
2026-09-08 13:37 IST,Fast&Up,Fastandup,Plant Protein - Assorted Pack,270.0,243.0,10.0,,True,https://in.fastandup.com/products/fast-up-plant-protein-assorted-pack
2026-09-08 13:37 IST,Fast&Up,Fastandup,Plant Protein - Rich Chocolate - Single Serving Sachet Combo Pack (Rich Chocolate / Pack of 5),450.0,396.0,12.0,,True,https://in.fastandup.com/products/plant-protein-rich-chocolate-single-serving-sachet-combo-pack
2026-09-08 13:37 IST,Fast&Up,Fastandup,Plant Protein - Rich Chocolate - Single Serving Sachet Combo Pack (Rich Chocolate / Pack of 10),900.0,765.0,15.0,,True,https://in.fastandup.com/products/plant-protein-rich-chocolate-single-serving-sachet-combo-pack
2026-09-08 13:37 IST,Fast&Up,Fastandup,Plant Protein - Cookies & Cream - 500g,1599.0,800.0,50.0,160.0,True,https://in.fastandup.com/products/plant-protein-cookies-cream-500g
2026-09-08 13:37 IST,Fast&Up,Fastandup,Plant Protein - Rich Chocolate – 500gms,1599.0,800.0,50.0,160.0,True,https://in.fastandup.com/products/plant-protein-powder-500gms
2026-09-08 13:37 IST,Fast&Up,Fastandup,Plant Protein - Rich Chocolate - Single Serving Sachet Combo Pack (Rich Chocolate / Pack of 15),1350.0,1107.0,18.0,,True,https://in.fastandup.com/products/plant-protein-rich-chocolate-single-serving-sachet-combo-pack
2026-09-08 13:37 IST,Fast&Up,Fastandup,Plant Protein - Alphonso Mango - 1Kg,3115.0,1558.0,50.0,155.8,True,https://in.fastandup.com/products/plant-protein-alphonso-mango-25-servings
2026-09-08 13:37 IST,Fast&Up,Fastandup,Plant Protein - Cookies & Cream - 1Kg,3115.0,1558.0,50.0,155.8,True,https://in.fastandup.com/products/plant-protein-cookies-cream-1-kg
2026-09-08 13:37 IST,Fast&Up,Fastandup,Plant Protein - Strawberry Blast - 25 Servings,3115.0,1558.0,50.0,,False,https://in.fastandup.com/products/plant-protein-strawberry-25-servings
2026-09-08 13:37 IST,Fast&Up,Fastandup,Plant Protein - Rich Chocolate - 1kg,3115.0,1558.0,50.0,155.8,True,https://in.fastandup.com/products/plant-protein-rich-chocolate-1kg
2026-09-08 13:37 IST,Fast&Up,Fastandup,Plant Protein - Cookies & Cream - 500g Pack of 2,3198.0,1599.0,50.0,319.8,True,https://in.fastandup.com/products/plant-protein-cookies-cream-500g-pack-of-2
2026-09-08 13:37 IST,Fast&Up,Fastandup,Plant Protein - Kesar Kulfi - 1kg,3115.0,1620.0,48.0,162.0,False,https://in.fastandup.com/products/plant-protein-powder-special-festive-pack
2026-09-08 13:37 IST,Fast&Up,Fastandup,Daily Fiber + Plant Protein Rich Chocolate Combo,3715.0,2299.0,38.1,,True,https://in.fastandup.com/products/daily-fiber-plant-protein-rich-chocolate-combo
2026-09-08 13:37 IST,Fast&Up,Fastandup,Plant Protein Rich Chocolate - 1kg pouch+ Plant Protein Cookies Cream- 1kg Pouch,6230.0,3115.0,50.0,311.5,False,https://in.fastandup.com/products/plant-protein-rich-chocolate-1kg-pouch-plant-protein-cookies-cream-1kg-pouch
2026-09-08 13:37 IST,OZiva,OZiva,Plant Protein + Pro-Digest (Mango),139.0,139.0,0.0,,True,https://oziva.in/products/plant-protein-pro-digest
2026-09-08 13:37 IST,OZiva,OZiva,Pro-Collagen Protein Peptides Caramel | 250g,799.0,433.0,45.8,173.2,True,https://oziva.in/products/pro-collagen-protein-peptides-caramel-250g
2026-09-08 13:37 IST,OZiva,OZiva,"Vegan Collagen, Clinically Proven (Watermelon / Starter Pack-125g)",499.0,459.0,8.0,367.2,True,https://oziva.in/products/plant-based-collagen
2026-09-08 13:37 IST,OZiva,OZiva,Plant Protein + Pro-Digest (Assorted),699.0,699.0,0.0,,True,https://oziva.in/products/plant-protein-pro-digest
2026-09-08 13:37 IST,OZiva,OZiva,Plant Protein + Pro-Digest (Chocolate),699.0,699.0,0.0,,False,https://oziva.in/products/plant-protein-pro-digest
2026-09-08 13:37 IST,OZiva,OZiva,Plant Protein + Pro-Digest (Strawberry),699.0,699.0,0.0,,False,https://oziva.in/products/plant-protein-pro-digest
2026-09-08 13:37 IST,OZiva,OZiva,Plant Protein + Pro-Digest (Vanilla),699.0,699.0,0.0,,False,https://oziva.in/products/plant-protein-pro-digest
2026-09-08 13:37 IST,OZiva,OZiva,Plant Protein + Pro-Digest (Assorted / Starter Pack),699.0,699.0,0.0,,True,https://oziva.in/products/oziva-bioactive-plant-protein-with-25g-vegan-protein-5-5-bcaas-100-rda-vitamins-minerals-ayurvedic-herbs-for-better-endurance-stamina-muscle-recovery-1-kg
2026-09-08 13:37 IST,OZiva,OZiva,Daily Protein Activ for Women (Rich Chocolate / Starter Pack),799.0,749.0,6.3,,True,https://oziva.in/products/daily-protein-activ-for-women-with-clean-whey-protein-multivitamins-tulsi-probiotics-for-improved-everyday-energy-stamina-bone-health-immune-health
2026-09-08 13:37 IST,OZiva,OZiva,Daily Protein Activ for Women (Classic Vanilla / Starter Pack),799.0,749.0,6.3,,False,https://oziva.in/products/daily-protein-activ-for-women-with-clean-whey-protein-multivitamins-tulsi-probiotics-for-improved-everyday-energy-stamina-bone-health-immune-health
2026-09-08 13:37 IST,OZiva,OZiva,"Pro-Collagen Protein Peptides, 250 g (Starter Pack)",849.0,799.0,5.9,319.6,True,https://oziva.in/products/oziva-pro-collagen-protein-peptides-with-clean-protein-green-coffee-hyaluronic-acid-biotin-for-skin-hair-health-muscle-joint-health-protein-breakdown-caramel-250-g
2026-09-08 13:37 IST,OZiva,OZiva,"Vegan Collagen, Clinically Proven (Guava Glow / Starter Pack)",959.0,929.0,3.1,,True,https://oziva.in/products/plant-based-collagen
2026-09-08 13:37 IST,OZiva,OZiva,"Vegan Collagen, Clinically Proven (Classic / Starter Pack)",959.0,929.0,3.1,,True,https://oziva.in/products/plant-based-collagen
2026-09-08 13:37 IST,OZiva,OZiva,"Vegan Collagen, Clinically Proven (Berry Orange / Starter Pack)",959.0,929.0,3.1,,True,https://oziva.in/products/plant-based-collagen
2026-09-08 13:37 IST,OZiva,OZiva,"Vegan Collagen, Clinically Proven (Watermelon / Starter Pack)",959.0,929.0,3.1,,True,https://oziva.in/products/plant-based-collagen
2026-09-08 13:37 IST,Wellbeing Nutrition,Wellbeing Nutrition,Kids Protein Vanilla Free Sachet,79.0,79.0,0.0,,True,https://wellbeingnutrition.com/products/kids-protein-vanilla-free-sachet
2026-09-08 13:37 IST,Wellbeing Nutrition,Wellbeing Nutrition,Kids Protein Chocolate Sachet,79.0,79.0,0.0,,True,https://wellbeingnutrition.com/products/kids-protein-chocolate-sachet
2026-09-08 13:37 IST,Wellbeing Nutrition,Wellbeing Nutrition,Kids Protein Vanilla Sachet,79.0,79.0,0.0,,True,https://wellbeingnutrition.com/products/kids-protein-vanilla-sachet
2026-09-08 13:37 IST,Wellbeing Nutrition,Wellbeing Nutrition,Vegan Protein Dark Chocolate Hazelnut Sachet,150.0,150.0,0.0,,True,https://wellbeingnutrition.com/products/vegan-protein-dark-chocolate-hazelnut-sachet
2026-09-08 13:37 IST,Wellbeing Nutrition,Wellbeing Nutrition,Whey Protein Isolate Dark Chocolate Sachet (Pack of 1),160.0,160.0,0.0,,False,https://wellbeingnutrition.com/products/whey-protein-isolate-dark-chocolate-sachet
2026-09-08 13:37 IST,Wellbeing Nutrition,Wellbeing Nutrition,Whey Protein Isolate + Concentrate Mango Sachets (Pack of 1),1399.0,1399.0,0.0,,False,https://wellbeingnutrition.com/products/whey-protein-isolate-concentrate-mango-sachets
2026-09-08 13:37 IST,Wellbeing Nutrition,Wellbeing Nutrition,Plant Protein 22g | 500g | 3B CFU Probiotics | Dark Chocolate Hazelnut (Pack of 1),1799.0,1619.0,10.0,323.8,True,https://wellbeingnutrition.com/products/vegan-protein-dark-chocolate-hazelnut
2026-09-08 13:37 IST,Wellbeing Nutrition,Wellbeing Nutrition,Plant Protein 22g | 500g | 3B CFU Probiotics | Italian Cafe Mocha (Pack of 1),1799.0,1619.0,10.0,323.8,False,https://wellbeingnutrition.com/products/vegan-protein-italian-cafe-mocha
2026-09-08 13:37 IST,Wellbeing Nutrition,Wellbeing Nutrition,Plant Protein 22g | 500g | 3B CFU Probiotics | Belgian Dark Chocolate (Pack of 1),1799.0,1619.0,10.0,323.8,True,https://wellbeingnutrition.com/products/vegan-protein-belgian-chocolate
2026-09-08 13:37 IST,Wellbeing Nutrition,Wellbeing Nutrition,Plant Protein 22g | 500g | 3B CFU Probiotics | French Vanilla Caramel (Pack of 1),1799.0,1619.0,10.0,323.8,True,https://wellbeingnutrition.com/products/vegan-protein-french-vanilla-caramel
2026-09-08 13:37 IST,Wellbeing Nutrition,Wellbeing Nutrition,Plant Protein 22g | 500g | 3B CFU Probiotics | Canadian Mixed Berry (Pack of 1),1799.0,1619.0,10.0,323.8,True,https://wellbeingnutrition.com/products/vegan-protein-canadian-mixed-berry
2026-09-08 13:37 IST,Wellbeing Nutrition,Wellbeing Nutrition,Her Superfood Plant Protein | Chocolate Peanut Butter (Pack of 1),1799.0,1619.0,10.0,,True,https://wellbeingnutrition.com/products/superfood-plant-protein-powder-for-women
2026-09-08 13:37 IST,Wellbeing Nutrition,Wellbeing Nutrition,Superfood Plant Protein | British Banoffee Pie (Pack of 1),1799.0,1619.0,10.0,,True,https://wellbeingnutrition.com/products/superfood-plant-protein-powder-in-banoffee-pie
2026-09-08 13:37 IST,Wellbeing Nutrition,Wellbeing Nutrition,Whey Protein Isolate + Concentrate Mango Sachets (Pack of 2),2798.0,2798.0,0.0,,False,https://wellbeingnutrition.com/products/whey-protein-isolate-concentrate-mango-sachets
2026-09-08 13:37 IST,Wellbeing Nutrition,Wellbeing Nutrition,Plant Protein 22g | 907g | 3B CFU Probiotics | French Vanilla Caramel (Pack of 1),3399.0,3059.0,10.0,337.27,True,https://wellbeingnutrition.com/products/vegan-protein-french-vanilla-caramel-copy
2026-09-08 13:37 IST,AS-IT-IS Nutrition,AS-IT-IS Nutrition,"AS-IT-IS ONE Brown Rice Protein | 27g Protein per Serving | Plant Protein | Single-Ingredient, Unflavoured (35g)",175.0,122.0,30.3,,True,https://asitisnutrition.com/products/as-it-is-nutrition-brown-rice-protein-80-designed-as-meal-supplement-lab-tested-unflavoured
2026-09-08 13:37 IST,AS-IT-IS Nutrition,AS-IT-IS Nutrition,"AS-IT-IS ONE Pea Protein Isolate | 29g Protein per Serving | Plant Protein | Single-Ingredient, Unflavoured (36g-Sachet)",175.0,122.0,30.3,,False,https://asitisnutrition.com/products/as-it-is-nutrition-pea-protein-isolate-powder
2026-09-08 13:37 IST,AS-IT-IS Nutrition,AS-IT-IS Nutrition,"AS-IT-IS ONE Soy Protein Isolate | 30g Protein per Serving | Plant Protein | Single-Ingredient, Unflavoured (35g)",175.0,122.0,30.3,,False,https://asitisnutrition.com/products/as-it-is-nutrition-buy-soy-protein-isolate-powder-in-india
2026-09-08 13:37 IST,AS-IT-IS Nutrition,AS-IT-IS Nutrition,AS-IT-IS ATOM Beginners Whey Protein | 15g Protein per Serving | With DigeZyme® Enzymes (Choco Hazel Fusion / 37g),203.0,131.0,35.5,,True,https://asitisnutrition.com/products/atom-beginners-whey-protein
2026-09-08 13:37 IST,AS-IT-IS Nutrition,AS-IT-IS Nutrition,"AS-IT-IS ATOM Performance Whey | 25g Protein per Serving | With Safed Musli, Mucuna & DigeZyme® Enzymes (Double Rich Chocolate / 45g)",220.0,140.0,36.4,,True,https://asitisnutrition.com/products/as-it-is-atom-performance-whey-1kg-with-safed-musli-for-faster-recovery-highly-bioavailable
2026-09-08 13:37 IST,AS-IT-IS Nutrition,AS-IT-IS Nutrition,"AS-IT-IS ATOM Performance Whey | 25g Protein per Serving | With Safed Musli, Mucuna & DigeZyme® Enzymes (Pista Fusion / 45g)",2485.0,140.0,94.4,,False,https://asitisnutrition.com/products/as-it-is-atom-performance-whey-1kg-with-safed-musli-for-faster-recovery-highly-bioavailable
2026-09-08 13:37 IST,AS-IT-IS Nutrition,AS-IT-IS Nutrition,"AS-IT-IS ATOM Performance Whey | 25g Protein per Serving | With Safed Musli, Mucuna & DigeZyme® Enzymes (Cafe Latte / 45g)",2485.0,140.0,94.4,,False,https://asitisnutrition.com/products/as-it-is-atom-performance-whey-1kg-with-safed-musli-for-faster-recovery-highly-bioavailable
2026-09-08 13:37 IST,AS-IT-IS Nutrition,AS-IT-IS Nutrition,"AS-IT-IS ATOM Performance Whey | 25g Protein per Serving | With Safed Musli, Mucuna & DigeZyme® Enzymes (Cookie delight / 45g)",2485.0,140.0,94.4,,False,https://asitisnutrition.com/products/as-it-is-atom-performance-whey-1kg-with-safed-musli-for-faster-recovery-highly-bioavailable
2026-09-08 13:37 IST,AS-IT-IS Nutrition,AS-IT-IS Nutrition,"AS-IT-IS ATOM Performance Whey | 25g Protein per Serving | With Safed Musli, Mucuna & DigeZyme® Enzymes (Choco hazel fusion / 45g)",2485.0,140.0,94.4,,False,https://asitisnutrition.com/products/as-it-is-atom-performance-whey-1kg-with-safed-musli-for-faster-recovery-highly-bioavailable
2026-09-08 13:37 IST,AS-IT-IS Nutrition,AS-IT-IS Nutrition,AS-IT-IS ATOM Whey Protein | 27g Protein per Serving | DigeZyme® Enzymes & 1 Billion CFU Probiotics (Double Rich Chocolate / (36g Travel Sachet)),262.0,167.0,36.3,463.89,True,https://asitisnutrition.com/products/atom-whey-protein
2026-09-08 13:37 IST,AS-IT-IS Nutrition,AS-IT-IS Nutrition,AS-IT-IS ONE Whey Protein Concentrate Sachets | 28g Protein per Serving | Unflavoured (35g Sachet (Pack of 1)),305.0,178.0,41.6,593.33,True,https://asitisnutrition.com/products/whey-protein-30g-sachet
2026-09-08 13:37 IST,AS-IT-IS Nutrition,AS-IT-IS Nutrition,"AS-IT-IS ATOM Nitro Whey with Creasure® | 33g Protein, 3g Creatine per Serving | With DigeZyme® Enzymes (Double Rich Chocolate / 45g)",289.0,185.0,36.0,,True,https://asitisnutrition.com/products/atom-nitro-whey-with-creatine-i-33g-protein-3g-creatine-7-4g-bcaa
2026-09-08 13:37 IST,AS-IT-IS Nutrition,AS-IT-IS Nutrition,"AS-IT-IS ATOM Nitro Whey with Creasure® | 33g Protein, 3g Creatine per Serving | With DigeZyme® Enzymes (Kesar Kulfi / 45g)",3407.0,185.0,94.6,,False,https://asitisnutrition.com/products/atom-nitro-whey-with-creatine-i-33g-protein-3g-creatine-7-4g-bcaa
2026-09-08 13:37 IST,AS-IT-IS Nutrition,AS-IT-IS Nutrition,"AS-IT-IS ATOM Nitro Whey with Creasure® | 33g Protein, 3g Creatine per Serving | With DigeZyme® Enzymes (Classic Vanilla / 45g)",3407.0,185.0,94.6,,False,https://asitisnutrition.com/products/atom-nitro-whey-with-creatine-i-33g-protein-3g-creatine-7-4g-bcaa
2026-09-08 13:37 IST,AS-IT-IS Nutrition,AS-IT-IS Nutrition,AS-IT-IS ONE Whey Protein Concentrate Sachets | 28g Protein per Serving | Unflavoured (35g Sachet (Pack of 1) + Shaker),438.0,303.0,30.8,1010.0,False,https://asitisnutrition.com/products/whey-protein-30g-sachet
2026-09-08 13:37 IST,MyFitness,MYFITNESS,MyFitness Peanut Butter - Chocolate | 26% Protein | Crispy | Chocolate Peanut Butter Spread (227g),159.0,149.0,6.3,65.64,True,https://myfitness.co.in/products/chocolate-crispy
2026-09-08 13:37 IST,MyFitness,MYFITNESS,"Pro.Fitness High Protein Chocolate Oats | Dark Chocolate | Healthy Oats With Nuts, Seeds & Added Whey (375g)",339.0,219.0,35.4,58.4,True,https://myfitness.co.in/products/high-protein-oats-900g-27g-protein
2026-09-08 13:37 IST,MyFitness,MYFITNESS,Pro.Fitness Rolled Oats | 13% Protein | Healthy Oats With High Fiber and Zero Cholesterol (900g),320.0,269.0,15.9,,True,https://myfitness.co.in/products/pro-fitness-rolled-oats-900g
2026-09-08 13:37 IST,MyFitness,myfitness-official-store,MyFitness Peanut Butter - Classic Zero | 28% Protein | Extra Crunchy | Zero Sugar Peanut Spread (510 g),349.0,275.0,21.2,53.92,True,https://myfitness.co.in/products/myfitness-zero-peanut-butter-crunchy-510g
2026-09-08 13:37 IST,MyFitness,myfitness-official-store,MyFitness Peanut Butter - Chocolate | 26% Protein | Crunchy | Chocolate Peanut Butter Spread (510 g),319.0,275.0,13.8,45.08,True,https://myfitness.co.in/products/myfitness-chocolate-peanut-butter-crunchy
2026-09-08 13:37 IST,MyFitness,myfitness-official-store,MyFitness Peanut Butter - Natural Unsweetened | 31% Protein | Crunchy | Zero Sugar Peanut Butter Spread (510 g),319.0,275.0,13.8,45.08,True,https://myfitness.co.in/products/myfitness-all-natural-peanut-butter-crunchy
2026-09-08 13:37 IST,MyFitness,myfitness-official-store,MyFitness Peanut Butter - Natural Unsweetened | 25% Protein | Smooth | Zero Sugar Peanut Butter Spread (510 g),319.0,275.0,13.8,45.08,True,https://myfitness.co.in/products/myfitness-all-natural-peanut-butter-smooth
2026-09-08 13:37 IST,MyFitness,myfitness-official-store,MyFitness Peanut Butter - Chocolate | 26% Protein | Crispy | Chocolate Peanut Butter Spread (510 g),319.0,275.0,13.8,45.08,True,https://myfitness.co.in/products/myfitness-chocolate-peanut-butter-crispy
2026-09-08 13:37 IST,MyFitness,myfitness-official-store,MyFitness Peanut Butter - Chocolate | 28% Protein | Smooth | Chocolate Peanut Butter Spread (510 g),319.0,275.0,13.8,45.08,True,https://myfitness.co.in/products/myfitness-chocolate-peanut-butter-smooth
2026-09-08 13:37 IST,MyFitness,myfitness-official-store,MyFitness Peanut Butter - Original | 28% Protein | Crunchy | Classic Peanut Butter Spread (510 g),319.0,275.0,13.8,45.08,True,https://myfitness.co.in/products/myfitness-original-peanut-butter-crunchy
2026-09-08 13:37 IST,MyFitness,myfitness-official-store,MyFitness Peanut Butter - Original | 28% Protein | Smooth | Classic Peanut Butter Spread (510 g),319.0,275.0,13.8,45.08,True,https://myfitness.co.in/products/myfitness-original-peanut-butter-smooth
2026-09-08 13:37 IST,MyFitness,MYFITNESS,MyFitness Peanut Butter - Chocolate | 25% Protein | Almond Crunch | Chocolate Peanut Butter Spread (510 g),379.0,279.0,26.4,54.71,True,https://myfitness.co.in/products/myfitness-chocolate-peanut-butter-with-almond-crunch
2026-09-08 13:37 IST,MyFitness,MYFITNESS,MyFitness x Batman | Chocolate Zero Peanut Butter Extra Crunchy | 27% Protein | Zero Added Sugar | High Protein (510 g),369.0,299.0,19.0,58.63,True,https://myfitness.co.in/products/myfitness-zero-chocolate-peanut-butter-crunchy-zero-sugar-extra-crunch-510g-27g-protein-10g-fiber-tasty-healthy-nut-butter-spread-cholesterol-free-zero-trans-fat-crunchy-peanut-butter
2026-09-08 13:37 IST,MyFitness,MYFITNESS,MyFitness Peanut Butter - Dark Chocolate | 30% Protein | Smooth | Rich Chocolate Peanut Butter Spread (510 g),399.0,299.0,25.1,49.02,True,https://myfitness.co.in/products/myfitness-olympia-edition-dark-chocolate-peanut-butter-with-added-whey-smooth
2026-09-08 13:37 IST,MyFitness,MYFITNESS,MyFitness Peanut Butter - Dark Chocolate | 29% Protein | Crispy | Rich Chocolate Peanut Butter Spread (510 g),399.0,319.0,20.1,52.3,True,https://myfitness.co.in/products/myfitness-peanut-butter-dark-chocolate-29-protein-crispy-rich-chocolate-peanut-butter-spread
2026-09-08 13:37 IST,Naturaltein,naturaltein,The Protein Dessert E-Cook Book by Naturaltein,599.0,399.0,33.4,,True,https://naturaltein.in/products/the-protein-dessert-e-cook-book-by-naturaltein
2026-09-08 13:37 IST,Naturaltein,naturaltein,Natural Plant Protein (Chocolate / 1 Box (500 g)),3000.0,1112.0,62.9,222.4,True,https://naturaltein.in/products/plant-protein
2026-09-08 13:37 IST,Naturaltein,naturaltein,Natural Plant Protein (Mango / 1 Box (500 g)),3000.0,1112.0,62.9,222.4,True,https://naturaltein.in/products/plant-protein
2026-09-08 13:37 IST,Naturaltein,naturaltein,Natural Plant Protein (Berry / 1 Box (500 g)),3000.0,1112.0,62.9,222.4,True,https://naturaltein.in/products/plant-protein
2026-09-08 13:37 IST,Naturaltein,naturaltein,Natural Plant Protein (Pista / 1 Box (500 g)),3000.0,1112.0,62.9,222.4,True,https://naturaltein.in/products/plant-protein
2026-09-08 13:37 IST,Naturaltein,naturaltein,Natural Plant Protein (Coffee / 1 Box (500 g)),3000.0,1112.0,62.9,222.4,True,https://naturaltein.in/products/plant-protein
2026-09-08 13:37 IST,Naturaltein,naturaltein,Natural Whey Protein Concentrate (Italian Ice Cream / 1 Box (300 g)),1424.0,1299.0,8.8,433.0,False,https://naturaltein.in/products/whey-protein-concentrate
2026-09-08 13:37 IST,Naturaltein,naturaltein,Natural Whey Protein Concentrate (Chocolate Biscoff / 1 Box (300 g)),1424.0,1399.0,1.8,466.33,False,https://naturaltein.in/products/whey-protein-concentrate
2026-09-08 13:37 IST,Naturaltein,naturaltein,Natural Whey Protein Concentrate (Chocolate Caramel / 1 Box (300 g)),1424.0,1399.0,1.8,466.33,False,https://naturaltein.in/products/whey-protein-concentrate
2026-09-08 13:37 IST,Naturaltein,naturaltein,Natural Whey Protein Concentrate (Chocolate / 1 Box (300 g)),2500.0,1524.0,39.0,508.0,True,https://naturaltein.in/products/whey-protein-concentrate
2026-09-08 13:37 IST,Naturaltein,naturaltein,Natural Whey Protein Concentrate (Unflavoured / 1 Box (300 g)),2500.0,1524.0,39.0,508.0,False,https://naturaltein.in/products/whey-protein-concentrate
2026-09-08 13:37 IST,Naturaltein,naturaltein,Natural Whey Protein Concentrate (Caffe Mocha / 1 Box (300 g)),2500.0,1524.0,39.0,508.0,True,https://naturaltein.in/products/whey-protein-concentrate
2026-09-08 13:37 IST,Naturaltein,naturaltein,Natural Plant Protein (Chocolate / 2 Boxes (1 kg)),6000.0,1600.0,73.3,160.0,True,https://naturaltein.in/products/plant-protein
2026-09-08 13:37 IST,Naturaltein,naturaltein,Natural Plant Protein (Mango / 2 Boxes (1 kg)),6000.0,1600.0,73.3,160.0,True,https://naturaltein.in/products/plant-protein
2026-09-08 13:37 IST,Naturaltein,naturaltein,Natural Plant Protein (Berry / 2 Boxes (1 kg)),6000.0,1600.0,73.3,160.0,True,https://naturaltein.in/products/plant-protein
2026-09-08 13:37 IST,GNC India,GNC India,PP Protein Wafer Bar Mini 20gm (Chocolate / 20 gm),60.0,40.0,33.3,200.0,True,https://gnc.in/products/pp-protein-wafer-bar-mini-20gm
2026-09-08 13:37 IST,GNC India,GNC India,PP Protein Wafer Bar Mini 20gm (Coffee / 20 gm),60.0,40.0,33.3,200.0,True,https://gnc.in/products/pp-protein-wafer-bar-mini-20gm
2026-09-08 13:37 IST,GNC India,GNC India,PP Protein Wafer Bar Mini 20gm (Peanut Butter / 20 gm),60.0,40.0,33.3,200.0,True,https://gnc.in/products/pp-protein-wafer-bar-mini-20gm
2026-09-08 13:37 IST,GNC India,GNC,GNC Protein Wafer Bar (Chocolate) (Pack of 1 / Chocolate),59.0,55.0,6.8,,True,https://gnc.in/products/gnc-protein-wafer-bar-chocolate
2026-09-08 13:37 IST,GNC India,GNC,GNC Protein Wafer Bar (Peanut butter) (Pack of 1 / Peanut Butter),59.0,55.0,6.8,,True,https://gnc.in/products/gnc-protein-wafer-bar-peanut-butter
2026-09-08 13:37 IST,GNC India,GNC,GNC Protein Wafer Bar (Coffee) (Pack of 1 / Coffee),59.0,55.0,6.8,,True,https://gnc.in/products/gnc-protein-wafer-bar-coffee
2026-09-08 13:37 IST,GNC India,GNC,GNC Protein Wafer Bar (40g / Chocolate),60.0,55.0,8.3,137.5,True,https://gnc.in/products/gnc-protein-wafer-bar-upsell
2026-09-08 13:37 IST,GNC India,GNC India,GNC Select Fermented Yeast Protein Isolate (35 gm / Chocolate),149.0,59.0,60.4,168.57,True,https://gnc.in/products/gnc-select-fermented-yeast-protein
2026-09-08 13:37 IST,GNC India,GNC India,GNC Select Fermented Yeast Protein Isolate (35 gm / Coffee),149.0,59.0,60.4,168.57,True,https://gnc.in/products/gnc-select-fermented-yeast-protein
2026-09-08 13:37 IST,GNC India,GNC India,GNC Select Fermented Yeast Protein Isolate (35 gm / Vanilla),149.0,59.0,60.4,168.57,True,https://gnc.in/products/gnc-select-fermented-yeast-protein
2026-09-08 13:37 IST,GNC India,GNC India,GNC Select Fermented Yeast Protein Isolate (35gm) (35 gm / Chocolate),149.0,65.0,56.4,185.71,True,https://gnc.in/products/gnc-select-fermented-yeast-protein-isolate-35gm
2026-09-08 13:37 IST,GNC India,GNC India,GNC Select Fermented Yeast Protein Isolate (35gm) (35 gm / Coffee),149.0,65.0,56.4,185.71,True,https://gnc.in/products/gnc-select-fermented-yeast-protein-isolate-35gm
2026-09-08 13:37 IST,GNC India,GNC India,GNC Select Fermented Yeast Protein Isolate (35gm) (35 gm / Vanilla),149.0,65.0,56.4,185.71,True,https://gnc.in/products/gnc-select-fermented-yeast-protein-isolate-35gm
2026-09-08 13:37 IST,GNC India,GNC,GNC Protein Wafer Bar (Pack of 1 / Chocolate),120.0,79.0,34.2,,True,https://gnc.in/products/gnc-protein-wafer-bar
2026-09-08 13:37 IST,GNC India,GNC,GNC Protein Wafer Bar (Pack of 1 / Peanut Butter),120.0,79.0,34.2,,True,https://gnc.in/products/gnc-protein-wafer-bar
2026-09-09 13:41 IST,Nutrabay,Nutrabay,Nutrabay Gold Pea Protein,69,69,0.0,172.5,True,https://nutrabay.com/product/nutrabay-gold-hydrolyzed-pea-protein/?pId=3302532
2026-09-09 13:41 IST,Nutrabay,Velbiom,Velbiom Happy Cultures Tastiest Plant Protein,600,499,16.8,346.53,True,https://nutrabay.com/product/velbiom-happy-cultures-tastiest-plant-protein/?pId=7407265
2026-09-09 13:41 IST,Nutrabay,TruNativ,TruNativ Plant Based Everyday Protein - Protein You Can Cook With!,699,599,14.3,363.03,True,https://nutrabay.com/product/trunativ-plant-based-everyday-protein-protein-you-can-cook-with/?pId=9485223
2026-09-09 13:41 IST,Nutrabay,Nutrabay,Nutrabay Pure Pea Protein Isolate,669,649,3.0,129.8,True,https://nutrabay.com/product/nutrabay-pure-100-pea-protein-isolate/?pId=4537768
2026-09-09 13:41 IST,Nutrabay,Nutrabay,Nutrabay Wellness Vegan Plant Protein Powder + Superfoods,1199,799,33.4,159.8,True,https://nutrabay.com/product/nutrabay-wellness-vegan-plant-protein-powder-superfoods/?pId=4698878
2026-09-09 13:41 IST,Nutrabay,Nutrabay,Nutrabay Wellness Vegan Plant Protein Powder + Superfoods,1199,799,33.4,159.8,True,https://nutrabay.com/product/nutrabay-wellness-vegan-plant-protein-powder-superfoods/?pId=4698878
2026-09-09 13:41 IST,Nutrabay,Nutrabay,Nutrabay Pure Pea Protein Isolate,1499,849,43.4,84.9,True,https://nutrabay.com/product/nutrabay-pure-100-pea-protein-isolate/?pId=4537768
2026-09-09 13:41 IST,Nutrabay,Ace Blend,Ace Blend Plant Based Daily Protein,1935,849,56.1,,True,https://nutrabay.com/product/ace-blend-plant-based-daily-protein/?pId=6275363
2026-09-09 13:41 IST,Nutrabay,Nutrabay,Nutrabay BioAbsorb™ Whey Protein Powder | Clinically Tested 54% Better Protein Absorption | 26g Protein/Scoop | India's 1st Protein with ProDiFi™ for No Bloating | No Added Sugar,859,859,0.0,474.59,True,https://nutrabay.com/product/nutrabay-bioabsorb-whey-protein/?pId=8042444
2026-09-09 13:41 IST,Nutrabay,Nutrabay,Nutrabay Gold Pea Protein,889,889,0.0,177.8,True,https://nutrabay.com/product/nutrabay-gold-hydrolyzed-pea-protein/?pId=3302532
2026-09-09 13:41 IST,Nutrabay,Nutrabay,Nutrabay Gold Pea Protein,1049,899,14.3,179.8,True,https://nutrabay.com/product/nutrabay-gold-hydrolyzed-pea-protein/?pId=3302532
2026-09-09 13:41 IST,Nutrabay,Nutrabay,Nutrabay Gold Pea Protein,1049,899,14.3,179.8,True,https://nutrabay.com/product/nutrabay-gold-hydrolyzed-pea-protein/?pId=3302532
2026-09-09 13:41 IST,Nutrabay,Velbiom,Velbiom Happy Cultures Tastiest Plant Protein,1699,949,44.1,187.92,True,https://nutrabay.com/product/velbiom-happy-cultures-tastiest-plant-protein/?pId=7407265
2026-09-09 13:41 IST,Nutrabay,Velbiom,Velbiom Happy Cultures Tastiest Plant Protein,1699,949,44.1,187.92,True,https://nutrabay.com/product/velbiom-happy-cultures-tastiest-plant-protein/?pId=7407265
2026-09-09 13:41 IST,Nutrabay,Velbiom,Velbiom Happy Cultures Tastiest Plant Protein,1699,949,44.1,187.92,True,https://nutrabay.com/product/velbiom-happy-cultures-tastiest-plant-protein/?pId=7407265
2026-09-09 13:41 IST,Fast&Up,Fastandup,100% Pure & Natural Moringa Powder,250.0,238.0,4.8,,True,https://in.fastandup.com/products/100-pure-natural-moringa-powder
2026-09-09 13:41 IST,Fast&Up,Fastandup,Plant Protein - Assorted Pack,270.0,243.0,10.0,,True,https://in.fastandup.com/products/fast-up-plant-protein-assorted-pack
2026-09-09 13:41 IST,Fast&Up,Fastandup,Plant Protein - Rich Chocolate - Single Serving Sachet Combo Pack (Rich Chocolate / Pack of 5),450.0,396.0,12.0,,True,https://in.fastandup.com/products/plant-protein-rich-chocolate-single-serving-sachet-combo-pack
2026-09-09 13:41 IST,Fast&Up,Fastandup,Plant Protein - Rich Chocolate - Single Serving Sachet Combo Pack (Rich Chocolate / Pack of 10),900.0,765.0,15.0,,True,https://in.fastandup.com/products/plant-protein-rich-chocolate-single-serving-sachet-combo-pack
2026-09-09 13:41 IST,Fast&Up,Fastandup,Plant Protein - Cookies & Cream - 500g,1599.0,800.0,50.0,160.0,True,https://in.fastandup.com/products/plant-protein-cookies-cream-500g
2026-09-09 13:41 IST,Fast&Up,Fastandup,Plant Protein - Rich Chocolate – 500gms,1599.0,800.0,50.0,160.0,True,https://in.fastandup.com/products/plant-protein-powder-500gms
2026-09-09 13:41 IST,Fast&Up,Fastandup,Plant Protein - Rich Chocolate - Single Serving Sachet Combo Pack (Rich Chocolate / Pack of 15),1350.0,1107.0,18.0,,True,https://in.fastandup.com/products/plant-protein-rich-chocolate-single-serving-sachet-combo-pack
2026-09-09 13:41 IST,Fast&Up,Fastandup,Plant Protein - Alphonso Mango - 1Kg,3115.0,1558.0,50.0,155.8,False,https://in.fastandup.com/products/plant-protein-alphonso-mango-25-servings
2026-09-09 13:41 IST,Fast&Up,Fastandup,Plant Protein - Cookies & Cream - 1Kg,3115.0,1558.0,50.0,155.8,False,https://in.fastandup.com/products/plant-protein-cookies-cream-1-kg
2026-09-09 13:41 IST,Fast&Up,Fastandup,Plant Protein - Strawberry Blast - 25 Servings,3115.0,1558.0,50.0,,False,https://in.fastandup.com/products/plant-protein-strawberry-25-servings
2026-09-09 13:41 IST,Fast&Up,Fastandup,Plant Protein - Rich Chocolate - 1kg,3115.0,1558.0,50.0,155.8,True,https://in.fastandup.com/products/plant-protein-rich-chocolate-1kg
2026-09-09 13:41 IST,Fast&Up,Fastandup,Plant Protein - Cookies & Cream - 500g Pack of 2,3198.0,1599.0,50.0,319.8,True,https://in.fastandup.com/products/plant-protein-cookies-cream-500g-pack-of-2
2026-09-09 13:41 IST,Fast&Up,Fastandup,Plant Protein - Kesar Kulfi - 1kg,3115.0,1620.0,48.0,162.0,False,https://in.fastandup.com/products/plant-protein-powder-special-festive-pack
2026-09-09 13:41 IST,Fast&Up,Fastandup,Daily Fiber + Plant Protein Rich Chocolate Combo,3715.0,2299.0,38.1,,True,https://in.fastandup.com/products/daily-fiber-plant-protein-rich-chocolate-combo
2026-09-09 13:41 IST,Fast&Up,Fastandup,Plant Protein Rich Chocolate - 1kg pouch+ Plant Protein Cookies Cream- 1kg Pouch,6230.0,3115.0,50.0,311.5,False,https://in.fastandup.com/products/plant-protein-rich-chocolate-1kg-pouch-plant-protein-cookies-cream-1kg-pouch
2026-09-09 13:41 IST,OZiva,OZiva,Plant Protein + Pro-Digest (Mango),139.0,139.0,0.0,,True,https://oziva.in/products/plant-protein-pro-digest
2026-09-09 13:41 IST,OZiva,OZiva,Pro-Collagen Protein Peptides Caramel | 250g,799.0,433.0,45.8,173.2,True,https://oziva.in/products/pro-collagen-protein-peptides-caramel-250g
2026-09-09 13:41 IST,OZiva,OZiva,"Vegan Collagen, Clinically Proven (Watermelon / Starter Pack-125g)",499.0,459.0,8.0,367.2,True,https://oziva.in/products/plant-based-collagen
2026-09-09 13:41 IST,OZiva,OZiva,Plant Protein + Pro-Digest (Assorted),699.0,699.0,0.0,,True,https://oziva.in/products/plant-protein-pro-digest
2026-09-09 13:41 IST,OZiva,OZiva,Plant Protein + Pro-Digest (Chocolate),699.0,699.0,0.0,,False,https://oziva.in/products/plant-protein-pro-digest
2026-09-09 13:41 IST,OZiva,OZiva,Plant Protein + Pro-Digest (Strawberry),699.0,699.0,0.0,,False,https://oziva.in/products/plant-protein-pro-digest
2026-09-09 13:41 IST,OZiva,OZiva,Plant Protein + Pro-Digest (Vanilla),699.0,699.0,0.0,,False,https://oziva.in/products/plant-protein-pro-digest
2026-09-09 13:41 IST,OZiva,OZiva,Plant Protein + Pro-Digest (Assorted / Starter Pack),699.0,699.0,0.0,,True,https://oziva.in/products/oziva-bioactive-plant-protein-with-25g-vegan-protein-5-5-bcaas-100-rda-vitamins-minerals-ayurvedic-herbs-for-better-endurance-stamina-muscle-recovery-1-kg
2026-09-09 13:41 IST,OZiva,OZiva,Daily Protein Activ for Women (Rich Chocolate / Starter Pack),799.0,749.0,6.3,,True,https://oziva.in/products/daily-protein-activ-for-women-with-clean-whey-protein-multivitamins-tulsi-probiotics-for-improved-everyday-energy-stamina-bone-health-immune-health
2026-09-09 13:41 IST,OZiva,OZiva,Daily Protein Activ for Women (Classic Vanilla / Starter Pack),799.0,749.0,6.3,,False,https://oziva.in/products/daily-protein-activ-for-women-with-clean-whey-protein-multivitamins-tulsi-probiotics-for-improved-everyday-energy-stamina-bone-health-immune-health
2026-09-09 13:41 IST,OZiva,OZiva,"Pro-Collagen Protein Peptides, 250 g (Starter Pack)",849.0,799.0,5.9,319.6,True,https://oziva.in/products/oziva-pro-collagen-protein-peptides-with-clean-protein-green-coffee-hyaluronic-acid-biotin-for-skin-hair-health-muscle-joint-health-protein-breakdown-caramel-250-g
2026-09-09 13:41 IST,OZiva,OZiva,"Vegan Collagen, Clinically Proven (Guava Glow / Starter Pack)",959.0,929.0,3.1,,True,https://oziva.in/products/plant-based-collagen
2026-09-09 13:41 IST,OZiva,OZiva,"Vegan Collagen, Clinically Proven (Classic / Starter Pack)",959.0,929.0,3.1,,True,https://oziva.in/products/plant-based-collagen
2026-09-09 13:41 IST,OZiva,OZiva,"Vegan Collagen, Clinically Proven (Berry Orange / Starter Pack)",959.0,929.0,3.1,,True,https://oziva.in/products/plant-based-collagen
2026-09-09 13:41 IST,OZiva,OZiva,"Vegan Collagen, Clinically Proven (Watermelon / Starter Pack)",959.0,929.0,3.1,,True,https://oziva.in/products/plant-based-collagen
2026-09-09 13:41 IST,Wellbeing Nutrition,Wellbeing Nutrition,Kids Protein Vanilla Free Sachet,79.0,79.0,0.0,,True,https://wellbeingnutrition.com/products/kids-protein-vanilla-free-sachet
2026-09-09 13:41 IST,Wellbeing Nutrition,Wellbeing Nutrition,Kids Protein Chocolate Sachet,79.0,79.0,0.0,,True,https://wellbeingnutrition.com/products/kids-protein-chocolate-sachet
2026-09-09 13:41 IST,Wellbeing Nutrition,Wellbeing Nutrition,Kids Protein Vanilla Sachet,79.0,79.0,0.0,,True,https://wellbeingnutrition.com/products/kids-protein-vanilla-sachet
2026-09-09 13:41 IST,Wellbeing Nutrition,Wellbeing Nutrition,Vegan Protein Dark Chocolate Hazelnut Sachet,150.0,150.0,0.0,,True,https://wellbeingnutrition.com/products/vegan-protein-dark-chocolate-hazelnut-sachet
2026-09-09 13:41 IST,Wellbeing Nutrition,Wellbeing Nutrition,Whey Protein Isolate Dark Chocolate Sachet (Pack of 1),160.0,160.0,0.0,,False,https://wellbeingnutrition.com/products/whey-protein-isolate-dark-chocolate-sachet
2026-09-09 13:41 IST,Wellbeing Nutrition,Wellbeing Nutrition,Whey Protein Isolate + Concentrate Mango Sachets (Pack of 1),1399.0,1399.0,0.0,,False,https://wellbeingnutrition.com/products/whey-protein-isolate-concentrate-mango-sachets
2026-09-09 13:41 IST,Wellbeing Nutrition,Wellbeing Nutrition,Plant Protein 22g | 500g | 3B CFU Probiotics | Dark Chocolate Hazelnut (Pack of 1),1799.0,1709.0,5.0,341.8,True,https://wellbeingnutrition.com/products/vegan-protein-dark-chocolate-hazelnut
2026-09-09 13:41 IST,Wellbeing Nutrition,Wellbeing Nutrition,Plant Protein 22g | 500g | 3B CFU Probiotics | Italian Cafe Mocha (Pack of 1),1799.0,1709.0,5.0,341.8,False,https://wellbeingnutrition.com/products/vegan-protein-italian-cafe-mocha
2026-09-09 13:41 IST,Wellbeing Nutrition,Wellbeing Nutrition,Plant Protein 22g | 500g | 3B CFU Probiotics | Belgian Dark Chocolate (Pack of 1),1799.0,1709.0,5.0,341.8,True,https://wellbeingnutrition.com/products/vegan-protein-belgian-chocolate
2026-09-09 13:41 IST,Wellbeing Nutrition,Wellbeing Nutrition,Plant Protein 22g | 500g | 3B CFU Probiotics | French Vanilla Caramel (Pack of 1),1799.0,1709.0,5.0,341.8,True,https://wellbeingnutrition.com/products/vegan-protein-french-vanilla-caramel
2026-09-09 13:41 IST,Wellbeing Nutrition,Wellbeing Nutrition,Plant Protein 22g | 500g | 3B CFU Probiotics | Canadian Mixed Berry (Pack of 1),1799.0,1709.0,5.0,341.8,True,https://wellbeingnutrition.com/products/vegan-protein-canadian-mixed-berry
2026-09-09 13:41 IST,Wellbeing Nutrition,Wellbeing Nutrition,Her Superfood Plant Protein | Chocolate Peanut Butter (Pack of 1),1799.0,1709.0,5.0,,True,https://wellbeingnutrition.com/products/superfood-plant-protein-powder-for-women
2026-09-09 13:41 IST,Wellbeing Nutrition,Wellbeing Nutrition,Superfood Plant Protein | British Banoffee Pie (Pack of 1),1799.0,1709.0,5.0,,True,https://wellbeingnutrition.com/products/superfood-plant-protein-powder-in-banoffee-pie
2026-09-09 13:41 IST,Wellbeing Nutrition,Wellbeing Nutrition,Whey Protein Isolate + Concentrate Mango Sachets (Pack of 2),2798.0,2798.0,0.0,,False,https://wellbeingnutrition.com/products/whey-protein-isolate-concentrate-mango-sachets
2026-09-09 13:41 IST,Wellbeing Nutrition,Wellbeing Nutrition,Plant Protein 22g | 907g | 3B CFU Probiotics | French Vanilla Caramel (Pack of 1),3399.0,3229.0,5.0,356.01,True,https://wellbeingnutrition.com/products/vegan-protein-french-vanilla-caramel-copy
2026-09-09 13:41 IST,AS-IT-IS Nutrition,AS-IT-IS Nutrition,"AS-IT-IS ONE Brown Rice Protein | 27g Protein per Serving | Plant Protein | Single-Ingredient, Unflavoured (35g)",175.0,122.0,30.3,,True,https://asitisnutrition.com/products/as-it-is-nutrition-brown-rice-protein-80-designed-as-meal-supplement-lab-tested-unflavoured
2026-09-09 13:41 IST,AS-IT-IS Nutrition,AS-IT-IS Nutrition,"AS-IT-IS ONE Pea Protein Isolate | 29g Protein per Serving | Plant Protein | Single-Ingredient, Unflavoured (36g-Sachet)",175.0,122.0,30.3,,False,https://asitisnutrition.com/products/as-it-is-nutrition-pea-protein-isolate-powder
2026-09-09 13:41 IST,AS-IT-IS Nutrition,AS-IT-IS Nutrition,"AS-IT-IS ONE Soy Protein Isolate | 30g Protein per Serving | Plant Protein | Single-Ingredient, Unflavoured (35g)",175.0,122.0,30.3,,False,https://asitisnutrition.com/products/as-it-is-nutrition-buy-soy-protein-isolate-powder-in-india
2026-09-09 13:41 IST,AS-IT-IS Nutrition,AS-IT-IS Nutrition,AS-IT-IS ATOM Beginners Whey Protein | 15g Protein per Serving | With DigeZyme® Enzymes (Choco Hazel Fusion / 37g),203.0,131.0,35.5,,True,https://asitisnutrition.com/products/atom-beginners-whey-protein
2026-09-09 13:41 IST,AS-IT-IS Nutrition,AS-IT-IS Nutrition,"AS-IT-IS ATOM Performance Whey | 25g Protein per Serving | With Safed Musli, Mucuna & DigeZyme® Enzymes (Double Rich Chocolate / 45g)",220.0,140.0,36.4,,True,https://asitisnutrition.com/products/as-it-is-atom-performance-whey-1kg-with-safed-musli-for-faster-recovery-highly-bioavailable
2026-09-09 13:41 IST,AS-IT-IS Nutrition,AS-IT-IS Nutrition,"AS-IT-IS ATOM Performance Whey | 25g Protein per Serving | With Safed Musli, Mucuna & DigeZyme® Enzymes (Pista Fusion / 45g)",2485.0,140.0,94.4,,False,https://asitisnutrition.com/products/as-it-is-atom-performance-whey-1kg-with-safed-musli-for-faster-recovery-highly-bioavailable
2026-09-09 13:41 IST,AS-IT-IS Nutrition,AS-IT-IS Nutrition,"AS-IT-IS ATOM Performance Whey | 25g Protein per Serving | With Safed Musli, Mucuna & DigeZyme® Enzymes (Cafe Latte / 45g)",2485.0,140.0,94.4,,False,https://asitisnutrition.com/products/as-it-is-atom-performance-whey-1kg-with-safed-musli-for-faster-recovery-highly-bioavailable
2026-09-09 13:41 IST,AS-IT-IS Nutrition,AS-IT-IS Nutrition,"AS-IT-IS ATOM Performance Whey | 25g Protein per Serving | With Safed Musli, Mucuna & DigeZyme® Enzymes (Cookie delight / 45g)",2485.0,140.0,94.4,,False,https://asitisnutrition.com/products/as-it-is-atom-performance-whey-1kg-with-safed-musli-for-faster-recovery-highly-bioavailable
2026-09-09 13:41 IST,AS-IT-IS Nutrition,AS-IT-IS Nutrition,"AS-IT-IS ATOM Performance Whey | 25g Protein per Serving | With Safed Musli, Mucuna & DigeZyme® Enzymes (Choco hazel fusion / 45g)",2485.0,140.0,94.4,,False,https://asitisnutrition.com/products/as-it-is-atom-performance-whey-1kg-with-safed-musli-for-faster-recovery-highly-bioavailable
2026-09-09 13:41 IST,AS-IT-IS Nutrition,AS-IT-IS Nutrition,AS-IT-IS ATOM Whey Protein | 27g Protein per Serving | DigeZyme® Enzymes & 1 Billion CFU Probiotics (Double Rich Chocolate / (36g Travel Sachet)),262.0,167.0,36.3,463.89,True,https://asitisnutrition.com/products/atom-whey-protein
2026-09-09 13:41 IST,AS-IT-IS Nutrition,AS-IT-IS Nutrition,AS-IT-IS ONE Whey Protein Concentrate Sachets | 28g Protein per Serving | Unflavoured (35g Sachet (Pack of 1)),305.0,178.0,41.6,593.33,True,https://asitisnutrition.com/products/whey-protein-30g-sachet
2026-09-09 13:41 IST,AS-IT-IS Nutrition,AS-IT-IS Nutrition,"AS-IT-IS ATOM Nitro Whey with Creasure® | 33g Protein, 3g Creatine per Serving | With DigeZyme® Enzymes (Double Rich Chocolate / 45g)",289.0,185.0,36.0,,True,https://asitisnutrition.com/products/atom-nitro-whey-with-creatine-i-33g-protein-3g-creatine-7-4g-bcaa
2026-09-09 13:41 IST,AS-IT-IS Nutrition,AS-IT-IS Nutrition,"AS-IT-IS ATOM Nitro Whey with Creasure® | 33g Protein, 3g Creatine per Serving | With DigeZyme® Enzymes (Kesar Kulfi / 45g)",3407.0,185.0,94.6,,False,https://asitisnutrition.com/products/atom-nitro-whey-with-creatine-i-33g-protein-3g-creatine-7-4g-bcaa
2026-09-09 13:41 IST,AS-IT-IS Nutrition,AS-IT-IS Nutrition,"AS-IT-IS ATOM Nitro Whey with Creasure® | 33g Protein, 3g Creatine per Serving | With DigeZyme® Enzymes (Classic Vanilla / 45g)",3407.0,185.0,94.6,,False,https://asitisnutrition.com/products/atom-nitro-whey-with-creatine-i-33g-protein-3g-creatine-7-4g-bcaa
2026-09-09 13:41 IST,AS-IT-IS Nutrition,AS-IT-IS Nutrition,AS-IT-IS ONE Whey Protein Concentrate Sachets | 28g Protein per Serving | Unflavoured (35g Sachet (Pack of 1) + Shaker),438.0,303.0,30.8,1010.0,False,https://asitisnutrition.com/products/whey-protein-30g-sachet
2026-09-09 13:41 IST,MyFitness,MYFITNESS,MyFitness Peanut Butter - Chocolate | 26% Protein | Crispy | Chocolate Peanut Butter Spread (227g),159.0,149.0,6.3,65.64,True,https://myfitness.co.in/products/chocolate-crispy
2026-09-09 13:41 IST,MyFitness,MYFITNESS,"Pro.Fitness High Protein Chocolate Oats | Dark Chocolate | Healthy Oats With Nuts, Seeds & Added Whey (375g)",339.0,219.0,35.4,58.4,True,https://myfitness.co.in/products/high-protein-oats-900g-27g-protein
2026-09-09 13:41 IST,MyFitness,MYFITNESS,Pro.Fitness Rolled Oats | 13% Protein | Healthy Oats With High Fiber and Zero Cholesterol (900g),320.0,269.0,15.9,,False,https://myfitness.co.in/products/pro-fitness-rolled-oats-900g
2026-09-09 13:41 IST,MyFitness,myfitness-official-store,MyFitness Peanut Butter - Classic Zero | 28% Protein | Extra Crunchy | Zero Sugar Peanut Spread (510 g),349.0,275.0,21.2,53.92,True,https://myfitness.co.in/products/myfitness-zero-peanut-butter-crunchy-510g
2026-09-09 13:41 IST,MyFitness,myfitness-official-store,MyFitness Peanut Butter - Chocolate | 26% Protein | Crunchy | Chocolate Peanut Butter Spread (510 g),319.0,275.0,13.8,45.08,True,https://myfitness.co.in/products/myfitness-chocolate-peanut-butter-crunchy
2026-09-09 13:41 IST,MyFitness,myfitness-official-store,MyFitness Peanut Butter - Natural Unsweetened | 31% Protein | Crunchy | Zero Sugar Peanut Butter Spread (510 g),319.0,275.0,13.8,45.08,True,https://myfitness.co.in/products/myfitness-all-natural-peanut-butter-crunchy
2026-09-09 13:41 IST,MyFitness,myfitness-official-store,MyFitness Peanut Butter - Natural Unsweetened | 25% Protein | Smooth | Zero Sugar Peanut Butter Spread (510 g),319.0,275.0,13.8,45.08,True,https://myfitness.co.in/products/myfitness-all-natural-peanut-butter-smooth
2026-09-09 13:41 IST,MyFitness,myfitness-official-store,MyFitness Peanut Butter - Chocolate | 26% Protein | Crispy | Chocolate Peanut Butter Spread (510 g),319.0,275.0,13.8,45.08,True,https://myfitness.co.in/products/myfitness-chocolate-peanut-butter-crispy
2026-09-09 13:41 IST,MyFitness,myfitness-official-store,MyFitness Peanut Butter - Chocolate | 28% Protein | Smooth | Chocolate Peanut Butter Spread (510 g),319.0,275.0,13.8,45.08,True,https://myfitness.co.in/products/myfitness-chocolate-peanut-butter-smooth
2026-09-09 13:41 IST,MyFitness,myfitness-official-store,MyFitness Peanut Butter - Original | 28% Protein | Crunchy | Classic Peanut Butter Spread (510 g),319.0,275.0,13.8,45.08,True,https://myfitness.co.in/products/myfitness-original-peanut-butter-crunchy
2026-09-09 13:41 IST,MyFitness,myfitness-official-store,MyFitness Peanut Butter - Original | 28% Protein | Smooth | Classic Peanut Butter Spread (510 g),319.0,275.0,13.8,45.08,True,https://myfitness.co.in/products/myfitness-original-peanut-butter-smooth
2026-09-09 13:41 IST,MyFitness,MYFITNESS,MyFitness Peanut Butter - Chocolate | 25% Protein | Almond Crunch | Chocolate Peanut Butter Spread (510 g),379.0,279.0,26.4,54.71,True,https://myfitness.co.in/products/myfitness-chocolate-peanut-butter-with-almond-crunch
2026-09-09 13:41 IST,MyFitness,MYFITNESS,MyFitness x Batman | Chocolate Zero Peanut Butter Extra Crunchy | 27% Protein | Zero Added Sugar | High Protein (510 g),369.0,299.0,19.0,58.63,True,https://myfitness.co.in/products/myfitness-zero-chocolate-peanut-butter-crunchy-zero-sugar-extra-crunch-510g-27g-protein-10g-fiber-tasty-healthy-nut-butter-spread-cholesterol-free-zero-trans-fat-crunchy-peanut-butter
2026-09-09 13:41 IST,MyFitness,MYFITNESS,MyFitness Peanut Butter - Dark Chocolate | 30% Protein | Smooth | Rich Chocolate Peanut Butter Spread (510 g),399.0,299.0,25.1,49.02,True,https://myfitness.co.in/products/myfitness-olympia-edition-dark-chocolate-peanut-butter-with-added-whey-smooth
2026-09-09 13:41 IST,MyFitness,MYFITNESS,MyFitness Peanut Butter - Dark Chocolate | 29% Protein | Crispy | Rich Chocolate Peanut Butter Spread (510 g),399.0,319.0,20.1,52.3,True,https://myfitness.co.in/products/myfitness-peanut-butter-dark-chocolate-29-protein-crispy-rich-chocolate-peanut-butter-spread
2026-09-09 13:41 IST,Naturaltein,naturaltein,The Protein Dessert E-Cook Book by Naturaltein,599.0,399.0,33.4,,True,https://naturaltein.in/products/the-protein-dessert-e-cook-book-by-naturaltein
2026-09-09 13:41 IST,Naturaltein,naturaltein,Natural Plant Protein (Chocolate / 1 Box (500 g)),3000.0,1112.0,62.9,222.4,True,https://naturaltein.in/products/plant-protein
2026-09-09 13:41 IST,Naturaltein,naturaltein,Natural Plant Protein (Mango / 1 Box (500 g)),3000.0,1112.0,62.9,222.4,True,https://naturaltein.in/products/plant-protein
2026-09-09 13:41 IST,Naturaltein,naturaltein,Natural Plant Protein (Berry / 1 Box (500 g)),3000.0,1112.0,62.9,222.4,True,https://naturaltein.in/products/plant-protein
2026-09-09 13:41 IST,Naturaltein,naturaltein,Natural Plant Protein (Pista / 1 Box (500 g)),3000.0,1112.0,62.9,222.4,True,https://naturaltein.in/products/plant-protein
2026-09-09 13:41 IST,Naturaltein,naturaltein,Natural Plant Protein (Coffee / 1 Box (500 g)),3000.0,1112.0,62.9,222.4,True,https://naturaltein.in/products/plant-protein
2026-09-09 13:41 IST,Naturaltein,naturaltein,Natural Whey Protein Concentrate (Italian Ice Cream / 1 Box (300 g)),1424.0,1299.0,8.8,433.0,False,https://naturaltein.in/products/whey-protein-concentrate
2026-09-09 13:41 IST,Naturaltein,naturaltein,Natural Whey Protein Concentrate (Chocolate Biscoff / 1 Box (300 g)),1424.0,1399.0,1.8,466.33,False,https://naturaltein.in/products/whey-protein-concentrate
2026-09-09 13:41 IST,Naturaltein,naturaltein,Natural Whey Protein Concentrate (Chocolate Caramel / 1 Box (300 g)),1424.0,1399.0,1.8,466.33,False,https://naturaltein.in/products/whey-protein-concentrate
2026-09-09 13:41 IST,Naturaltein,naturaltein,Natural Whey Protein Concentrate (Chocolate / 1 Box (300 g)),2500.0,1524.0,39.0,508.0,True,https://naturaltein.in/products/whey-protein-concentrate
2026-09-09 13:41 IST,Naturaltein,naturaltein,Natural Whey Protein Concentrate (Unflavoured / 1 Box (300 g)),2500.0,1524.0,39.0,508.0,False,https://naturaltein.in/products/whey-protein-concentrate
2026-09-09 13:41 IST,Naturaltein,naturaltein,Natural Whey Protein Concentrate (Caffe Mocha / 1 Box (300 g)),2500.0,1524.0,39.0,508.0,True,https://naturaltein.in/products/whey-protein-concentrate
2026-09-09 13:41 IST,Naturaltein,naturaltein,Natural Plant Protein (Chocolate / 2 Boxes (1 kg)),6000.0,1600.0,73.3,160.0,True,https://naturaltein.in/products/plant-protein
2026-09-09 13:41 IST,Naturaltein,naturaltein,Natural Plant Protein (Mango / 2 Boxes (1 kg)),6000.0,1600.0,73.3,160.0,True,https://naturaltein.in/products/plant-protein
2026-09-09 13:41 IST,Naturaltein,naturaltein,Natural Plant Protein (Berry / 2 Boxes (1 kg)),6000.0,1600.0,73.3,160.0,True,https://naturaltein.in/products/plant-protein
2026-09-09 13:41 IST,GNC India,GNC India,PP Protein Wafer Bar Mini 20gm (Chocolate / 20 gm),60.0,40.0,33.3,200.0,True,https://gnc.in/products/pp-protein-wafer-bar-mini-20gm
2026-09-09 13:41 IST,GNC India,GNC India,PP Protein Wafer Bar Mini 20gm (Coffee / 20 gm),60.0,40.0,33.3,200.0,True,https://gnc.in/products/pp-protein-wafer-bar-mini-20gm
2026-09-09 13:41 IST,GNC India,GNC India,PP Protein Wafer Bar Mini 20gm (Peanut Butter / 20 gm),60.0,40.0,33.3,200.0,True,https://gnc.in/products/pp-protein-wafer-bar-mini-20gm
2026-09-09 13:41 IST,GNC India,GNC,GNC Protein Wafer Bar (Pack of 1 / Chocolate),120.0,54.0,55.0,,True,https://gnc.in/products/gnc-protein-wafer-bar
2026-09-09 13:41 IST,GNC India,GNC,GNC Protein Wafer Bar (Pack of 1 / Peanut Butter),120.0,54.0,55.0,,True,https://gnc.in/products/gnc-protein-wafer-bar
2026-09-09 13:41 IST,GNC India,GNC,GNC Protein Wafer Bar (Pack of 1 / Coffee),149.0,54.0,63.8,,True,https://gnc.in/products/gnc-protein-wafer-bar
2026-09-09 13:41 IST,GNC India,GNC,GNC Protein Wafer Bar (Chocolate) (Pack of 1 / Chocolate),59.0,55.0,6.8,,True,https://gnc.in/products/gnc-protein-wafer-bar-chocolate
2026-09-09 13:41 IST,GNC India,GNC,GNC Protein Wafer Bar (Peanut butter) (Pack of 1 / Peanut Butter),59.0,55.0,6.8,,True,https://gnc.in/products/gnc-protein-wafer-bar-peanut-butter
2026-09-09 13:41 IST,GNC India,GNC,GNC Protein Wafer Bar (Coffee) (Pack of 1 / Coffee),59.0,55.0,6.8,,True,https://gnc.in/products/gnc-protein-wafer-bar-coffee
2026-09-09 13:41 IST,GNC India,GNC,GNC Protein Wafer Bar (40g / Chocolate),60.0,55.0,8.3,137.5,True,https://gnc.in/products/gnc-protein-wafer-bar-upsell
2026-09-09 13:41 IST,GNC India,GNC India,GNC Select Fermented Yeast Protein Isolate (35 gm / Chocolate),149.0,59.0,60.4,168.57,True,https://gnc.in/products/gnc-select-fermented-yeast-protein
2026-09-09 13:41 IST,GNC India,GNC India,GNC Select Fermented Yeast Protein Isolate (35 gm / Coffee),149.0,59.0,60.4,168.57,True,https://gnc.in/products/gnc-select-fermented-yeast-protein
2026-09-09 13:41 IST,GNC India,GNC India,GNC Select Fermented Yeast Protein Isolate (35 gm / Vanilla),149.0,59.0,60.4,168.57,True,https://gnc.in/products/gnc-select-fermented-yeast-protein
2026-09-09 13:41 IST,GNC India,GNC India,GNC Select Fermented Yeast Protein Isolate (35gm) (35 gm / Chocolate),149.0,65.0,56.4,185.71,True,https://gnc.in/products/gnc-select-fermented-yeast-protein-isolate-35gm
2026-09-09 13:41 IST,GNC India,GNC India,GNC Select Fermented Yeast Protein Isolate (35gm) (35 gm / Coffee),149.0,65.0,56.4,185.71,True,https://gnc.in/products/gnc-select-fermented-yeast-protein-isolate-35gm
2026-09-10 13:40 IST,Nutrabay,Velbiom,Velbiom Happy Cultures Tastiest Plant Protein,600,499,16.8,346.53,True,https://nutrabay.com/product/velbiom-happy-cultures-tastiest-plant-protein/?pId=7407265
2026-09-10 13:40 IST,Nutrabay,TruNativ,TruNativ Plant Based Everyday Protein - Protein You Can Cook With!,699,599,14.3,363.03,True,https://nutrabay.com/product/trunativ-plant-based-everyday-protein-protein-you-can-cook-with/?pId=9485223
2026-09-10 13:40 IST,Nutrabay,Nutrabay,Nutrabay Pure Pea Protein Isolate,669,649,3.0,129.8,True,https://nutrabay.com/product/nutrabay-pure-100-pea-protein-isolate/?pId=4537768
2026-09-10 13:40 IST,Nutrabay,Nutrabay,Nutrabay Wellness Vegan Plant Protein Powder + Superfoods,1199,799,33.4,159.8,True,https://nutrabay.com/product/nutrabay-wellness-vegan-plant-protein-powder-superfoods/?pId=4698878
2026-09-10 13:40 IST,Nutrabay,Nutrabay,Nutrabay Wellness Vegan Plant Protein Powder + Superfoods,1199,799,33.4,159.8,True,https://nutrabay.com/product/nutrabay-wellness-vegan-plant-protein-powder-superfoods/?pId=4698878
2026-09-10 13:40 IST,Nutrabay,Nutrabay,Nutrabay Pure Pea Protein Isolate,1499,849,43.4,84.9,True,https://nutrabay.com/product/nutrabay-pure-100-pea-protein-isolate/?pId=4537768
2026-09-10 13:40 IST,Nutrabay,Ace Blend,Ace Blend Plant Based Daily Protein,1935,849,56.1,,True,https://nutrabay.com/product/ace-blend-plant-based-daily-protein/?pId=6275363
2026-09-10 13:40 IST,Nutrabay,Nutrabay,Nutrabay BioAbsorb™ Whey Protein Powder | Clinically Tested 54% Better Protein Absorption | 26g Protein/Scoop | India's 1st Protein with ProDiFi™ for No Bloating | No Added Sugar,859,859,0.0,474.59,True,https://nutrabay.com/product/nutrabay-bioabsorb-whey-protein/?pId=8042444
2026-09-10 13:40 IST,Nutrabay,Nutrabay,Nutrabay Gold Pea Protein,889,889,0.0,177.8,True,https://nutrabay.com/product/nutrabay-gold-hydrolyzed-pea-protein/?pId=3302532
2026-09-10 13:40 IST,Nutrabay,Nutrabay,Nutrabay Gold Pea Protein,1049,899,14.3,179.8,True,https://nutrabay.com/product/nutrabay-gold-hydrolyzed-pea-protein/?pId=3302532
2026-09-10 13:40 IST,Nutrabay,Nutrabay,Nutrabay Gold Pea Protein,1049,899,14.3,179.8,True,https://nutrabay.com/product/nutrabay-gold-hydrolyzed-pea-protein/?pId=3302532
2026-09-10 13:40 IST,Nutrabay,Velbiom,Velbiom Happy Cultures Tastiest Plant Protein,1699,949,44.1,187.92,True,https://nutrabay.com/product/velbiom-happy-cultures-tastiest-plant-protein/?pId=7407265
2026-09-10 13:40 IST,Nutrabay,Velbiom,Velbiom Happy Cultures Tastiest Plant Protein,1699,949,44.1,187.92,True,https://nutrabay.com/product/velbiom-happy-cultures-tastiest-plant-protein/?pId=7407265
2026-09-10 13:40 IST,Nutrabay,Velbiom,Velbiom Happy Cultures Tastiest Plant Protein,1699,949,44.1,187.92,True,https://nutrabay.com/product/velbiom-happy-cultures-tastiest-plant-protein/?pId=7407265
2026-09-10 13:40 IST,Nutrabay,Optimum Nutrition,Optimum Nutrition (ON) Gold Standard Whey Protein Powder,1079,1079,0.0,,True,https://nutrabay.com/product/optimum-nutrition-on-100-whey-gold-standard-2/?pId=4471481
2026-09-10 13:40 IST,Fast&Up,Fastandup,100% Pure & Natural Moringa Powder,250.0,238.0,4.8,,True,https://in.fastandup.com/products/100-pure-natural-moringa-powder
2026-09-10 13:40 IST,Fast&Up,Fastandup,Plant Protein - Assorted Pack,270.0,243.0,10.0,,True,https://in.fastandup.com/products/fast-up-plant-protein-assorted-pack
2026-09-10 13:40 IST,Fast&Up,Fastandup,Plant Protein - Rich Chocolate - Single Serving Sachet Combo Pack (Rich Chocolate / Pack of 5),450.0,396.0,12.0,,True,https://in.fastandup.com/products/plant-protein-rich-chocolate-single-serving-sachet-combo-pack
2026-09-10 13:40 IST,Fast&Up,Fastandup,Plant Protein - Rich Chocolate - Single Serving Sachet Combo Pack (Rich Chocolate / Pack of 10),900.0,765.0,15.0,,True,https://in.fastandup.com/products/plant-protein-rich-chocolate-single-serving-sachet-combo-pack
2026-09-10 13:40 IST,Fast&Up,Fastandup,Plant Protein - Cookies & Cream - 500g,1599.0,800.0,50.0,160.0,True,https://in.fastandup.com/products/plant-protein-cookies-cream-500g
2026-09-10 13:40 IST,Fast&Up,Fastandup,Plant Protein - Rich Chocolate – 500gms,1599.0,800.0,50.0,160.0,True,https://in.fastandup.com/products/plant-protein-powder-500gms
2026-09-10 13:40 IST,Fast&Up,Fastandup,Plant Protein - Rich Chocolate - Single Serving Sachet Combo Pack (Rich Chocolate / Pack of 15),1350.0,1107.0,18.0,,True,https://in.fastandup.com/products/plant-protein-rich-chocolate-single-serving-sachet-combo-pack
2026-09-10 13:40 IST,Fast&Up,Fastandup,Plant Protein - Alphonso Mango - 1Kg,3115.0,1558.0,50.0,155.8,False,https://in.fastandup.com/products/plant-protein-alphonso-mango-25-servings
2026-09-10 13:40 IST,Fast&Up,Fastandup,Plant Protein - Cookies & Cream - 1Kg,3115.0,1558.0,50.0,155.8,True,https://in.fastandup.com/products/plant-protein-cookies-cream-1-kg
2026-09-10 13:40 IST,Fast&Up,Fastandup,Plant Protein - Strawberry Blast - 25 Servings,3115.0,1558.0,50.0,,False,https://in.fastandup.com/products/plant-protein-strawberry-25-servings
2026-09-10 13:40 IST,Fast&Up,Fastandup,Plant Protein - Rich Chocolate - 1kg,3115.0,1558.0,50.0,155.8,True,https://in.fastandup.com/products/plant-protein-rich-chocolate-1kg
2026-09-10 13:40 IST,Fast&Up,Fastandup,Plant Protein - Cookies & Cream - 500g Pack of 2,3198.0,1599.0,50.0,319.8,True,https://in.fastandup.com/products/plant-protein-cookies-cream-500g-pack-of-2
2026-09-10 13:40 IST,Fast&Up,Fastandup,Plant Protein - Kesar Kulfi - 1kg,3115.0,1620.0,48.0,162.0,False,https://in.fastandup.com/products/plant-protein-powder-special-festive-pack
2026-09-10 13:40 IST,Fast&Up,Fastandup,Daily Fiber + Plant Protein Rich Chocolate Combo,3715.0,2299.0,38.1,,True,https://in.fastandup.com/products/daily-fiber-plant-protein-rich-chocolate-combo
2026-09-10 13:40 IST,Fast&Up,Fastandup,Plant Protein Rich Chocolate - 1kg pouch+ Plant Protein Cookies Cream- 1kg Pouch,6230.0,3115.0,50.0,311.5,False,https://in.fastandup.com/products/plant-protein-rich-chocolate-1kg-pouch-plant-protein-cookies-cream-1kg-pouch
2026-09-10 13:40 IST,OZiva,OZiva,Plant Protein + Pro-Digest (Mango),139.0,139.0,0.0,,True,https://oziva.in/products/plant-protein-pro-digest
2026-09-10 13:40 IST,OZiva,OZiva,Pro-Collagen Protein Peptides Caramel | 250g,799.0,433.0,45.8,173.2,True,https://oziva.in/products/pro-collagen-protein-peptides-caramel-250g
2026-09-10 13:40 IST,OZiva,OZiva,"Vegan Collagen, Clinically Proven (Watermelon / Starter Pack-125g)",499.0,459.0,8.0,367.2,True,https://oziva.in/products/plant-based-collagen
2026-09-10 13:40 IST,OZiva,OZiva,Plant Protein + Pro-Digest (Assorted),699.0,699.0,0.0,,True,https://oziva.in/products/plant-protein-pro-digest
2026-09-10 13:40 IST,OZiva,OZiva,Plant Protein + Pro-Digest (Chocolate),699.0,699.0,0.0,,False,https://oziva.in/products/plant-protein-pro-digest
2026-09-10 13:40 IST,OZiva,OZiva,Plant Protein + Pro-Digest (Strawberry),699.0,699.0,0.0,,False,https://oziva.in/products/plant-protein-pro-digest
2026-09-10 13:40 IST,OZiva,OZiva,Plant Protein + Pro-Digest (Vanilla),699.0,699.0,0.0,,False,https://oziva.in/products/plant-protein-pro-digest
2026-09-10 13:40 IST,OZiva,OZiva,Plant Protein + Pro-Digest (Assorted / Starter Pack),699.0,699.0,0.0,,True,https://oziva.in/products/oziva-bioactive-plant-protein-with-25g-vegan-protein-5-5-bcaas-100-rda-vitamins-minerals-ayurvedic-herbs-for-better-endurance-stamina-muscle-recovery-1-kg
2026-09-10 13:40 IST,OZiva,OZiva,Daily Protein Activ for Women (Rich Chocolate / Starter Pack),799.0,749.0,6.3,,True,https://oziva.in/products/daily-protein-activ-for-women-with-clean-whey-protein-multivitamins-tulsi-probiotics-for-improved-everyday-energy-stamina-bone-health-immune-health
2026-09-10 13:40 IST,OZiva,OZiva,Daily Protein Activ for Women (Classic Vanilla / Starter Pack),799.0,749.0,6.3,,False,https://oziva.in/products/daily-protein-activ-for-women-with-clean-whey-protein-multivitamins-tulsi-probiotics-for-improved-everyday-energy-stamina-bone-health-immune-health
2026-09-10 13:40 IST,OZiva,OZiva,"Pro-Collagen Protein Peptides, 250 g (Starter Pack)",849.0,799.0,5.9,319.6,True,https://oziva.in/products/oziva-pro-collagen-protein-peptides-with-clean-protein-green-coffee-hyaluronic-acid-biotin-for-skin-hair-health-muscle-joint-health-protein-breakdown-caramel-250-g
2026-09-10 13:40 IST,OZiva,OZiva,"Vegan Collagen, Clinically Proven (Guava Glow / Starter Pack)",959.0,929.0,3.1,,True,https://oziva.in/products/plant-based-collagen
2026-09-10 13:40 IST,OZiva,OZiva,"Vegan Collagen, Clinically Proven (Classic / Starter Pack)",959.0,929.0,3.1,,True,https://oziva.in/products/plant-based-collagen
2026-09-10 13:40 IST,OZiva,OZiva,"Vegan Collagen, Clinically Proven (Berry Orange / Starter Pack)",959.0,929.0,3.1,,True,https://oziva.in/products/plant-based-collagen
2026-09-10 13:40 IST,OZiva,OZiva,"Vegan Collagen, Clinically Proven (Watermelon / Starter Pack)",959.0,929.0,3.1,,True,https://oziva.in/products/plant-based-collagen
2026-09-10 13:40 IST,Wellbeing Nutrition,Wellbeing Nutrition,Kids Protein Vanilla Free Sachet,79.0,79.0,0.0,,True,https://wellbeingnutrition.com/products/kids-protein-vanilla-free-sachet
2026-09-10 13:40 IST,Wellbeing Nutrition,Wellbeing Nutrition,Kids Protein Chocolate Sachet,79.0,79.0,0.0,,True,https://wellbeingnutrition.com/products/kids-protein-chocolate-sachet
2026-09-10 13:40 IST,Wellbeing Nutrition,Wellbeing Nutrition,Kids Protein Vanilla Sachet,79.0,79.0,0.0,,True,https://wellbeingnutrition.com/products/kids-protein-vanilla-sachet
2026-09-10 13:40 IST,Wellbeing Nutrition,Wellbeing Nutrition,Vegan Protein Dark Chocolate Hazelnut Sachet,150.0,150.0,0.0,,True,https://wellbeingnutrition.com/products/vegan-protein-dark-chocolate-hazelnut-sachet
2026-09-10 13:40 IST,Wellbeing Nutrition,Wellbeing Nutrition,Whey Protein Isolate Dark Chocolate Sachet (Pack of 1),160.0,160.0,0.0,,False,https://wellbeingnutrition.com/products/whey-protein-isolate-dark-chocolate-sachet
2026-09-10 13:40 IST,Wellbeing Nutrition,Wellbeing Nutrition,Whey Protein Isolate + Concentrate Mango Sachets (Pack of 1),1399.0,1399.0,0.0,,False,https://wellbeingnutrition.com/products/whey-protein-isolate-concentrate-mango-sachets
2026-09-10 13:40 IST,Wellbeing Nutrition,Wellbeing Nutrition,Plant Protein 22g | 500g | 3B CFU Probiotics | Dark Chocolate Hazelnut (Pack of 1),1799.0,1709.0,5.0,341.8,True,https://wellbeingnutrition.com/products/vegan-protein-dark-chocolate-hazelnut
2026-09-10 13:40 IST,Wellbeing Nutrition,Wellbeing Nutrition,Plant Protein 22g | 500g | 3B CFU Probiotics | Italian Cafe Mocha (Pack of 1),1799.0,1709.0,5.0,341.8,False,https://wellbeingnutrition.com/products/vegan-protein-italian-cafe-mocha
2026-09-10 13:40 IST,Wellbeing Nutrition,Wellbeing Nutrition,Plant Protein 22g | 500g | 3B CFU Probiotics | Belgian Dark Chocolate (Pack of 1),1799.0,1709.0,5.0,341.8,True,https://wellbeingnutrition.com/products/vegan-protein-belgian-chocolate
2026-09-10 13:40 IST,Wellbeing Nutrition,Wellbeing Nutrition,Plant Protein 22g | 500g | 3B CFU Probiotics | French Vanilla Caramel (Pack of 1),1799.0,1709.0,5.0,341.8,True,https://wellbeingnutrition.com/products/vegan-protein-french-vanilla-caramel
2026-09-10 13:40 IST,Wellbeing Nutrition,Wellbeing Nutrition,Plant Protein 22g | 500g | 3B CFU Probiotics | Canadian Mixed Berry (Pack of 1),1799.0,1709.0,5.0,341.8,True,https://wellbeingnutrition.com/products/vegan-protein-canadian-mixed-berry
2026-09-10 13:40 IST,Wellbeing Nutrition,Wellbeing Nutrition,Her Superfood Plant Protein | Chocolate Peanut Butter (Pack of 1),1799.0,1709.0,5.0,,True,https://wellbeingnutrition.com/products/superfood-plant-protein-powder-for-women
2026-09-10 13:40 IST,Wellbeing Nutrition,Wellbeing Nutrition,Superfood Plant Protein | British Banoffee Pie (Pack of 1),1799.0,1709.0,5.0,,True,https://wellbeingnutrition.com/products/superfood-plant-protein-powder-in-banoffee-pie
2026-09-10 13:40 IST,Wellbeing Nutrition,Wellbeing Nutrition,Whey Protein Isolate + Concentrate Mango Sachets (Pack of 2),2798.0,2798.0,0.0,,False,https://wellbeingnutrition.com/products/whey-protein-isolate-concentrate-mango-sachets
2026-09-10 13:40 IST,Wellbeing Nutrition,Wellbeing Nutrition,Plant Protein 22g | 907g | 3B CFU Probiotics | French Vanilla Caramel (Pack of 1),3399.0,3229.0,5.0,356.01,True,https://wellbeingnutrition.com/products/vegan-protein-french-vanilla-caramel-copy
2026-09-10 13:40 IST,AS-IT-IS Nutrition,AS-IT-IS Nutrition,"AS-IT-IS ONE Brown Rice Protein | 27g Protein per Serving | Plant Protein | Single-Ingredient, Unflavoured (35g)",175.0,122.0,30.3,,True,https://asitisnutrition.com/products/as-it-is-nutrition-brown-rice-protein-80-designed-as-meal-supplement-lab-tested-unflavoured
2026-09-10 13:40 IST,AS-IT-IS Nutrition,AS-IT-IS Nutrition,"AS-IT-IS ONE Pea Protein Isolate | 29g Protein per Serving | Plant Protein | Single-Ingredient, Unflavoured (36g-Sachet)",175.0,122.0,30.3,,False,https://asitisnutrition.com/products/as-it-is-nutrition-pea-protein-isolate-powder
2026-09-10 13:40 IST,AS-IT-IS Nutrition,AS-IT-IS Nutrition,"AS-IT-IS ONE Soy Protein Isolate | 30g Protein per Serving | Plant Protein | Single-Ingredient, Unflavoured (35g)",175.0,122.0,30.3,,False,https://asitisnutrition.com/products/as-it-is-nutrition-buy-soy-protein-isolate-powder-in-india
2026-09-10 13:40 IST,AS-IT-IS Nutrition,AS-IT-IS Nutrition,AS-IT-IS ATOM Beginners Whey Protein | 15g Protein per Serving | With DigeZyme® Enzymes (Choco Hazel Fusion / 37g),203.0,131.0,35.5,,True,https://asitisnutrition.com/products/atom-beginners-whey-protein
2026-09-10 13:40 IST,AS-IT-IS Nutrition,AS-IT-IS Nutrition,"AS-IT-IS ATOM Performance Whey | 25g Protein per Serving | With Safed Musli, Mucuna & DigeZyme® Enzymes (Double Rich Chocolate / 45g)",220.0,140.0,36.4,,True,https://asitisnutrition.com/products/as-it-is-atom-performance-whey-1kg-with-safed-musli-for-faster-recovery-highly-bioavailable
2026-09-10 13:40 IST,AS-IT-IS Nutrition,AS-IT-IS Nutrition,"AS-IT-IS ATOM Performance Whey | 25g Protein per Serving | With Safed Musli, Mucuna & DigeZyme® Enzymes (Pista Fusion / 45g)",2485.0,140.0,94.4,,False,https://asitisnutrition.com/products/as-it-is-atom-performance-whey-1kg-with-safed-musli-for-faster-recovery-highly-bioavailable
2026-09-10 13:40 IST,AS-IT-IS Nutrition,AS-IT-IS Nutrition,"AS-IT-IS ATOM Performance Whey | 25g Protein per Serving | With Safed Musli, Mucuna & DigeZyme® Enzymes (Cafe Latte / 45g)",2485.0,140.0,94.4,,False,https://asitisnutrition.com/products/as-it-is-atom-performance-whey-1kg-with-safed-musli-for-faster-recovery-highly-bioavailable
2026-09-10 13:40 IST,AS-IT-IS Nutrition,AS-IT-IS Nutrition,"AS-IT-IS ATOM Performance Whey | 25g Protein per Serving | With Safed Musli, Mucuna & DigeZyme® Enzymes (Cookie delight / 45g)",2485.0,140.0,94.4,,False,https://asitisnutrition.com/products/as-it-is-atom-performance-whey-1kg-with-safed-musli-for-faster-recovery-highly-bioavailable
2026-09-10 13:40 IST,AS-IT-IS Nutrition,AS-IT-IS Nutrition,"AS-IT-IS ATOM Performance Whey | 25g Protein per Serving | With Safed Musli, Mucuna & DigeZyme® Enzymes (Choco hazel fusion / 45g)",2485.0,140.0,94.4,,False,https://asitisnutrition.com/products/as-it-is-atom-performance-whey-1kg-with-safed-musli-for-faster-recovery-highly-bioavailable
2026-09-10 13:40 IST,AS-IT-IS Nutrition,AS-IT-IS Nutrition,AS-IT-IS ATOM Whey Protein | 27g Protein per Serving | DigeZyme® Enzymes & 1 Billion CFU Probiotics (Double Rich Chocolate / (36g Travel Sachet)),262.0,167.0,36.3,463.89,True,https://asitisnutrition.com/products/atom-whey-protein
2026-09-10 13:40 IST,AS-IT-IS Nutrition,AS-IT-IS Nutrition,AS-IT-IS ONE Whey Protein Concentrate Sachets | 28g Protein per Serving | Unflavoured (35g Sachet (Pack of 1)),305.0,178.0,41.6,593.33,True,https://asitisnutrition.com/products/whey-protein-30g-sachet
2026-09-10 13:40 IST,AS-IT-IS Nutrition,AS-IT-IS Nutrition,"AS-IT-IS ATOM Nitro Whey with Creasure® | 33g Protein, 3g Creatine per Serving | With DigeZyme® Enzymes (Double Rich Chocolate / 45g)",289.0,185.0,36.0,,True,https://asitisnutrition.com/products/atom-nitro-whey-with-creatine-i-33g-protein-3g-creatine-7-4g-bcaa
2026-09-10 13:40 IST,AS-IT-IS Nutrition,AS-IT-IS Nutrition,"AS-IT-IS ATOM Nitro Whey with Creasure® | 33g Protein, 3g Creatine per Serving | With DigeZyme® Enzymes (Kesar Kulfi / 45g)",3407.0,185.0,94.6,,False,https://asitisnutrition.com/products/atom-nitro-whey-with-creatine-i-33g-protein-3g-creatine-7-4g-bcaa
2026-09-10 13:40 IST,AS-IT-IS Nutrition,AS-IT-IS Nutrition,"AS-IT-IS ATOM Nitro Whey with Creasure® | 33g Protein, 3g Creatine per Serving | With DigeZyme® Enzymes (Classic Vanilla / 45g)",3407.0,185.0,94.6,,False,https://asitisnutrition.com/products/atom-nitro-whey-with-creatine-i-33g-protein-3g-creatine-7-4g-bcaa
2026-09-10 13:40 IST,AS-IT-IS Nutrition,AS-IT-IS Nutrition,AS-IT-IS ONE Whey Protein Concentrate Sachets | 28g Protein per Serving | Unflavoured (35g Sachet (Pack of 1) + Shaker),438.0,303.0,30.8,1010.0,False,https://asitisnutrition.com/products/whey-protein-30g-sachet
2026-09-10 13:40 IST,MyFitness,MYFITNESS,MyFitness Peanut Butter - Chocolate | 26% Protein | Crispy | Chocolate Peanut Butter Spread (227g),159.0,149.0,6.3,65.64,True,https://myfitness.co.in/products/chocolate-crispy
2026-09-10 13:40 IST,MyFitness,MYFITNESS,"Pro.Fitness High Protein Chocolate Oats | Dark Chocolate | Healthy Oats With Nuts, Seeds & Added Whey (375g)",339.0,219.0,35.4,58.4,True,https://myfitness.co.in/products/high-protein-oats-900g-27g-protein
2026-09-10 13:40 IST,MyFitness,MYFITNESS,Pro.Fitness Rolled Oats | 13% Protein | Healthy Oats With High Fiber and Zero Cholesterol (900g),320.0,269.0,15.9,,False,https://myfitness.co.in/products/pro-fitness-rolled-oats-900g
2026-09-10 13:40 IST,MyFitness,myfitness-official-store,MyFitness Peanut Butter - Classic Zero | 28% Protein | Extra Crunchy | Zero Sugar Peanut Spread (510 g),349.0,275.0,21.2,53.92,True,https://myfitness.co.in/products/myfitness-zero-peanut-butter-crunchy-510g
2026-09-10 13:40 IST,MyFitness,myfitness-official-store,MyFitness Peanut Butter - Chocolate | 26% Protein | Crunchy | Chocolate Peanut Butter Spread (510 g),319.0,275.0,13.8,45.08,True,https://myfitness.co.in/products/myfitness-chocolate-peanut-butter-crunchy
2026-09-10 13:40 IST,MyFitness,myfitness-official-store,MyFitness Peanut Butter - Natural Unsweetened | 31% Protein | Crunchy | Zero Sugar Peanut Butter Spread (510 g),319.0,275.0,13.8,45.08,True,https://myfitness.co.in/products/myfitness-all-natural-peanut-butter-crunchy
2026-09-10 13:40 IST,MyFitness,myfitness-official-store,MyFitness Peanut Butter - Natural Unsweetened | 25% Protein | Smooth | Zero Sugar Peanut Butter Spread (510 g),319.0,275.0,13.8,45.08,True,https://myfitness.co.in/products/myfitness-all-natural-peanut-butter-smooth
2026-09-10 13:40 IST,MyFitness,myfitness-official-store,MyFitness Peanut Butter - Chocolate | 26% Protein | Crispy | Chocolate Peanut Butter Spread (510 g),319.0,275.0,13.8,45.08,True,https://myfitness.co.in/products/myfitness-chocolate-peanut-butter-crispy
2026-09-10 13:40 IST,MyFitness,myfitness-official-store,MyFitness Peanut Butter - Chocolate | 28% Protein | Smooth | Chocolate Peanut Butter Spread (510 g),319.0,275.0,13.8,45.08,True,https://myfitness.co.in/products/myfitness-chocolate-peanut-butter-smooth
2026-09-10 13:40 IST,MyFitness,myfitness-official-store,MyFitness Peanut Butter - Original | 28% Protein | Crunchy | Classic Peanut Butter Spread (510 g),319.0,275.0,13.8,45.08,True,https://myfitness.co.in/products/myfitness-original-peanut-butter-crunchy
2026-09-10 13:40 IST,MyFitness,myfitness-official-store,MyFitness Peanut Butter - Original | 28% Protein | Smooth | Classic Peanut Butter Spread (510 g),319.0,275.0,13.8,45.08,True,https://myfitness.co.in/products/myfitness-original-peanut-butter-smooth
2026-09-10 13:40 IST,MyFitness,MYFITNESS,MyFitness Peanut Butter - Chocolate | 25% Protein | Almond Crunch | Chocolate Peanut Butter Spread (510 g),379.0,279.0,26.4,54.71,True,https://myfitness.co.in/products/myfitness-chocolate-peanut-butter-with-almond-crunch
2026-09-10 13:40 IST,MyFitness,MYFITNESS,MyFitness x Batman | Chocolate Zero Peanut Butter Extra Crunchy | 27% Protein | Zero Added Sugar | High Protein (510 g),369.0,299.0,19.0,58.63,True,https://myfitness.co.in/products/myfitness-zero-chocolate-peanut-butter-crunchy-zero-sugar-extra-crunch-510g-27g-protein-10g-fiber-tasty-healthy-nut-butter-spread-cholesterol-free-zero-trans-fat-crunchy-peanut-butter
2026-09-10 13:40 IST,MyFitness,MYFITNESS,MyFitness Peanut Butter - Dark Chocolate | 30% Protein | Smooth | Rich Chocolate Peanut Butter Spread (510 g),399.0,299.0,25.1,49.02,True,https://myfitness.co.in/products/myfitness-olympia-edition-dark-chocolate-peanut-butter-with-added-whey-smooth
2026-09-10 13:40 IST,MyFitness,MYFITNESS,MyFitness Peanut Butter - Dark Chocolate | 29% Protein | Crispy | Rich Chocolate Peanut Butter Spread (510 g),399.0,319.0,20.1,52.3,True,https://myfitness.co.in/products/myfitness-peanut-butter-dark-chocolate-29-protein-crispy-rich-chocolate-peanut-butter-spread
2026-09-10 13:40 IST,Naturaltein,naturaltein,The Protein Dessert E-Cook Book by Naturaltein,599.0,399.0,33.4,,True,https://naturaltein.in/products/the-protein-dessert-e-cook-book-by-naturaltein
2026-09-10 13:40 IST,Naturaltein,naturaltein,Natural Plant Protein (Chocolate / 1 Box (500 g)),3000.0,1112.0,62.9,222.4,True,https://naturaltein.in/products/plant-protein
2026-09-10 13:40 IST,Naturaltein,naturaltein,Natural Plant Protein (Mango / 1 Box (500 g)),3000.0,1112.0,62.9,222.4,True,https://naturaltein.in/products/plant-protein
2026-09-10 13:40 IST,Naturaltein,naturaltein,Natural Plant Protein (Berry / 1 Box (500 g)),3000.0,1112.0,62.9,222.4,True,https://naturaltein.in/products/plant-protein
2026-09-10 13:40 IST,Naturaltein,naturaltein,Natural Plant Protein (Pista / 1 Box (500 g)),3000.0,1112.0,62.9,222.4,True,https://naturaltein.in/products/plant-protein
2026-09-10 13:40 IST,Naturaltein,naturaltein,Natural Plant Protein (Coffee / 1 Box (500 g)),3000.0,1112.0,62.9,222.4,True,https://naturaltein.in/products/plant-protein
2026-09-10 13:40 IST,Naturaltein,naturaltein,Natural Whey Protein Concentrate (Italian Ice Cream / 1 Box (300 g)),1424.0,1299.0,8.8,433.0,False,https://naturaltein.in/products/whey-protein-concentrate
2026-09-10 13:40 IST,Naturaltein,naturaltein,Natural Whey Protein Concentrate (Chocolate Biscoff / 1 Box (300 g)),1424.0,1399.0,1.8,466.33,False,https://naturaltein.in/products/whey-protein-concentrate
2026-09-10 13:40 IST,Naturaltein,naturaltein,Natural Whey Protein Concentrate (Chocolate Caramel / 1 Box (300 g)),1424.0,1399.0,1.8,466.33,False,https://naturaltein.in/products/whey-protein-concentrate
2026-09-10 13:40 IST,Naturaltein,naturaltein,Natural Whey Protein Concentrate (Chocolate / 1 Box (300 g)),2500.0,1524.0,39.0,508.0,True,https://naturaltein.in/products/whey-protein-concentrate
2026-09-10 13:40 IST,Naturaltein,naturaltein,Natural Whey Protein Concentrate (Unflavoured / 1 Box (300 g)),2500.0,1524.0,39.0,508.0,False,https://naturaltein.in/products/whey-protein-concentrate
2026-09-10 13:40 IST,Naturaltein,naturaltein,Natural Whey Protein Concentrate (Caffe Mocha / 1 Box (300 g)),2500.0,1524.0,39.0,508.0,True,https://naturaltein.in/products/whey-protein-concentrate
2026-09-10 13:40 IST,Naturaltein,naturaltein,Natural Plant Protein (Chocolate / 2 Boxes (1 kg)),6000.0,1600.0,73.3,160.0,True,https://naturaltein.in/products/plant-protein
2026-09-10 13:40 IST,Naturaltein,naturaltein,Natural Plant Protein (Mango / 2 Boxes (1 kg)),6000.0,1600.0,73.3,160.0,True,https://naturaltein.in/products/plant-protein
2026-09-10 13:40 IST,Naturaltein,naturaltein,Natural Plant Protein (Berry / 2 Boxes (1 kg)),6000.0,1600.0,73.3,160.0,True,https://naturaltein.in/products/plant-protein
2026-09-10 13:40 IST,GNC India,GNC India,PP Protein Wafer Bar Mini 20gm (Chocolate / 20 gm),60.0,40.0,33.3,200.0,True,https://gnc.in/products/pp-protein-wafer-bar-mini-20gm
2026-09-10 13:40 IST,GNC India,GNC India,PP Protein Wafer Bar Mini 20gm (Coffee / 20 gm),60.0,40.0,33.3,200.0,True,https://gnc.in/products/pp-protein-wafer-bar-mini-20gm
2026-09-10 13:40 IST,GNC India,GNC India,PP Protein Wafer Bar Mini 20gm (Peanut Butter / 20 gm),60.0,40.0,33.3,200.0,True,https://gnc.in/products/pp-protein-wafer-bar-mini-20gm
2026-09-10 13:40 IST,GNC India,GNC,GNC Protein Wafer Bar (Pack of 1 / Chocolate),120.0,54.0,55.0,,True,https://gnc.in/products/gnc-protein-wafer-bar
2026-09-10 13:40 IST,GNC India,GNC,GNC Protein Wafer Bar (Pack of 1 / Peanut Butter),120.0,54.0,55.0,,True,https://gnc.in/products/gnc-protein-wafer-bar
2026-09-10 13:40 IST,GNC India,GNC,GNC Protein Wafer Bar (Pack of 1 / Coffee),149.0,54.0,63.8,,True,https://gnc.in/products/gnc-protein-wafer-bar
2026-09-10 13:40 IST,GNC India,GNC,GNC Protein Wafer Bar (Chocolate) (Pack of 1 / Chocolate),59.0,55.0,6.8,,True,https://gnc.in/products/gnc-protein-wafer-bar-chocolate
2026-09-10 13:40 IST,GNC India,GNC,GNC Protein Wafer Bar (Peanut butter) (Pack of 1 / Peanut Butter),59.0,55.0,6.8,,True,https://gnc.in/products/gnc-protein-wafer-bar-peanut-butter
2026-09-10 13:40 IST,GNC India,GNC,GNC Protein Wafer Bar (Coffee) (Pack of 1 / Coffee),59.0,55.0,6.8,,True,https://gnc.in/products/gnc-protein-wafer-bar-coffee
2026-09-10 13:40 IST,GNC India,GNC,GNC Protein Wafer Bar (40g / Chocolate),60.0,55.0,8.3,137.5,True,https://gnc.in/products/gnc-protein-wafer-bar-upsell
2026-09-10 13:40 IST,GNC India,GNC India,GNC Select Fermented Yeast Protein Isolate (35 gm / Chocolate),149.0,59.0,60.4,168.57,True,https://gnc.in/products/gnc-select-fermented-yeast-protein
2026-09-10 13:40 IST,GNC India,GNC India,GNC Select Fermented Yeast Protein Isolate (35 gm / Coffee),149.0,59.0,60.4,168.57,True,https://gnc.in/products/gnc-select-fermented-yeast-protein
2026-09-10 13:40 IST,GNC India,GNC India,GNC Select Fermented Yeast Protein Isolate (35 gm / Vanilla),149.0,59.0,60.4,168.57,True,https://gnc.in/products/gnc-select-fermented-yeast-protein
2026-09-10 13:40 IST,GNC India,GNC India,GNC Select Fermented Yeast Protein Isolate (35gm) (35 gm / Chocolate),149.0,65.0,56.4,185.71,True,https://gnc.in/products/gnc-select-fermented-yeast-protein-isolate-35gm
2026-09-10 13:40 IST,GNC India,GNC India,GNC Select Fermented Yeast Protein Isolate (35gm) (35 gm / Coffee),149.0,65.0,56.4,185.71,True,https://gnc.in/products/gnc-select-fermented-yeast-protein-isolate-35gm
2026-09-11 13:35 IST,Nutrabay,Nutrabay,Nutrabay Gold Pea Protein,69,69,0.0,172.5,True,https://nutrabay.com/product/nutrabay-gold-hydrolyzed-pea-protein/?pId=3302532
2026-09-11 13:35 IST,Nutrabay,Nutrabay,Nutrabay Gold Pea Protein,69,69,0.0,172.5,True,https://nutrabay.com/product/nutrabay-gold-hydrolyzed-pea-protein/?pId=3302532
2026-09-11 13:35 IST,Nutrabay,Velbiom,Velbiom Happy Cultures Tastiest Plant Protein,600,499,16.8,346.53,True,https://nutrabay.com/product/velbiom-happy-cultures-tastiest-plant-protein/?pId=7407265
2026-09-11 13:35 IST,Nutrabay,TruNativ,TruNativ Plant Based Everyday Protein - Protein You Can Cook With!,699,599,14.3,363.03,True,https://nutrabay.com/product/trunativ-plant-based-everyday-protein-protein-you-can-cook-with/?pId=9485223
2026-09-11 13:35 IST,Nutrabay,Nutrabay,Nutrabay Pure Pea Protein Isolate,669,649,3.0,129.8,True,https://nutrabay.com/product/nutrabay-pure-100-pea-protein-isolate/?pId=4537768
2026-09-11 13:35 IST,Nutrabay,Nutrabay,Nutrabay Wellness Vegan Plant Protein Powder + Superfoods,1199,799,33.4,159.8,True,https://nutrabay.com/product/nutrabay-wellness-vegan-plant-protein-powder-superfoods/?pId=4698878
2026-09-11 13:35 IST,Nutrabay,Nutrabay,Nutrabay Wellness Vegan Plant Protein Powder + Superfoods,1199,799,33.4,159.8,True,https://nutrabay.com/product/nutrabay-wellness-vegan-plant-protein-powder-superfoods/?pId=4698878
2026-09-11 13:35 IST,Nutrabay,Nutrabay,Nutrabay Pure Pea Protein Isolate,1499,849,43.4,84.9,True,https://nutrabay.com/product/nutrabay-pure-100-pea-protein-isolate/?pId=4537768
2026-09-11 13:35 IST,Nutrabay,Ace Blend,Ace Blend Plant Based Daily Protein,1935,849,56.1,,True,https://nutrabay.com/product/ace-blend-plant-based-daily-protein/?pId=6275363
2026-09-11 13:35 IST,Nutrabay,Nutrabay,Nutrabay BioAbsorb™ Whey Protein Powder | Clinically Tested 54% Better Protein Absorption | 26g Protein/Scoop | India's 1st Protein with ProDiFi™ for No Bloating | No Added Sugar,859,859,0.0,474.59,True,https://nutrabay.com/product/nutrabay-bioabsorb-whey-protein/?pId=8042444
2026-09-11 13:35 IST,Nutrabay,Nutrabay,Nutrabay Gold Pea Protein,889,889,0.0,177.8,True,https://nutrabay.com/product/nutrabay-gold-hydrolyzed-pea-protein/?pId=3302532
2026-09-11 13:35 IST,Nutrabay,Nutrabay,Nutrabay Gold Pea Protein,1049,899,14.3,179.8,True,https://nutrabay.com/product/nutrabay-gold-hydrolyzed-pea-protein/?pId=3302532
2026-09-11 13:35 IST,Nutrabay,Nutrabay,Nutrabay Gold Pea Protein,1049,899,14.3,179.8,True,https://nutrabay.com/product/nutrabay-gold-hydrolyzed-pea-protein/?pId=3302532
2026-09-11 13:35 IST,Nutrabay,Velbiom,Velbiom Happy Cultures Tastiest Plant Protein,1699,949,44.1,187.92,True,https://nutrabay.com/product/velbiom-happy-cultures-tastiest-plant-protein/?pId=7407265
2026-09-11 13:35 IST,Nutrabay,Velbiom,Velbiom Happy Cultures Tastiest Plant Protein,1699,949,44.1,187.92,True,https://nutrabay.com/product/velbiom-happy-cultures-tastiest-plant-protein/?pId=7407265
2026-09-11 13:35 IST,Fast&Up,Fastandup,100% Pure & Natural Moringa Powder,250.0,238.0,4.8,,True,https://in.fastandup.com/products/100-pure-natural-moringa-powder
2026-09-11 13:35 IST,Fast&Up,Fastandup,Plant Protein - Assorted Pack,270.0,243.0,10.0,,True,https://in.fastandup.com/products/fast-up-plant-protein-assorted-pack
2026-09-11 13:35 IST,Fast&Up,Fastandup,Plant Protein - Rich Chocolate - Single Serving Sachet Combo Pack (Rich Chocolate / Pack of 5),450.0,396.0,12.0,,True,https://in.fastandup.com/products/plant-protein-rich-chocolate-single-serving-sachet-combo-pack
2026-09-11 13:35 IST,Fast&Up,Fastandup,Plant Protein - Rich Chocolate - Single Serving Sachet Combo Pack (Rich Chocolate / Pack of 10),900.0,765.0,15.0,,True,https://in.fastandup.com/products/plant-protein-rich-chocolate-single-serving-sachet-combo-pack
2026-09-11 13:35 IST,Fast&Up,Fastandup,Plant Protein - Cookies & Cream - 500g,1599.0,800.0,50.0,160.0,True,https://in.fastandup.com/products/plant-protein-cookies-cream-500g
2026-09-11 13:35 IST,Fast&Up,Fastandup,Plant Protein - Rich Chocolate – 500gms,1599.0,800.0,50.0,160.0,True,https://in.fastandup.com/products/plant-protein-powder-500gms
2026-09-11 13:35 IST,Fast&Up,Fastandup,Plant Protein - Rich Chocolate - Single Serving Sachet Combo Pack (Rich Chocolate / Pack of 15),1350.0,1107.0,18.0,,True,https://in.fastandup.com/products/plant-protein-rich-chocolate-single-serving-sachet-combo-pack
2026-09-11 13:35 IST,Fast&Up,Fastandup,Plant Protein - Alphonso Mango - 1Kg,3115.0,1558.0,50.0,155.8,False,https://in.fastandup.com/products/plant-protein-alphonso-mango-25-servings
2026-09-11 13:35 IST,Fast&Up,Fastandup,Plant Protein - Cookies & Cream - 1Kg,3115.0,1558.0,50.0,155.8,True,https://in.fastandup.com/products/plant-protein-cookies-cream-1-kg
2026-09-11 13:35 IST,Fast&Up,Fastandup,Plant Protein - Strawberry Blast - 25 Servings,3115.0,1558.0,50.0,,False,https://in.fastandup.com/products/plant-protein-strawberry-25-servings
2026-09-11 13:35 IST,Fast&Up,Fastandup,Plant Protein - Rich Chocolate - 1kg,3115.0,1558.0,50.0,155.8,True,https://in.fastandup.com/products/plant-protein-rich-chocolate-1kg
2026-09-11 13:35 IST,Fast&Up,Fastandup,Plant Protein - Cookies & Cream - 500g Pack of 2,3198.0,1599.0,50.0,319.8,True,https://in.fastandup.com/products/plant-protein-cookies-cream-500g-pack-of-2
2026-09-11 13:35 IST,Fast&Up,Fastandup,Plant Protein - Kesar Kulfi - 1kg,3115.0,1620.0,48.0,162.0,True,https://in.fastandup.com/products/plant-protein-powder-special-festive-pack
2026-09-11 13:35 IST,Fast&Up,Fastandup,Daily Fiber + Plant Protein Rich Chocolate Combo,3715.0,2299.0,38.1,,True,https://in.fastandup.com/products/daily-fiber-plant-protein-rich-chocolate-combo
2026-09-11 13:35 IST,Fast&Up,Fastandup,Plant Protein Rich Chocolate - 1kg pouch+ Plant Protein Cookies Cream- 1kg Pouch,6230.0,3115.0,50.0,311.5,False,https://in.fastandup.com/products/plant-protein-rich-chocolate-1kg-pouch-plant-protein-cookies-cream-1kg-pouch
2026-09-11 13:35 IST,OZiva,OZiva,Plant Protein + Pro-Digest (Mango),139.0,139.0,0.0,,True,https://oziva.in/products/plant-protein-pro-digest
2026-09-11 13:35 IST,OZiva,OZiva,Pro-Collagen Protein Peptides Caramel | 250g,799.0,433.0,45.8,173.2,True,https://oziva.in/products/pro-collagen-protein-peptides-caramel-250g
2026-09-11 13:35 IST,OZiva,OZiva,"Vegan Collagen, Clinically Proven (Watermelon / Starter Pack-125g)",499.0,459.0,8.0,367.2,True,https://oziva.in/products/plant-based-collagen
2026-09-11 13:35 IST,OZiva,OZiva,Plant Protein + Pro-Digest (Assorted),699.0,699.0,0.0,,True,https://oziva.in/products/plant-protein-pro-digest
2026-09-11 13:35 IST,OZiva,OZiva,Plant Protein + Pro-Digest (Chocolate),699.0,699.0,0.0,,False,https://oziva.in/products/plant-protein-pro-digest
2026-09-11 13:35 IST,OZiva,OZiva,Plant Protein + Pro-Digest (Strawberry),699.0,699.0,0.0,,False,https://oziva.in/products/plant-protein-pro-digest
2026-09-11 13:35 IST,OZiva,OZiva,Plant Protein + Pro-Digest (Vanilla),699.0,699.0,0.0,,False,https://oziva.in/products/plant-protein-pro-digest
2026-09-11 13:35 IST,OZiva,OZiva,Plant Protein + Pro-Digest (Assorted / Starter Pack),699.0,699.0,0.0,,True,https://oziva.in/products/oziva-bioactive-plant-protein-with-25g-vegan-protein-5-5-bcaas-100-rda-vitamins-minerals-ayurvedic-herbs-for-better-endurance-stamina-muscle-recovery-1-kg
2026-09-11 13:35 IST,OZiva,OZiva,Daily Protein Activ for Women (Rich Chocolate / Starter Pack),799.0,749.0,6.3,,True,https://oziva.in/products/daily-protein-activ-for-women-with-clean-whey-protein-multivitamins-tulsi-probiotics-for-improved-everyday-energy-stamina-bone-health-immune-health
2026-09-11 13:35 IST,OZiva,OZiva,Daily Protein Activ for Women (Classic Vanilla / Starter Pack),799.0,749.0,6.3,,False,https://oziva.in/products/daily-protein-activ-for-women-with-clean-whey-protein-multivitamins-tulsi-probiotics-for-improved-everyday-energy-stamina-bone-health-immune-health
2026-09-11 13:35 IST,OZiva,OZiva,"Pro-Collagen Protein Peptides, 250 g (Starter Pack)",849.0,799.0,5.9,319.6,True,https://oziva.in/products/oziva-pro-collagen-protein-peptides-with-clean-protein-green-coffee-hyaluronic-acid-biotin-for-skin-hair-health-muscle-joint-health-protein-breakdown-caramel-250-g
2026-09-11 13:35 IST,OZiva,OZiva,"Vegan Collagen, Clinically Proven (Guava Glow / Starter Pack)",959.0,929.0,3.1,,True,https://oziva.in/products/plant-based-collagen
2026-09-11 13:35 IST,OZiva,OZiva,"Vegan Collagen, Clinically Proven (Classic / Starter Pack)",959.0,929.0,3.1,,True,https://oziva.in/products/plant-based-collagen
2026-09-11 13:35 IST,OZiva,OZiva,"Vegan Collagen, Clinically Proven (Berry Orange / Starter Pack)",959.0,929.0,3.1,,True,https://oziva.in/products/plant-based-collagen
2026-09-11 13:35 IST,OZiva,OZiva,"Vegan Collagen, Clinically Proven (Watermelon / Starter Pack)",959.0,929.0,3.1,,True,https://oziva.in/products/plant-based-collagen
2026-09-11 13:35 IST,Wellbeing Nutrition,Wellbeing Nutrition,Kids Protein Vanilla Free Sachet,79.0,79.0,0.0,,True,https://wellbeingnutrition.com/products/kids-protein-vanilla-free-sachet
2026-09-11 13:35 IST,Wellbeing Nutrition,Wellbeing Nutrition,Kids Protein Chocolate Sachet,79.0,79.0,0.0,,True,https://wellbeingnutrition.com/products/kids-protein-chocolate-sachet
2026-09-11 13:35 IST,Wellbeing Nutrition,Wellbeing Nutrition,Kids Protein Vanilla Sachet,79.0,79.0,0.0,,True,https://wellbeingnutrition.com/products/kids-protein-vanilla-sachet
2026-09-11 13:35 IST,Wellbeing Nutrition,Wellbeing Nutrition,Vegan Protein Dark Chocolate Hazelnut Sachet,150.0,150.0,0.0,,True,https://wellbeingnutrition.com/products/vegan-protein-dark-chocolate-hazelnut-sachet
2026-09-11 13:35 IST,Wellbeing Nutrition,Wellbeing Nutrition,Whey Protein Isolate Dark Chocolate Sachet (Pack of 1),160.0,160.0,0.0,,False,https://wellbeingnutrition.com/products/whey-protein-isolate-dark-chocolate-sachet
2026-09-11 13:35 IST,Wellbeing Nutrition,Wellbeing Nutrition,Whey Protein Isolate + Concentrate Mango Sachets (Pack of 1),1399.0,1399.0,0.0,,False,https://wellbeingnutrition.com/products/whey-protein-isolate-concentrate-mango-sachets
2026-09-11 13:35 IST,Wellbeing Nutrition,Wellbeing Nutrition,Plant Protein 22g | 500g | 3B CFU Probiotics | Dark Chocolate Hazelnut (Pack of 1),1799.0,1709.0,5.0,341.8,True,https://wellbeingnutrition.com/products/vegan-protein-dark-chocolate-hazelnut
2026-09-11 13:35 IST,Wellbeing Nutrition,Wellbeing Nutrition,Plant Protein 22g | 500g | 3B CFU Probiotics | Italian Cafe Mocha (Pack of 1),1799.0,1709.0,5.0,341.8,False,https://wellbeingnutrition.com/products/vegan-protein-italian-cafe-mocha
2026-09-11 13:35 IST,Wellbeing Nutrition,Wellbeing Nutrition,Plant Protein 22g | 500g | 3B CFU Probiotics | Belgian Dark Chocolate (Pack of 1),1799.0,1709.0,5.0,341.8,True,https://wellbeingnutrition.com/products/vegan-protein-belgian-chocolate
2026-09-11 13:35 IST,Wellbeing Nutrition,Wellbeing Nutrition,Plant Protein 22g | 500g | 3B CFU Probiotics | French Vanilla Caramel (Pack of 1),1799.0,1709.0,5.0,341.8,True,https://wellbeingnutrition.com/products/vegan-protein-french-vanilla-caramel
2026-09-11 13:35 IST,Wellbeing Nutrition,Wellbeing Nutrition,Plant Protein 22g | 500g | 3B CFU Probiotics | Canadian Mixed Berry (Pack of 1),1799.0,1709.0,5.0,341.8,True,https://wellbeingnutrition.com/products/vegan-protein-canadian-mixed-berry
2026-09-11 13:35 IST,Wellbeing Nutrition,Wellbeing Nutrition,Her Superfood Plant Protein | Chocolate Peanut Butter (Pack of 1),1799.0,1709.0,5.0,,True,https://wellbeingnutrition.com/products/superfood-plant-protein-powder-for-women
2026-09-11 13:35 IST,Wellbeing Nutrition,Wellbeing Nutrition,Superfood Plant Protein | British Banoffee Pie (Pack of 1),1799.0,1709.0,5.0,,True,https://wellbeingnutrition.com/products/superfood-plant-protein-powder-in-banoffee-pie
2026-09-11 13:35 IST,Wellbeing Nutrition,Wellbeing Nutrition,Whey Protein Isolate + Concentrate Mango Sachets (Pack of 2),2798.0,2798.0,0.0,,False,https://wellbeingnutrition.com/products/whey-protein-isolate-concentrate-mango-sachets
2026-09-11 13:35 IST,Wellbeing Nutrition,Wellbeing Nutrition,Plant Protein 22g | 907g | 3B CFU Probiotics | French Vanilla Caramel (Pack of 1),3399.0,3229.0,5.0,356.01,True,https://wellbeingnutrition.com/products/vegan-protein-french-vanilla-caramel-copy
2026-09-11 13:35 IST,AS-IT-IS Nutrition,AS-IT-IS Nutrition,"AS-IT-IS ONE Brown Rice Protein | 27g Protein per Serving | Plant Protein | Single-Ingredient, Unflavoured (35g)",175.0,122.0,30.3,,True,https://asitisnutrition.com/products/as-it-is-nutrition-brown-rice-protein-80-designed-as-meal-supplement-lab-tested-unflavoured
2026-09-11 13:35 IST,AS-IT-IS Nutrition,AS-IT-IS Nutrition,"AS-IT-IS ONE Pea Protein Isolate | 29g Protein per Serving | Plant Protein | Single-Ingredient, Unflavoured (36g-Sachet)",175.0,122.0,30.3,,False,https://asitisnutrition.com/products/as-it-is-nutrition-pea-protein-isolate-powder
2026-09-11 13:35 IST,AS-IT-IS Nutrition,AS-IT-IS Nutrition,"AS-IT-IS ONE Soy Protein Isolate | 30g Protein per Serving | Plant Protein | Single-Ingredient, Unflavoured (35g)",175.0,122.0,30.3,,False,https://asitisnutrition.com/products/as-it-is-nutrition-buy-soy-protein-isolate-powder-in-india
2026-09-11 13:35 IST,AS-IT-IS Nutrition,AS-IT-IS Nutrition,AS-IT-IS ATOM Beginners Whey Protein | 15g Protein per Serving | With DigeZyme® Enzymes (Choco Hazel Fusion / 37g),203.0,131.0,35.5,,True,https://asitisnutrition.com/products/atom-beginners-whey-protein
2026-09-11 13:35 IST,AS-IT-IS Nutrition,AS-IT-IS Nutrition,"AS-IT-IS ATOM Performance Whey | 25g Protein per Serving | With Safed Musli, Mucuna & DigeZyme® Enzymes (Double Rich Chocolate / 45g)",220.0,140.0,36.4,,True,https://asitisnutrition.com/products/as-it-is-atom-performance-whey-1kg-with-safed-musli-for-faster-recovery-highly-bioavailable
2026-09-11 13:35 IST,AS-IT-IS Nutrition,AS-IT-IS Nutrition,"AS-IT-IS ATOM Performance Whey | 25g Protein per Serving | With Safed Musli, Mucuna & DigeZyme® Enzymes (Pista Fusion / 45g)",2485.0,140.0,94.4,,False,https://asitisnutrition.com/products/as-it-is-atom-performance-whey-1kg-with-safed-musli-for-faster-recovery-highly-bioavailable
2026-09-11 13:35 IST,AS-IT-IS Nutrition,AS-IT-IS Nutrition,"AS-IT-IS ATOM Performance Whey | 25g Protein per Serving | With Safed Musli, Mucuna & DigeZyme® Enzymes (Cafe Latte / 45g)",2485.0,140.0,94.4,,False,https://asitisnutrition.com/products/as-it-is-atom-performance-whey-1kg-with-safed-musli-for-faster-recovery-highly-bioavailable
2026-09-11 13:35 IST,AS-IT-IS Nutrition,AS-IT-IS Nutrition,"AS-IT-IS ATOM Performance Whey | 25g Protein per Serving | With Safed Musli, Mucuna & DigeZyme® Enzymes (Cookie delight / 45g)",2485.0,140.0,94.4,,False,https://asitisnutrition.com/products/as-it-is-atom-performance-whey-1kg-with-safed-musli-for-faster-recovery-highly-bioavailable
2026-09-11 13:35 IST,AS-IT-IS Nutrition,AS-IT-IS Nutrition,"AS-IT-IS ATOM Performance Whey | 25g Protein per Serving | With Safed Musli, Mucuna & DigeZyme® Enzymes (Choco hazel fusion / 45g)",2485.0,140.0,94.4,,False,https://asitisnutrition.com/products/as-it-is-atom-performance-whey-1kg-with-safed-musli-for-faster-recovery-highly-bioavailable
2026-09-11 13:35 IST,AS-IT-IS Nutrition,AS-IT-IS Nutrition,AS-IT-IS ATOM Whey Protein | 27g Protein per Serving | DigeZyme® Enzymes & 1 Billion CFU Probiotics (Double Rich Chocolate / (36g Travel Sachet)),262.0,167.0,36.3,463.89,True,https://asitisnutrition.com/products/atom-whey-protein
2026-09-11 13:35 IST,AS-IT-IS Nutrition,AS-IT-IS Nutrition,AS-IT-IS ONE Whey Protein Concentrate Sachets | 28g Protein per Serving | Unflavoured (35g Sachet (Pack of 1)),305.0,178.0,41.6,593.33,True,https://asitisnutrition.com/products/whey-protein-30g-sachet
2026-09-11 13:35 IST,AS-IT-IS Nutrition,AS-IT-IS Nutrition,"AS-IT-IS ATOM Nitro Whey with Creasure® | 33g Protein, 3g Creatine per Serving | With DigeZyme® Enzymes (Double Rich Chocolate / 45g)",289.0,185.0,36.0,,True,https://asitisnutrition.com/products/atom-nitro-whey-with-creatine-i-33g-protein-3g-creatine-7-4g-bcaa
2026-09-11 13:35 IST,AS-IT-IS Nutrition,AS-IT-IS Nutrition,"AS-IT-IS ATOM Nitro Whey with Creasure® | 33g Protein, 3g Creatine per Serving | With DigeZyme® Enzymes (Kesar Kulfi / 45g)",3407.0,185.0,94.6,,False,https://asitisnutrition.com/products/atom-nitro-whey-with-creatine-i-33g-protein-3g-creatine-7-4g-bcaa
2026-09-11 13:35 IST,AS-IT-IS Nutrition,AS-IT-IS Nutrition,"AS-IT-IS ATOM Nitro Whey with Creasure® | 33g Protein, 3g Creatine per Serving | With DigeZyme® Enzymes (Classic Vanilla / 45g)",3407.0,185.0,94.6,,False,https://asitisnutrition.com/products/atom-nitro-whey-with-creatine-i-33g-protein-3g-creatine-7-4g-bcaa
2026-09-11 13:35 IST,AS-IT-IS Nutrition,AS-IT-IS Nutrition,AS-IT-IS ONE Whey Protein Concentrate Sachets | 28g Protein per Serving | Unflavoured (35g Sachet (Pack of 1) + Shaker),438.0,303.0,30.8,1010.0,False,https://asitisnutrition.com/products/whey-protein-30g-sachet
2026-09-11 13:35 IST,MyFitness,MYFITNESS,MyFitness Peanut Butter - Chocolate | 26% Protein | Crispy | Chocolate Peanut Butter Spread (227g),159.0,149.0,6.3,65.64,True,https://myfitness.co.in/products/chocolate-crispy
2026-09-11 13:35 IST,MyFitness,MYFITNESS,"Pro.Fitness High Protein Chocolate Oats | Dark Chocolate | Healthy Oats With Nuts, Seeds & Added Whey (375g)",339.0,219.0,35.4,58.4,True,https://myfitness.co.in/products/high-protein-oats-900g-27g-protein
2026-09-11 13:35 IST,MyFitness,myfitness-official-store,MyFitness Peanut Butter - Classic Zero | 28% Protein | Extra Crunchy | Zero Sugar Peanut Spread (510 g),349.0,275.0,21.2,53.92,True,https://myfitness.co.in/products/myfitness-zero-peanut-butter-crunchy-510g
2026-09-11 13:35 IST,MyFitness,myfitness-official-store,MyFitness Peanut Butter - Chocolate | 26% Protein | Crunchy | Chocolate Peanut Butter Spread (510 g),319.0,275.0,13.8,45.08,True,https://myfitness.co.in/products/myfitness-chocolate-peanut-butter-crunchy
2026-09-11 13:35 IST,MyFitness,myfitness-official-store,MyFitness Peanut Butter - Natural Unsweetened | 31% Protein | Crunchy | Zero Sugar Peanut Butter Spread (510 g),319.0,275.0,13.8,45.08,True,https://myfitness.co.in/products/myfitness-all-natural-peanut-butter-crunchy
2026-09-11 13:35 IST,MyFitness,myfitness-official-store,MyFitness Peanut Butter - Natural Unsweetened | 25% Protein | Smooth | Zero Sugar Peanut Butter Spread (510 g),319.0,275.0,13.8,45.08,True,https://myfitness.co.in/products/myfitness-all-natural-peanut-butter-smooth
2026-09-11 13:35 IST,MyFitness,myfitness-official-store,MyFitness Peanut Butter - Chocolate | 26% Protein | Crispy | Chocolate Peanut Butter Spread (510 g),319.0,275.0,13.8,45.08,True,https://myfitness.co.in/products/myfitness-chocolate-peanut-butter-crispy
2026-09-11 13:35 IST,MyFitness,myfitness-official-store,MyFitness Peanut Butter - Chocolate | 28% Protein | Smooth | Chocolate Peanut Butter Spread (510 g),319.0,275.0,13.8,45.08,True,https://myfitness.co.in/products/myfitness-chocolate-peanut-butter-smooth
2026-09-11 13:35 IST,MyFitness,myfitness-official-store,MyFitness Peanut Butter - Original | 28% Protein | Crunchy | Classic Peanut Butter Spread (510 g),319.0,275.0,13.8,45.08,True,https://myfitness.co.in/products/myfitness-original-peanut-butter-crunchy
2026-09-11 13:35 IST,MyFitness,myfitness-official-store,MyFitness Peanut Butter - Original | 28% Protein | Smooth | Classic Peanut Butter Spread (510 g),319.0,275.0,13.8,45.08,True,https://myfitness.co.in/products/myfitness-original-peanut-butter-smooth
2026-09-11 13:35 IST,MyFitness,MYFITNESS,MyFitness Peanut Butter - Chocolate | 25% Protein | Almond Crunch | Chocolate Peanut Butter Spread (510 g),379.0,279.0,26.4,54.71,True,https://myfitness.co.in/products/myfitness-chocolate-peanut-butter-with-almond-crunch
2026-09-11 13:35 IST,MyFitness,MYFITNESS,MyFitness x Batman | Chocolate Zero Peanut Butter Extra Crunchy | 27% Protein | Zero Added Sugar | High Protein (510 g),369.0,299.0,19.0,58.63,True,https://myfitness.co.in/products/myfitness-zero-chocolate-peanut-butter-crunchy-zero-sugar-extra-crunch-510g-27g-protein-10g-fiber-tasty-healthy-nut-butter-spread-cholesterol-free-zero-trans-fat-crunchy-peanut-butter
2026-09-11 13:35 IST,MyFitness,MYFITNESS,MyFitness Peanut Butter - Dark Chocolate | 30% Protein | Smooth | Rich Chocolate Peanut Butter Spread (510 g),399.0,299.0,25.1,49.02,True,https://myfitness.co.in/products/myfitness-olympia-edition-dark-chocolate-peanut-butter-with-added-whey-smooth
2026-09-11 13:35 IST,MyFitness,MYFITNESS,MyFitness Peanut Butter - Dark Chocolate | 29% Protein | Crispy | Rich Chocolate Peanut Butter Spread (510 g),399.0,319.0,20.1,52.3,True,https://myfitness.co.in/products/myfitness-peanut-butter-dark-chocolate-29-protein-crispy-rich-chocolate-peanut-butter-spread
2026-09-11 13:35 IST,MyFitness,MYFITNESS,MyFitness Peanut Butter - Dark Chocolate | 30% Protein | Crunchy | Rich Chocolate Peanut Butter Spread (510 g),399.0,319.0,20.1,52.3,True,https://myfitness.co.in/products/myfitness-olympia-edition-dark-chocolate-peanut-butter-with-added-whey-crunchy
2026-09-11 13:35 IST,Naturaltein,naturaltein,The Protein Dessert E-Cook Book by Naturaltein,599.0,399.0,33.4,,True,https://naturaltein.in/products/the-protein-dessert-e-cook-book-by-naturaltein
2026-09-11 13:35 IST,Naturaltein,naturaltein,Natural Plant Protein (Chocolate / 1 Box (500 g)),3000.0,1112.0,62.9,222.4,True,https://naturaltein.in/products/plant-protein
2026-09-11 13:35 IST,Naturaltein,naturaltein,Natural Plant Protein (Mango / 1 Box (500 g)),3000.0,1112.0,62.9,222.4,True,https://naturaltein.in/products/plant-protein
2026-09-11 13:35 IST,Naturaltein,naturaltein,Natural Plant Protein (Berry / 1 Box (500 g)),3000.0,1112.0,62.9,222.4,True,https://naturaltein.in/products/plant-protein
2026-09-11 13:35 IST,Naturaltein,naturaltein,Natural Plant Protein (Pista / 1 Box (500 g)),3000.0,1112.0,62.9,222.4,True,https://naturaltein.in/products/plant-protein
2026-09-11 13:35 IST,Naturaltein,naturaltein,Natural Plant Protein (Coffee / 1 Box (500 g)),3000.0,1112.0,62.9,222.4,True,https://naturaltein.in/products/plant-protein
2026-09-11 13:35 IST,Naturaltein,naturaltein,Natural Whey Protein Concentrate (Italian Ice Cream / 1 Box (300 g)),1424.0,1299.0,8.8,433.0,False,https://naturaltein.in/products/whey-protein-concentrate
2026-09-11 13:35 IST,Naturaltein,naturaltein,Natural Whey Protein Concentrate (Chocolate Biscoff / 1 Box (300 g)),1424.0,1399.0,1.8,466.33,False,https://naturaltein.in/products/whey-protein-concentrate
2026-09-11 13:35 IST,Naturaltein,naturaltein,Natural Plant Protein (Chocolate / 2 Boxes (1 kg)),6000.0,1600.0,73.3,160.0,True,https://naturaltein.in/products/plant-protein
2026-09-11 13:35 IST,Naturaltein,naturaltein,Natural Plant Protein (Mango / 2 Boxes (1 kg)),6000.0,1600.0,73.3,160.0,True,https://naturaltein.in/products/plant-protein
2026-09-11 13:35 IST,Naturaltein,naturaltein,Natural Plant Protein (Berry / 2 Boxes (1 kg)),6000.0,1600.0,73.3,160.0,True,https://naturaltein.in/products/plant-protein
2026-09-11 13:35 IST,Naturaltein,naturaltein,Natural Plant Protein (Pista / 2 Boxes (1 kg)),6000.0,1600.0,73.3,160.0,True,https://naturaltein.in/products/plant-protein
2026-09-11 13:35 IST,Naturaltein,naturaltein,Natural Plant Protein (Coffee / 2 Boxes (1 kg)),6000.0,1600.0,73.3,160.0,True,https://naturaltein.in/products/plant-protein
2026-09-11 13:35 IST,Naturaltein,naturaltein,Natural Whey Protein Isolate (Pista Kulfi / 1 Box (300 g)),1780.0,1775.0,0.3,591.67,False,https://naturaltein.in/products/whey-protein-isolate
2026-09-11 13:35 IST,Naturaltein,naturaltein,Natural Whey Protein Isolate (Vanilla / 1 Box (300 g)),1780.0,1775.0,0.3,591.67,False,https://naturaltein.in/products/whey-protein-isolate
2026-09-11 13:35 IST,GNC India,GNC India,PP Protein Wafer Bar Mini 20gm (Chocolate / 20 gm),60.0,40.0,33.3,200.0,True,https://gnc.in/products/pp-protein-wafer-bar-mini-20gm
2026-09-11 13:35 IST,GNC India,GNC India,PP Protein Wafer Bar Mini 20gm (Coffee / 20 gm),60.0,40.0,33.3,200.0,True,https://gnc.in/products/pp-protein-wafer-bar-mini-20gm
2026-09-11 13:35 IST,GNC India,GNC India,PP Protein Wafer Bar Mini 20gm (Peanut Butter / 20 gm),60.0,40.0,33.3,200.0,True,https://gnc.in/products/pp-protein-wafer-bar-mini-20gm
2026-09-11 13:35 IST,GNC India,GNC,GNC Protein Wafer Bar (Pack of 1 / Chocolate),120.0,54.0,55.0,,True,https://gnc.in/products/gnc-protein-wafer-bar
2026-09-11 13:35 IST,GNC India,GNC,GNC Protein Wafer Bar (Pack of 1 / Peanut Butter),120.0,54.0,55.0,,True,https://gnc.in/products/gnc-protein-wafer-bar
2026-09-11 13:35 IST,GNC India,GNC,GNC Protein Wafer Bar (Pack of 1 / Coffee),149.0,54.0,63.8,,True,https://gnc.in/products/gnc-protein-wafer-bar
2026-09-11 13:35 IST,GNC India,GNC,GNC Protein Wafer Bar (Chocolate) (Pack of 1 / Chocolate),59.0,55.0,6.8,,True,https://gnc.in/products/gnc-protein-wafer-bar-chocolate
2026-09-11 13:35 IST,GNC India,GNC,GNC Protein Wafer Bar (Peanut butter) (Pack of 1 / Peanut Butter),59.0,55.0,6.8,,True,https://gnc.in/products/gnc-protein-wafer-bar-peanut-butter
2026-09-11 13:35 IST,GNC India,GNC,GNC Protein Wafer Bar (Coffee) (Pack of 1 / Coffee),59.0,55.0,6.8,,True,https://gnc.in/products/gnc-protein-wafer-bar-coffee
2026-09-11 13:35 IST,GNC India,GNC,GNC Protein Wafer Bar (40g / Chocolate),60.0,55.0,8.3,137.5,True,https://gnc.in/products/gnc-protein-wafer-bar-upsell
2026-09-11 13:35 IST,GNC India,GNC India,GNC Select Fermented Yeast Protein Isolate (35 gm / Chocolate),149.0,59.0,60.4,168.57,False,https://gnc.in/products/gnc-select-fermented-yeast-protein
2026-09-11 13:35 IST,GNC India,GNC India,GNC Select Fermented Yeast Protein Isolate (35 gm / Coffee),149.0,59.0,60.4,168.57,True,https://gnc.in/products/gnc-select-fermented-yeast-protein
2026-09-11 13:35 IST,GNC India,GNC India,GNC Select Fermented Yeast Protein Isolate (35 gm / Vanilla),149.0,59.0,60.4,168.57,True,https://gnc.in/products/gnc-select-fermented-yeast-protein
2026-09-11 13:35 IST,GNC India,GNC India,GNC Select Fermented Yeast Protein Isolate (35gm) (35 gm / Chocolate),149.0,65.0,56.4,185.71,False,https://gnc.in/products/gnc-select-fermented-yeast-protein-isolate-35gm
2026-09-11 13:35 IST,GNC India,GNC India,GNC Select Fermented Yeast Protein Isolate (35gm) (35 gm / Coffee),149.0,65.0,56.4,185.71,True,https://gnc.in/products/gnc-select-fermented-yeast-protein-isolate-35gm
2026-09-12 13:27 IST,Nutrabay,Nutrabay,Nutrabay Hydrolyzed Gold Pea Protein,69,69,0.0,172.5,True,https://nutrabay.com/product/nutrabay-gold-hydrolyzed-pea-protein/?pId=3302532
2026-09-12 13:27 IST,Nutrabay,Velbiom,Velbiom Happy Cultures Tastiest Plant Protein,600,499,16.8,346.53,True,https://nutrabay.com/product/velbiom-happy-cultures-tastiest-plant-protein/?pId=7407265
2026-09-12 13:27 IST,Nutrabay,TruNativ,TruNativ Plant Based Everyday Protein - Protein You Can Cook With!,699,599,14.3,363.03,True,https://nutrabay.com/product/trunativ-plant-based-everyday-protein-protein-you-can-cook-with/?pId=9485223
2026-09-12 13:27 IST,Nutrabay,Nutrabay,Nutrabay Pure Pea Protein Isolate,669,649,3.0,129.8,True,https://nutrabay.com/product/nutrabay-pure-100-pea-protein-isolate/?pId=4537768
2026-09-12 13:27 IST,Nutrabay,Nutrabay,Nutrabay Wellness Vegan Plant Protein Powder + Superfoods,1199,799,33.4,159.8,True,https://nutrabay.com/product/nutrabay-wellness-vegan-plant-protein-powder-superfoods/?pId=4698878
2026-09-12 13:27 IST,Nutrabay,Nutrabay,Nutrabay Wellness Vegan Plant Protein Powder + Superfoods,1199,799,33.4,159.8,True,https://nutrabay.com/product/nutrabay-wellness-vegan-plant-protein-powder-superfoods/?pId=4698878
2026-09-12 13:27 IST,Nutrabay,Nutrabay,Nutrabay Pure Pea Protein Isolate,1499,849,43.4,84.9,True,https://nutrabay.com/product/nutrabay-pure-100-pea-protein-isolate/?pId=4537768
2026-09-12 13:27 IST,Nutrabay,Ace Blend,Ace Blend Plant Based Daily Protein,1935,849,56.1,,True,https://nutrabay.com/product/ace-blend-plant-based-daily-protein/?pId=6275363
2026-09-12 13:27 IST,Nutrabay,Nutrabay,Nutrabay BioAbsorb™ Whey Protein Powder | Clinically Tested 54% Better Protein Absorption | 26g Protein/Scoop | India's 1st Protein with ProDiFi™ for No Bloating | No Added Sugar,859,859,0.0,474.59,True,https://nutrabay.com/product/nutrabay-bioabsorb-whey-protein/?pId=8042444
2026-09-12 13:27 IST,Nutrabay,Nutrabay,Nutrabay Hydrolyzed Gold Pea Protein,889,889,0.0,177.8,True,https://nutrabay.com/product/nutrabay-gold-hydrolyzed-pea-protein/?pId=3302532
2026-09-12 13:27 IST,Nutrabay,Nutrabay,Nutrabay Hydrolyzed Gold Pea Protein,1049,899,14.3,179.8,True,https://nutrabay.com/product/nutrabay-gold-hydrolyzed-pea-protein/?pId=3302532
2026-09-12 13:27 IST,Nutrabay,Nutrabay,Nutrabay Hydrolyzed Gold Pea Protein,1049,899,14.3,179.8,True,https://nutrabay.com/product/nutrabay-gold-hydrolyzed-pea-protein/?pId=3302532
2026-09-12 13:27 IST,Nutrabay,Nakpro Nutrition,Nakpro Nutrition Platinum Soy Protein Isolate,2300,899,60.9,89.9,True,https://nutrabay.com/product/nakpro-vegan-soy-protein-isolate-90-raw-pure-natural-vegetarian-plant-protein-supplement-powder/?pId=3990475
2026-09-12 13:27 IST,Nutrabay,Velbiom,Velbiom Happy Cultures Tastiest Plant Protein,1699,949,44.1,187.92,True,https://nutrabay.com/product/velbiom-happy-cultures-tastiest-plant-protein/?pId=7407265
2026-09-12 13:27 IST,Nutrabay,Velbiom,Velbiom Happy Cultures Tastiest Plant Protein,1699,949,44.1,187.92,True,https://nutrabay.com/product/velbiom-happy-cultures-tastiest-plant-protein/?pId=7407265
2026-09-12 13:27 IST,Fast&Up,Fastandup,100% Pure & Natural Moringa Powder,250.0,238.0,4.8,,True,https://in.fastandup.com/products/100-pure-natural-moringa-powder
2026-09-12 13:27 IST,Fast&Up,Fastandup,Plant Protein - Assorted Pack,270.0,243.0,10.0,,True,https://in.fastandup.com/products/fast-up-plant-protein-assorted-pack
2026-09-12 13:27 IST,Fast&Up,Fastandup,Plant Protein - Rich Chocolate - Single Serving Sachet Combo Pack (Rich Chocolate / Pack of 5),450.0,396.0,12.0,,True,https://in.fastandup.com/products/plant-protein-rich-chocolate-single-serving-sachet-combo-pack
2026-09-12 13:27 IST,Fast&Up,Fastandup,Plant Protein - Rich Chocolate - Single Serving Sachet Combo Pack (Rich Chocolate / Pack of 10),900.0,765.0,15.0,,True,https://in.fastandup.com/products/plant-protein-rich-chocolate-single-serving-sachet-combo-pack
2026-09-12 13:27 IST,Fast&Up,Fastandup,Plant Protein - Cookies & Cream - 500g,1599.0,800.0,50.0,160.0,True,https://in.fastandup.com/products/plant-protein-cookies-cream-500g
2026-09-12 13:27 IST,Fast&Up,Fastandup,Plant Protein - Rich Chocolate – 500gms,1599.0,800.0,50.0,160.0,True,https://in.fastandup.com/products/plant-protein-powder-500gms
2026-09-12 13:27 IST,Fast&Up,Fastandup,Plant Protein - Rich Chocolate - Single Serving Sachet Combo Pack (Rich Chocolate / Pack of 15),1350.0,1107.0,18.0,,True,https://in.fastandup.com/products/plant-protein-rich-chocolate-single-serving-sachet-combo-pack
2026-09-12 13:27 IST,Fast&Up,Fastandup,Plant Protein - Alphonso Mango - 1Kg,3115.0,1558.0,50.0,155.8,False,https://in.fastandup.com/products/plant-protein-alphonso-mango-25-servings
2026-09-12 13:27 IST,Fast&Up,Fastandup,Plant Protein - Cookies & Cream - 1Kg,3115.0,1558.0,50.0,155.8,False,https://in.fastandup.com/products/plant-protein-cookies-cream-1-kg
2026-09-12 13:27 IST,Fast&Up,Fastandup,Plant Protein - Strawberry Blast - 25 Servings,3115.0,1558.0,50.0,,False,https://in.fastandup.com/products/plant-protein-strawberry-25-servings
2026-09-12 13:27 IST,Fast&Up,Fastandup,Plant Protein - Rich Chocolate - 1kg,3115.0,1558.0,50.0,155.8,True,https://in.fastandup.com/products/plant-protein-rich-chocolate-1kg
2026-09-12 13:27 IST,Fast&Up,Fastandup,Plant Protein - Cookies & Cream - 500g Pack of 2,3198.0,1599.0,50.0,319.8,True,https://in.fastandup.com/products/plant-protein-cookies-cream-500g-pack-of-2
2026-09-12 13:27 IST,Fast&Up,Fastandup,Plant Protein - Kesar Kulfi - 1kg,3115.0,1620.0,48.0,162.0,True,https://in.fastandup.com/products/plant-protein-powder-special-festive-pack
2026-09-12 13:27 IST,Fast&Up,Fastandup,Daily Fiber + Plant Protein Rich Chocolate Combo,3715.0,2299.0,38.1,,True,https://in.fastandup.com/products/daily-fiber-plant-protein-rich-chocolate-combo
2026-09-12 13:27 IST,Fast&Up,Fastandup,Plant Protein Rich Chocolate - 1kg pouch+ Plant Protein Cookies Cream- 1kg Pouch,6230.0,3115.0,50.0,311.5,False,https://in.fastandup.com/products/plant-protein-rich-chocolate-1kg-pouch-plant-protein-cookies-cream-1kg-pouch
2026-09-12 13:27 IST,OZiva,OZiva,Plant Protein + Pro-Digest (Mango),139.0,139.0,0.0,,True,https://oziva.in/products/plant-protein-pro-digest
2026-09-12 13:27 IST,OZiva,OZiva,Pro-Collagen Protein Peptides Caramel | 250g,799.0,433.0,45.8,173.2,True,https://oziva.in/products/pro-collagen-protein-peptides-caramel-250g
2026-09-12 13:27 IST,OZiva,OZiva,"Vegan Collagen, Clinically Proven (Watermelon / Starter Pack-125g)",499.0,459.0,8.0,367.2,True,https://oziva.in/products/plant-based-collagen
2026-09-12 13:27 IST,OZiva,OZiva,Plant Protein + Pro-Digest (Assorted),699.0,699.0,0.0,,True,https://oziva.in/products/plant-protein-pro-digest
2026-09-12 13:27 IST,OZiva,OZiva,Plant Protein + Pro-Digest (Chocolate),699.0,699.0,0.0,,False,https://oziva.in/products/plant-protein-pro-digest
2026-09-12 13:27 IST,OZiva,OZiva,Plant Protein + Pro-Digest (Strawberry),699.0,699.0,0.0,,False,https://oziva.in/products/plant-protein-pro-digest
2026-09-12 13:27 IST,OZiva,OZiva,Plant Protein + Pro-Digest (Vanilla),699.0,699.0,0.0,,False,https://oziva.in/products/plant-protein-pro-digest
2026-09-12 13:27 IST,OZiva,OZiva,Plant Protein + Pro-Digest (Assorted / Starter Pack),699.0,699.0,0.0,,True,https://oziva.in/products/oziva-bioactive-plant-protein-with-25g-vegan-protein-5-5-bcaas-100-rda-vitamins-minerals-ayurvedic-herbs-for-better-endurance-stamina-muscle-recovery-1-kg
2026-09-12 13:27 IST,OZiva,OZiva,Daily Protein Activ for Women (Rich Chocolate / Starter Pack),799.0,749.0,6.3,,True,https://oziva.in/products/daily-protein-activ-for-women-with-clean-whey-protein-multivitamins-tulsi-probiotics-for-improved-everyday-energy-stamina-bone-health-immune-health
2026-09-12 13:27 IST,OZiva,OZiva,Daily Protein Activ for Women (Classic Vanilla / Starter Pack),799.0,749.0,6.3,,False,https://oziva.in/products/daily-protein-activ-for-women-with-clean-whey-protein-multivitamins-tulsi-probiotics-for-improved-everyday-energy-stamina-bone-health-immune-health
2026-09-12 13:27 IST,OZiva,OZiva,"Pro-Collagen Protein Peptides, 250 g (Starter Pack)",849.0,799.0,5.9,319.6,True,https://oziva.in/products/oziva-pro-collagen-protein-peptides-with-clean-protein-green-coffee-hyaluronic-acid-biotin-for-skin-hair-health-muscle-joint-health-protein-breakdown-caramel-250-g
2026-09-12 13:27 IST,OZiva,OZiva,"Vegan Collagen, Clinically Proven (Guava Glow / Starter Pack)",959.0,929.0,3.1,,True,https://oziva.in/products/plant-based-collagen
2026-09-12 13:27 IST,OZiva,OZiva,"Vegan Collagen, Clinically Proven (Classic / Starter Pack)",959.0,929.0,3.1,,True,https://oziva.in/products/plant-based-collagen
2026-09-12 13:27 IST,OZiva,OZiva,"Vegan Collagen, Clinically Proven (Berry Orange / Starter Pack)",959.0,929.0,3.1,,True,https://oziva.in/products/plant-based-collagen
2026-09-12 13:27 IST,OZiva,OZiva,"Vegan Collagen, Clinically Proven (Watermelon / Starter Pack)",959.0,929.0,3.1,,True,https://oziva.in/products/plant-based-collagen
2026-09-12 13:27 IST,Wellbeing Nutrition,Wellbeing Nutrition,Kids Protein Vanilla Free Sachet,79.0,79.0,0.0,,True,https://wellbeingnutrition.com/products/kids-protein-vanilla-free-sachet
2026-09-12 13:27 IST,Wellbeing Nutrition,Wellbeing Nutrition,Kids Protein Chocolate Sachet,79.0,79.0,0.0,,True,https://wellbeingnutrition.com/products/kids-protein-chocolate-sachet
2026-09-12 13:27 IST,Wellbeing Nutrition,Wellbeing Nutrition,Kids Protein Vanilla Sachet,79.0,79.0,0.0,,True,https://wellbeingnutrition.com/products/kids-protein-vanilla-sachet
2026-09-12 13:27 IST,Wellbeing Nutrition,Wellbeing Nutrition,Vegan Protein Dark Chocolate Hazelnut Sachet,150.0,150.0,0.0,,True,https://wellbeingnutrition.com/products/vegan-protein-dark-chocolate-hazelnut-sachet
2026-09-12 13:27 IST,Wellbeing Nutrition,Wellbeing Nutrition,Whey Protein Isolate Dark Chocolate Sachet (Pack of 1),160.0,160.0,0.0,,False,https://wellbeingnutrition.com/products/whey-protein-isolate-dark-chocolate-sachet
2026-09-12 13:27 IST,Wellbeing Nutrition,Wellbeing Nutrition,Whey Protein Isolate + Concentrate Mango Sachets (Pack of 1),1399.0,1399.0,0.0,,False,https://wellbeingnutrition.com/products/whey-protein-isolate-concentrate-mango-sachets
2026-09-12 13:27 IST,Wellbeing Nutrition,Wellbeing Nutrition,Plant Protein 22g | 500g | 3B CFU Probiotics | Dark Chocolate Hazelnut (Pack of 1),1799.0,1709.0,5.0,341.8,True,https://wellbeingnutrition.com/products/vegan-protein-dark-chocolate-hazelnut
2026-09-12 13:27 IST,Wellbeing Nutrition,Wellbeing Nutrition,Plant Protein 22g | 500g | 3B CFU Probiotics | Italian Cafe Mocha (Pack of 1),1799.0,1709.0,5.0,341.8,True,https://wellbeingnutrition.com/products/vegan-protein-italian-cafe-mocha
2026-09-12 13:27 IST,Wellbeing Nutrition,Wellbeing Nutrition,Plant Protein 22g | 500g | 3B CFU Probiotics | Belgian Dark Chocolate (Pack of 1),1799.0,1709.0,5.0,341.8,True,https://wellbeingnutrition.com/products/vegan-protein-belgian-chocolate
2026-09-12 13:27 IST,Wellbeing Nutrition,Wellbeing Nutrition,Plant Protein 22g | 500g | 3B CFU Probiotics | French Vanilla Caramel (Pack of 1),1799.0,1709.0,5.0,341.8,True,https://wellbeingnutrition.com/products/vegan-protein-french-vanilla-caramel
2026-09-12 13:27 IST,Wellbeing Nutrition,Wellbeing Nutrition,Plant Protein 22g | 500g | 3B CFU Probiotics | Canadian Mixed Berry (Pack of 1),1799.0,1709.0,5.0,341.8,True,https://wellbeingnutrition.com/products/vegan-protein-canadian-mixed-berry
2026-09-12 13:27 IST,Wellbeing Nutrition,Wellbeing Nutrition,Her Superfood Plant Protein | Chocolate Peanut Butter (Pack of 1),1799.0,1709.0,5.0,,True,https://wellbeingnutrition.com/products/superfood-plant-protein-powder-for-women
2026-09-12 13:27 IST,Wellbeing Nutrition,Wellbeing Nutrition,Superfood Plant Protein | British Banoffee Pie (Pack of 1),1799.0,1709.0,5.0,,True,https://wellbeingnutrition.com/products/superfood-plant-protein-powder-in-banoffee-pie
2026-09-12 13:27 IST,Wellbeing Nutrition,Wellbeing Nutrition,Whey Protein Isolate + Concentrate Mango Sachets (Pack of 2),2798.0,2798.0,0.0,,False,https://wellbeingnutrition.com/products/whey-protein-isolate-concentrate-mango-sachets
2026-09-12 13:27 IST,Wellbeing Nutrition,Wellbeing Nutrition,Plant Protein 22g | 907g | 3B CFU Probiotics | French Vanilla Caramel (Pack of 1),3399.0,3229.0,5.0,356.01,True,https://wellbeingnutrition.com/products/vegan-protein-french-vanilla-caramel-copy
2026-09-12 13:27 IST,AS-IT-IS Nutrition,AS-IT-IS Nutrition,"AS-IT-IS ONE Brown Rice Protein | 27g Protein per Serving | Plant Protein | Single-Ingredient, Unflavoured (35g)",175.0,122.0,30.3,,True,https://asitisnutrition.com/products/as-it-is-nutrition-brown-rice-protein-80-designed-as-meal-supplement-lab-tested-unflavoured
2026-09-12 13:27 IST,AS-IT-IS Nutrition,AS-IT-IS Nutrition,"AS-IT-IS ONE Pea Protein Isolate | 29g Protein per Serving | Plant Protein | Single-Ingredient, Unflavoured (36g-Sachet)",175.0,122.0,30.3,,False,https://asitisnutrition.com/products/as-it-is-nutrition-pea-protein-isolate-powder
2026-09-12 13:27 IST,AS-IT-IS Nutrition,AS-IT-IS Nutrition,"AS-IT-IS ONE Soy Protein Isolate | 30g Protein per Serving | Plant Protein | Single-Ingredient, Unflavoured (35g)",175.0,122.0,30.3,,False,https://asitisnutrition.com/products/as-it-is-nutrition-buy-soy-protein-isolate-powder-in-india
2026-09-12 13:27 IST,AS-IT-IS Nutrition,AS-IT-IS Nutrition,AS-IT-IS ATOM Beginners Whey Protein | 15g Protein per Serving | With DigeZyme® Enzymes (Choco Hazel Fusion / 37g),203.0,131.0,35.5,,True,https://asitisnutrition.com/products/atom-beginners-whey-protein
2026-09-12 13:27 IST,AS-IT-IS Nutrition,AS-IT-IS Nutrition,"AS-IT-IS ATOM Performance Whey | 25g Protein per Serving | With Safed Musli, Mucuna & DigeZyme® Enzymes (Double Rich Chocolate / 45g)",220.0,140.0,36.4,,True,https://asitisnutrition.com/products/as-it-is-atom-performance-whey-1kg-with-safed-musli-for-faster-recovery-highly-bioavailable
2026-09-12 13:27 IST,AS-IT-IS Nutrition,AS-IT-IS Nutrition,"AS-IT-IS ATOM Performance Whey | 25g Protein per Serving | With Safed Musli, Mucuna & DigeZyme® Enzymes (Pista Fusion / 45g)",2485.0,140.0,94.4,,False,https://asitisnutrition.com/products/as-it-is-atom-performance-whey-1kg-with-safed-musli-for-faster-recovery-highly-bioavailable
2026-09-12 13:27 IST,AS-IT-IS Nutrition,AS-IT-IS Nutrition,"AS-IT-IS ATOM Performance Whey | 25g Protein per Serving | With Safed Musli, Mucuna & DigeZyme® Enzymes (Cafe Latte / 45g)",2485.0,140.0,94.4,,False,https://asitisnutrition.com/products/as-it-is-atom-performance-whey-1kg-with-safed-musli-for-faster-recovery-highly-bioavailable
2026-09-12 13:27 IST,AS-IT-IS Nutrition,AS-IT-IS Nutrition,"AS-IT-IS ATOM Performance Whey | 25g Protein per Serving | With Safed Musli, Mucuna & DigeZyme® Enzymes (Cookie delight / 45g)",2485.0,140.0,94.4,,False,https://asitisnutrition.com/products/as-it-is-atom-performance-whey-1kg-with-safed-musli-for-faster-recovery-highly-bioavailable
2026-09-12 13:27 IST,AS-IT-IS Nutrition,AS-IT-IS Nutrition,"AS-IT-IS ATOM Performance Whey | 25g Protein per Serving | With Safed Musli, Mucuna & DigeZyme® Enzymes (Choco hazel fusion / 45g)",2485.0,140.0,94.4,,False,https://asitisnutrition.com/products/as-it-is-atom-performance-whey-1kg-with-safed-musli-for-faster-recovery-highly-bioavailable
2026-09-12 13:27 IST,AS-IT-IS Nutrition,AS-IT-IS Nutrition,AS-IT-IS ATOM Whey Protein | 27g Protein per Serving | DigeZyme® Enzymes & 1 Billion CFU Probiotics (Double Rich Chocolate / (36g Travel Sachet)),262.0,167.0,36.3,463.89,True,https://asitisnutrition.com/products/atom-whey-protein
2026-09-12 13:27 IST,AS-IT-IS Nutrition,AS-IT-IS Nutrition,AS-IT-IS ONE Whey Protein Concentrate Sachets | 28g Protein per Serving | Unflavoured (35g Sachet (Pack of 1)),305.0,178.0,41.6,593.33,True,https://asitisnutrition.com/products/whey-protein-30g-sachet
2026-09-12 13:27 IST,AS-IT-IS Nutrition,AS-IT-IS Nutrition,"AS-IT-IS ATOM Nitro Whey with Creasure® | 33g Protein, 3g Creatine per Serving | With DigeZyme® Enzymes (Double Rich Chocolate / 45g)",289.0,185.0,36.0,,True,https://asitisnutrition.com/products/atom-nitro-whey-with-creatine-i-33g-protein-3g-creatine-7-4g-bcaa
2026-09-12 13:27 IST,AS-IT-IS Nutrition,AS-IT-IS Nutrition,"AS-IT-IS ATOM Nitro Whey with Creasure® | 33g Protein, 3g Creatine per Serving | With DigeZyme® Enzymes (Kesar Kulfi / 45g)",3407.0,185.0,94.6,,False,https://asitisnutrition.com/products/atom-nitro-whey-with-creatine-i-33g-protein-3g-creatine-7-4g-bcaa
2026-09-12 13:27 IST,AS-IT-IS Nutrition,AS-IT-IS Nutrition,"AS-IT-IS ATOM Nitro Whey with Creasure® | 33g Protein, 3g Creatine per Serving | With DigeZyme® Enzymes (Classic Vanilla / 45g)",3407.0,185.0,94.6,,False,https://asitisnutrition.com/products/atom-nitro-whey-with-creatine-i-33g-protein-3g-creatine-7-4g-bcaa
2026-09-12 13:27 IST,AS-IT-IS Nutrition,AS-IT-IS Nutrition,AS-IT-IS ONE Whey Protein Concentrate Sachets | 28g Protein per Serving | Unflavoured (35g Sachet (Pack of 1) + Shaker),438.0,303.0,30.8,1010.0,False,https://asitisnutrition.com/products/whey-protein-30g-sachet
2026-09-12 13:27 IST,MyFitness,MYFITNESS,MyFitness Peanut Butter - Chocolate | 26% Protein | Crispy | Chocolate Peanut Butter Spread (227g),159.0,149.0,6.3,65.64,True,https://myfitness.co.in/products/chocolate-crispy
2026-09-12 13:27 IST,MyFitness,MYFITNESS,"Pro.Fitness High Protein Chocolate Oats | Dark Chocolate | Healthy Oats With Nuts, Seeds & Added Whey (375g)",339.0,219.0,35.4,58.4,True,https://myfitness.co.in/products/high-protein-oats-900g-27g-protein
2026-09-12 13:27 IST,MyFitness,myfitness-official-store,MyFitness Peanut Butter - Classic Zero | 28% Protein | Extra Crunchy | Zero Sugar Peanut Spread (510 g),349.0,275.0,21.2,53.92,True,https://myfitness.co.in/products/myfitness-zero-peanut-butter-crunchy-510g
2026-09-12 13:27 IST,MyFitness,myfitness-official-store,MyFitness Peanut Butter - Chocolate | 26% Protein | Crunchy | Chocolate Peanut Butter Spread (510 g),319.0,275.0,13.8,45.08,True,https://myfitness.co.in/products/myfitness-chocolate-peanut-butter-crunchy
2026-09-12 13:27 IST,MyFitness,myfitness-official-store,MyFitness Peanut Butter - Natural Unsweetened | 31% Protein | Crunchy | Zero Sugar Peanut Butter Spread (510 g),319.0,275.0,13.8,45.08,True,https://myfitness.co.in/products/myfitness-all-natural-peanut-butter-crunchy
2026-09-12 13:27 IST,MyFitness,myfitness-official-store,MyFitness Peanut Butter - Natural Unsweetened | 25% Protein | Smooth | Zero Sugar Peanut Butter Spread (510 g),319.0,275.0,13.8,45.08,True,https://myfitness.co.in/products/myfitness-all-natural-peanut-butter-smooth
2026-09-12 13:27 IST,MyFitness,myfitness-official-store,MyFitness Peanut Butter - Chocolate | 26% Protein | Crispy | Chocolate Peanut Butter Spread (510 g),319.0,275.0,13.8,45.08,True,https://myfitness.co.in/products/myfitness-chocolate-peanut-butter-crispy
2026-09-12 13:27 IST,MyFitness,myfitness-official-store,MyFitness Peanut Butter - Chocolate | 28% Protein | Smooth | Chocolate Peanut Butter Spread (510 g),319.0,275.0,13.8,45.08,True,https://myfitness.co.in/products/myfitness-chocolate-peanut-butter-smooth
2026-09-12 13:27 IST,MyFitness,myfitness-official-store,MyFitness Peanut Butter - Original | 28% Protein | Crunchy | Classic Peanut Butter Spread (510 g),319.0,275.0,13.8,45.08,True,https://myfitness.co.in/products/myfitness-original-peanut-butter-crunchy
2026-09-12 13:27 IST,MyFitness,myfitness-official-store,MyFitness Peanut Butter - Original | 28% Protein | Smooth | Classic Peanut Butter Spread (510 g),319.0,275.0,13.8,45.08,True,https://myfitness.co.in/products/myfitness-original-peanut-butter-smooth
2026-09-12 13:27 IST,MyFitness,MYFITNESS,MyFitness Peanut Butter - Chocolate | 25% Protein | Almond Crunch | Chocolate Peanut Butter Spread (510 g),379.0,279.0,26.4,54.71,True,https://myfitness.co.in/products/myfitness-chocolate-peanut-butter-with-almond-crunch
2026-09-12 13:27 IST,MyFitness,MYFITNESS,MyFitness x Batman | Chocolate Zero Peanut Butter Extra Crunchy | 27% Protein | Zero Added Sugar | High Protein (510 g),369.0,299.0,19.0,58.63,True,https://myfitness.co.in/products/myfitness-zero-chocolate-peanut-butter-crunchy-zero-sugar-extra-crunch-510g-27g-protein-10g-fiber-tasty-healthy-nut-butter-spread-cholesterol-free-zero-trans-fat-crunchy-peanut-butter
2026-09-12 13:27 IST,MyFitness,MYFITNESS,MyFitness Peanut Butter - Dark Chocolate | 30% Protein | Smooth | Rich Chocolate Peanut Butter Spread (510 g),399.0,299.0,25.1,49.02,True,https://myfitness.co.in/products/myfitness-olympia-edition-dark-chocolate-peanut-butter-with-added-whey-smooth
2026-09-12 13:27 IST,MyFitness,MYFITNESS,MyFitness Peanut Butter - Dark Chocolate | 29% Protein | Crispy | Rich Chocolate Peanut Butter Spread (510 g),399.0,319.0,20.1,52.3,True,https://myfitness.co.in/products/myfitness-peanut-butter-dark-chocolate-29-protein-crispy-rich-chocolate-peanut-butter-spread
2026-09-12 13:27 IST,MyFitness,MYFITNESS,MyFitness Peanut Butter - Dark Chocolate | 30% Protein | Crunchy | Rich Chocolate Peanut Butter Spread (510 g),399.0,319.0,20.1,52.3,True,https://myfitness.co.in/products/myfitness-olympia-edition-dark-chocolate-peanut-butter-with-added-whey-crunchy
2026-09-12 13:27 IST,GNC India,GNC India,PP Protein Wafer Bar Mini 20gm (Chocolate / 20 gm),60.0,40.0,33.3,200.0,True,https://gnc.in/products/pp-protein-wafer-bar-mini-20gm
2026-09-12 13:27 IST,GNC India,GNC India,PP Protein Wafer Bar Mini 20gm (Coffee / 20 gm),60.0,40.0,33.3,200.0,True,https://gnc.in/products/pp-protein-wafer-bar-mini-20gm
2026-09-12 13:27 IST,GNC India,GNC India,PP Protein Wafer Bar Mini 20gm (Peanut Butter / 20 gm),60.0,40.0,33.3,200.0,True,https://gnc.in/products/pp-protein-wafer-bar-mini-20gm
2026-09-12 13:27 IST,GNC India,GNC,GNC Protein Wafer Bar (Pack of 1 / Chocolate),120.0,54.0,55.0,,True,https://gnc.in/products/gnc-protein-wafer-bar
2026-09-12 13:27 IST,GNC India,GNC,GNC Protein Wafer Bar (Pack of 1 / Peanut Butter),120.0,54.0,55.0,,True,https://gnc.in/products/gnc-protein-wafer-bar
2026-09-12 13:27 IST,GNC India,GNC,GNC Protein Wafer Bar (Pack of 1 / Coffee),149.0,54.0,63.8,,True,https://gnc.in/products/gnc-protein-wafer-bar
2026-09-12 13:27 IST,GNC India,GNC,GNC Protein Wafer Bar (Chocolate) (Pack of 1 / Chocolate),59.0,55.0,6.8,,True,https://gnc.in/products/gnc-protein-wafer-bar-chocolate
2026-09-12 13:27 IST,GNC India,GNC,GNC Protein Wafer Bar (Peanut butter) (Pack of 1 / Peanut Butter),59.0,55.0,6.8,,True,https://gnc.in/products/gnc-protein-wafer-bar-peanut-butter
2026-09-12 13:27 IST,GNC India,GNC,GNC Protein Wafer Bar (Coffee) (Pack of 1 / Coffee),59.0,55.0,6.8,,True,https://gnc.in/products/gnc-protein-wafer-bar-coffee
2026-09-12 13:27 IST,GNC India,GNC,GNC Protein Wafer Bar (40g / Chocolate),60.0,55.0,8.3,137.5,True,https://gnc.in/products/gnc-protein-wafer-bar-upsell
2026-09-12 13:27 IST,GNC India,GNC India,GNC Select Fermented Yeast Protein Isolate (35 gm / Chocolate),149.0,59.0,60.4,168.57,True,https://gnc.in/products/gnc-select-fermented-yeast-protein
2026-09-12 13:27 IST,GNC India,GNC India,GNC Select Fermented Yeast Protein Isolate (35 gm / Coffee),149.0,59.0,60.4,168.57,True,https://gnc.in/products/gnc-select-fermented-yeast-protein
2026-09-12 13:27 IST,GNC India,GNC India,GNC Select Fermented Yeast Protein Isolate (35 gm / Vanilla),149.0,59.0,60.4,168.57,True,https://gnc.in/products/gnc-select-fermented-yeast-protein
2026-09-12 13:27 IST,GNC India,GNC India,GNC Select Fermented Yeast Protein Isolate (35gm) (35 gm / Chocolate),149.0,65.0,56.4,185.71,True,https://gnc.in/products/gnc-select-fermented-yeast-protein-isolate-35gm
2026-09-12 13:27 IST,GNC India,GNC India,GNC Select Fermented Yeast Protein Isolate (35gm) (35 gm / Coffee),149.0,65.0,56.4,185.71,True,https://gnc.in/products/gnc-select-fermented-yeast-protein-isolate-35gm
2026-09-13 13:51 IST,Nutrabay,Nutrabay,Nutrabay Hydrolyzed Gold Pea Protein,69,69,0.0,172.5,True,https://nutrabay.com/product/nutrabay-gold-hydrolyzed-pea-protein/?pId=3302532
2026-09-13 13:51 IST,Nutrabay,Nutrabay,Nutrabay Hydrolyzed Gold Pea Protein,69,69,0.0,172.5,True,https://nutrabay.com/product/nutrabay-gold-hydrolyzed-pea-protein/?pId=3302532
2026-09-13 13:51 IST,Nutrabay,Nutrabay,Nutrabay Hydrolyzed Gold Pea Protein,69,69,0.0,172.5,True,https://nutrabay.com/product/nutrabay-gold-hydrolyzed-pea-protein/?pId=3302532
2026-09-13 13:51 IST,Nutrabay,Velbiom,Velbiom Happy Cultures Tastiest Plant Protein,600,499,16.8,346.53,True,https://nutrabay.com/product/velbiom-happy-cultures-tastiest-plant-protein/?pId=7407265
2026-09-13 13:51 IST,Nutrabay,TruNativ,TruNativ Plant Based Everyday Protein - Protein You Can Cook With!,699,599,14.3,363.03,True,https://nutrabay.com/product/trunativ-plant-based-everyday-protein-protein-you-can-cook-with/?pId=9485223
2026-09-13 13:51 IST,Nutrabay,Nutrabay,Nutrabay Pure Pea Protein Isolate,669,649,3.0,129.8,True,https://nutrabay.com/product/nutrabay-pure-100-pea-protein-isolate/?pId=4537768
2026-09-13 13:51 IST,Nutrabay,Nutrabay,Nutrabay Wellness Vegan Plant Protein Powder + Superfoods,1199,799,33.4,159.8,True,https://nutrabay.com/product/nutrabay-wellness-vegan-plant-protein-powder-superfoods/?pId=4698878
2026-09-13 13:51 IST,Nutrabay,Nutrabay,Nutrabay Wellness Vegan Plant Protein Powder + Superfoods,1199,799,33.4,159.8,True,https://nutrabay.com/product/nutrabay-wellness-vegan-plant-protein-powder-superfoods/?pId=4698878
2026-09-13 13:51 IST,Nutrabay,Nutrabay,Nutrabay Pure Pea Protein Isolate,1499,849,43.4,84.9,True,https://nutrabay.com/product/nutrabay-pure-100-pea-protein-isolate/?pId=4537768
2026-09-13 13:51 IST,Nutrabay,Ace Blend,Ace Blend Plant Based Daily Protein,1935,849,56.1,,True,https://nutrabay.com/product/ace-blend-plant-based-daily-protein/?pId=6275363
2026-09-13 13:51 IST,Nutrabay,Nutrabay,Nutrabay BioAbsorb™ Whey Protein Powder | Clinically Tested 54% Better Protein Absorption | 26g Protein/Scoop | India's 1st Protein with ProDiFi™ for No Bloating | No Added Sugar,859,859,0.0,474.59,True,https://nutrabay.com/product/nutrabay-bioabsorb-whey-protein/?pId=8042444
2026-09-13 13:51 IST,Nutrabay,Nutrabay,Nutrabay Hydrolyzed Gold Pea Protein,889,889,0.0,177.8,True,https://nutrabay.com/product/nutrabay-gold-hydrolyzed-pea-protein/?pId=3302532
2026-09-13 13:51 IST,Nutrabay,Nutrabay,Nutrabay Hydrolyzed Gold Pea Protein,1049,899,14.3,179.8,True,https://nutrabay.com/product/nutrabay-gold-hydrolyzed-pea-protein/?pId=3302532
2026-09-13 13:51 IST,Nutrabay,Nutrabay,Nutrabay Hydrolyzed Gold Pea Protein,1049,899,14.3,179.8,True,https://nutrabay.com/product/nutrabay-gold-hydrolyzed-pea-protein/?pId=3302532
2026-09-13 13:51 IST,Nutrabay,Velbiom,Velbiom Happy Cultures Tastiest Plant Protein,1699,949,44.1,187.92,True,https://nutrabay.com/product/velbiom-happy-cultures-tastiest-plant-protein/?pId=7407265
2026-09-13 13:51 IST,Fast&Up,Fastandup,100% Pure & Natural Moringa Powder,250.0,238.0,4.8,,True,https://in.fastandup.com/products/100-pure-natural-moringa-powder
2026-09-13 13:51 IST,Fast&Up,Fastandup,Plant Protein - Assorted Pack,270.0,243.0,10.0,,True,https://in.fastandup.com/products/fast-up-plant-protein-assorted-pack
2026-09-13 13:51 IST,Fast&Up,Fastandup,Plant Protein - Rich Chocolate - Single Serving Sachet Combo Pack (Rich Chocolate / Pack of 5),450.0,396.0,12.0,,True,https://in.fastandup.com/products/plant-protein-rich-chocolate-single-serving-sachet-combo-pack
2026-09-13 13:51 IST,Fast&Up,Fastandup,Plant Protein - Rich Chocolate - Single Serving Sachet Combo Pack (Rich Chocolate / Pack of 10),900.0,765.0,15.0,,True,https://in.fastandup.com/products/plant-protein-rich-chocolate-single-serving-sachet-combo-pack
2026-09-13 13:51 IST,Fast&Up,Fastandup,Plant Protein - Rich Chocolate - Single Serving Sachet Combo Pack (Rich Chocolate / Pack of 15),1350.0,1107.0,18.0,,True,https://in.fastandup.com/products/plant-protein-rich-chocolate-single-serving-sachet-combo-pack
2026-09-13 13:51 IST,Fast&Up,Fastandup,Plant Protein - Cookies & Cream - 500g,1599.0,1119.3,30.0,223.86,True,https://in.fastandup.com/products/plant-protein-cookies-cream-500g
2026-09-13 13:51 IST,Fast&Up,Fastandup,Plant Protein - Rich Chocolate – 500gms,1599.0,1119.3,30.0,223.86,True,https://in.fastandup.com/products/plant-protein-powder-500gms
2026-09-13 13:51 IST,Fast&Up,Fastandup,Plant Protein - Alphonso Mango - 1Kg,3115.0,1962.45,37.0,196.25,False,https://in.fastandup.com/products/plant-protein-alphonso-mango-25-servings
2026-09-13 13:51 IST,Fast&Up,Fastandup,Plant Protein - Cookies & Cream - 1Kg,3115.0,1962.45,37.0,196.25,True,https://in.fastandup.com/products/plant-protein-cookies-cream-1-kg
2026-09-13 13:51 IST,Fast&Up,Fastandup,Plant Protein - Strawberry Blast - 25 Servings,3115.0,1962.45,37.0,,False,https://in.fastandup.com/products/plant-protein-strawberry-25-servings
2026-09-13 13:51 IST,Fast&Up,Fastandup,Plant Protein - Rich Chocolate - 1kg,3115.0,1962.45,37.0,196.25,True,https://in.fastandup.com/products/plant-protein-rich-chocolate-1kg
2026-09-13 13:51 IST,Fast&Up,Fastandup,Plant Protein - Cookies & Cream - 500g Pack of 2,3198.0,2014.74,37.0,402.95,True,https://in.fastandup.com/products/plant-protein-cookies-cream-500g-pack-of-2
2026-09-13 13:51 IST,Fast&Up,Fastandup,Plant Protein - Kesar Kulfi - 1kg,3115.0,2204.37,29.2,220.44,True,https://in.fastandup.com/products/plant-protein-powder-special-festive-pack
2026-09-13 13:51 IST,Fast&Up,Fastandup,Daily Fiber + Plant Protein Rich Chocolate Combo,3715.0,2229.0,40.0,,True,https://in.fastandup.com/products/daily-fiber-plant-protein-rich-chocolate-combo
2026-09-13 13:51 IST,Fast&Up,Fastandup,Plant Protein Rich Chocolate - 1kg pouch+ Plant Protein Cookies Cream- 1kg Pouch,6230.0,3426.5,45.0,342.65,False,https://in.fastandup.com/products/plant-protein-rich-chocolate-1kg-pouch-plant-protein-cookies-cream-1kg-pouch
2026-09-13 13:51 IST,OZiva,OZiva,Plant Protein + Pro-Digest (Mango),139.0,139.0,0.0,,True,https://oziva.in/products/plant-protein-pro-digest
2026-09-13 13:51 IST,OZiva,OZiva,Pro-Collagen Protein Peptides Caramel | 250g,799.0,433.0,45.8,173.2,True,https://oziva.in/products/pro-collagen-protein-peptides-caramel-250g
2026-09-13 13:51 IST,OZiva,OZiva,"Vegan Collagen, Clinically Proven (Watermelon / Starter Pack-125g)",499.0,459.0,8.0,367.2,True,https://oziva.in/products/plant-based-collagen
2026-09-13 13:51 IST,OZiva,OZiva,Plant Protein + Pro-Digest (Assorted),699.0,699.0,0.0,,True,https://oziva.in/products/plant-protein-pro-digest
2026-09-13 13:51 IST,OZiva,OZiva,Plant Protein + Pro-Digest (Chocolate),699.0,699.0,0.0,,False,https://oziva.in/products/plant-protein-pro-digest
2026-09-13 13:51 IST,OZiva,OZiva,Plant Protein + Pro-Digest (Strawberry),699.0,699.0,0.0,,False,https://oziva.in/products/plant-protein-pro-digest
2026-09-13 13:51 IST,OZiva,OZiva,Plant Protein + Pro-Digest (Vanilla),699.0,699.0,0.0,,False,https://oziva.in/products/plant-protein-pro-digest
2026-09-13 13:51 IST,OZiva,OZiva,Plant Protein + Pro-Digest (Assorted / Starter Pack),699.0,699.0,0.0,,True,https://oziva.in/products/oziva-bioactive-plant-protein-with-25g-vegan-protein-5-5-bcaas-100-rda-vitamins-minerals-ayurvedic-herbs-for-better-endurance-stamina-muscle-recovery-1-kg
2026-09-13 13:51 IST,OZiva,OZiva,Daily Protein Activ for Women (Rich Chocolate / Starter Pack),799.0,749.0,6.3,,True,https://oziva.in/products/daily-protein-activ-for-women-with-clean-whey-protein-multivitamins-tulsi-probiotics-for-improved-everyday-energy-stamina-bone-health-immune-health
2026-09-13 13:51 IST,OZiva,OZiva,Daily Protein Activ for Women (Classic Vanilla / Starter Pack),799.0,749.0,6.3,,False,https://oziva.in/products/daily-protein-activ-for-women-with-clean-whey-protein-multivitamins-tulsi-probiotics-for-improved-everyday-energy-stamina-bone-health-immune-health
2026-09-13 13:51 IST,OZiva,OZiva,"Pro-Collagen Protein Peptides, 250 g (Starter Pack)",849.0,799.0,5.9,319.6,True,https://oziva.in/products/oziva-pro-collagen-protein-peptides-with-clean-protein-green-coffee-hyaluronic-acid-biotin-for-skin-hair-health-muscle-joint-health-protein-breakdown-caramel-250-g
2026-09-13 13:51 IST,OZiva,OZiva,"Vegan Collagen, Clinically Proven (Guava Glow / Starter Pack)",959.0,929.0,3.1,,True,https://oziva.in/products/plant-based-collagen
2026-09-13 13:51 IST,OZiva,OZiva,"Vegan Collagen, Clinically Proven (Classic / Starter Pack)",959.0,929.0,3.1,,True,https://oziva.in/products/plant-based-collagen
2026-09-13 13:51 IST,OZiva,OZiva,"Vegan Collagen, Clinically Proven (Berry Orange / Starter Pack)",959.0,929.0,3.1,,True,https://oziva.in/products/plant-based-collagen
2026-09-13 13:51 IST,OZiva,OZiva,"Vegan Collagen, Clinically Proven (Watermelon / Starter Pack)",959.0,929.0,3.1,,True,https://oziva.in/products/plant-based-collagen
2026-09-13 13:51 IST,Wellbeing Nutrition,Wellbeing Nutrition,Kids Protein Vanilla Free Sachet,79.0,79.0,0.0,,True,https://wellbeingnutrition.com/products/kids-protein-vanilla-free-sachet
2026-09-13 13:51 IST,Wellbeing Nutrition,Wellbeing Nutrition,Kids Protein Chocolate Sachet,79.0,79.0,0.0,,True,https://wellbeingnutrition.com/products/kids-protein-chocolate-sachet
2026-09-13 13:51 IST,Wellbeing Nutrition,Wellbeing Nutrition,Kids Protein Vanilla Sachet,79.0,79.0,0.0,,True,https://wellbeingnutrition.com/products/kids-protein-vanilla-sachet
2026-09-13 13:51 IST,Wellbeing Nutrition,Wellbeing Nutrition,Vegan Protein Dark Chocolate Hazelnut Sachet,150.0,150.0,0.0,,True,https://wellbeingnutrition.com/products/vegan-protein-dark-chocolate-hazelnut-sachet
2026-09-13 13:51 IST,Wellbeing Nutrition,Wellbeing Nutrition,Whey Protein Isolate Dark Chocolate Sachet (Pack of 1),160.0,160.0,0.0,,False,https://wellbeingnutrition.com/products/whey-protein-isolate-dark-chocolate-sachet
2026-09-13 13:51 IST,Wellbeing Nutrition,Wellbeing Nutrition,Whey Protein Isolate + Concentrate Mango Sachets (Pack of 1),1399.0,1399.0,0.0,,False,https://wellbeingnutrition.com/products/whey-protein-isolate-concentrate-mango-sachets
2026-09-13 13:51 IST,Wellbeing Nutrition,Wellbeing Nutrition,Plant Protein 22g | 500g | 3B CFU Probiotics | Dark Chocolate Hazelnut (Pack of 1),1799.0,1709.0,5.0,341.8,True,https://wellbeingnutrition.com/products/vegan-protein-dark-chocolate-hazelnut
2026-09-13 13:51 IST,Wellbeing Nutrition,Wellbeing Nutrition,Plant Protein 22g | 500g | 3B CFU Probiotics | Italian Cafe Mocha (Pack of 1),1799.0,1709.0,5.0,341.8,False,https://wellbeingnutrition.com/products/vegan-protein-italian-cafe-mocha
2026-09-13 13:51 IST,Wellbeing Nutrition,Wellbeing Nutrition,Plant Protein 22g | 500g | 3B CFU Probiotics | Belgian Dark Chocolate (Pack of 1),1799.0,1709.0,5.0,341.8,True,https://wellbeingnutrition.com/products/vegan-protein-belgian-chocolate
2026-09-13 13:51 IST,Wellbeing Nutrition,Wellbeing Nutrition,Plant Protein 22g | 500g | 3B CFU Probiotics | French Vanilla Caramel (Pack of 1),1799.0,1709.0,5.0,341.8,True,https://wellbeingnutrition.com/products/vegan-protein-french-vanilla-caramel
2026-09-13 13:51 IST,Wellbeing Nutrition,Wellbeing Nutrition,Plant Protein 22g | 500g | 3B CFU Probiotics | Canadian Mixed Berry (Pack of 1),1799.0,1709.0,5.0,341.8,True,https://wellbeingnutrition.com/products/vegan-protein-canadian-mixed-berry
2026-09-13 13:51 IST,Wellbeing Nutrition,Wellbeing Nutrition,Her Superfood Plant Protein | Chocolate Peanut Butter (Pack of 1),1799.0,1709.0,5.0,,True,https://wellbeingnutrition.com/products/superfood-plant-protein-powder-for-women
2026-09-13 13:51 IST,Wellbeing Nutrition,Wellbeing Nutrition,Superfood Plant Protein | British Banoffee Pie (Pack of 1),1799.0,1709.0,5.0,,True,https://wellbeingnutrition.com/products/superfood-plant-protein-powder-in-banoffee-pie
2026-09-13 13:51 IST,Wellbeing Nutrition,Wellbeing Nutrition,Whey Protein Isolate + Concentrate Mango Sachets (Pack of 2),2798.0,2798.0,0.0,,False,https://wellbeingnutrition.com/products/whey-protein-isolate-concentrate-mango-sachets
2026-09-13 13:51 IST,Wellbeing Nutrition,Wellbeing Nutrition,Plant Protein 22g | 907g | 3B CFU Probiotics | French Vanilla Caramel (Pack of 1),3399.0,3229.0,5.0,356.01,True,https://wellbeingnutrition.com/products/vegan-protein-french-vanilla-caramel-copy
2026-09-13 13:51 IST,AS-IT-IS Nutrition,AS-IT-IS Nutrition,"AS-IT-IS ONE Brown Rice Protein | 27g Protein per Serving | Plant Protein | Single-Ingredient, Unflavoured (35g)",175.0,122.0,30.3,,True,https://asitisnutrition.com/products/as-it-is-nutrition-brown-rice-protein-80-designed-as-meal-supplement-lab-tested-unflavoured
2026-09-13 13:51 IST,AS-IT-IS Nutrition,AS-IT-IS Nutrition,"AS-IT-IS ONE Pea Protein Isolate | 29g Protein per Serving | Plant Protein | Single-Ingredient, Unflavoured (36g-Sachet)",175.0,122.0,30.3,,False,https://asitisnutrition.com/products/as-it-is-nutrition-pea-protein-isolate-powder
2026-09-13 13:51 IST,AS-IT-IS Nutrition,AS-IT-IS Nutrition,"AS-IT-IS ONE Soy Protein Isolate | 30g Protein per Serving | Plant Protein | Single-Ingredient, Unflavoured (35g)",175.0,122.0,30.3,,False,https://asitisnutrition.com/products/as-it-is-nutrition-buy-soy-protein-isolate-powder-in-india
2026-09-13 13:51 IST,AS-IT-IS Nutrition,AS-IT-IS Nutrition,AS-IT-IS ATOM Beginners Whey Protein | 15g Protein per Serving | With DigeZyme® Enzymes (Choco Hazel Fusion / 37g),203.0,131.0,35.5,,True,https://asitisnutrition.com/products/atom-beginners-whey-protein
2026-09-13 13:51 IST,AS-IT-IS Nutrition,AS-IT-IS Nutrition,"AS-IT-IS ATOM Performance Whey | 25g Protein per Serving | With Safed Musli, Mucuna & DigeZyme® Enzymes (Double Rich Chocolate / 45g)",220.0,140.0,36.4,,True,https://asitisnutrition.com/products/as-it-is-atom-performance-whey-1kg-with-safed-musli-for-faster-recovery-highly-bioavailable
2026-09-13 13:51 IST,AS-IT-IS Nutrition,AS-IT-IS Nutrition,"AS-IT-IS ATOM Performance Whey | 25g Protein per Serving | With Safed Musli, Mucuna & DigeZyme® Enzymes (Pista Fusion / 45g)",2485.0,140.0,94.4,,False,https://asitisnutrition.com/products/as-it-is-atom-performance-whey-1kg-with-safed-musli-for-faster-recovery-highly-bioavailable
2026-09-13 13:51 IST,AS-IT-IS Nutrition,AS-IT-IS Nutrition,"AS-IT-IS ATOM Performance Whey | 25g Protein per Serving | With Safed Musli, Mucuna & DigeZyme® Enzymes (Cafe Latte / 45g)",2485.0,140.0,94.4,,False,https://asitisnutrition.com/products/as-it-is-atom-performance-whey-1kg-with-safed-musli-for-faster-recovery-highly-bioavailable
2026-09-13 13:51 IST,AS-IT-IS Nutrition,AS-IT-IS Nutrition,"AS-IT-IS ATOM Performance Whey | 25g Protein per Serving | With Safed Musli, Mucuna & DigeZyme® Enzymes (Cookie delight / 45g)",2485.0,140.0,94.4,,False,https://asitisnutrition.com/products/as-it-is-atom-performance-whey-1kg-with-safed-musli-for-faster-recovery-highly-bioavailable
2026-09-13 13:51 IST,AS-IT-IS Nutrition,AS-IT-IS Nutrition,"AS-IT-IS ATOM Performance Whey | 25g Protein per Serving | With Safed Musli, Mucuna & DigeZyme® Enzymes (Choco hazel fusion / 45g)",2485.0,140.0,94.4,,False,https://asitisnutrition.com/products/as-it-is-atom-performance-whey-1kg-with-safed-musli-for-faster-recovery-highly-bioavailable
2026-09-13 13:51 IST,AS-IT-IS Nutrition,AS-IT-IS Nutrition,AS-IT-IS ATOM Whey Protein | 27g Protein per Serving | DigeZyme® Enzymes & 1 Billion CFU Probiotics (Double Rich Chocolate / (36g Travel Sachet)),262.0,167.0,36.3,463.89,True,https://asitisnutrition.com/products/atom-whey-protein
2026-09-13 13:51 IST,AS-IT-IS Nutrition,AS-IT-IS Nutrition,AS-IT-IS ONE Whey Protein Concentrate Sachets | 28g Protein per Serving | Unflavoured (35g Sachet (Pack of 1)),305.0,178.0,41.6,593.33,True,https://asitisnutrition.com/products/whey-protein-30g-sachet
2026-09-13 13:51 IST,AS-IT-IS Nutrition,AS-IT-IS Nutrition,"AS-IT-IS ATOM Nitro Whey with Creasure® | 33g Protein, 3g Creatine per Serving | With DigeZyme® Enzymes (Double Rich Chocolate / 45g)",289.0,185.0,36.0,,True,https://asitisnutrition.com/products/atom-nitro-whey-with-creatine-i-33g-protein-3g-creatine-7-4g-bcaa
2026-09-13 13:51 IST,AS-IT-IS Nutrition,AS-IT-IS Nutrition,"AS-IT-IS ATOM Nitro Whey with Creasure® | 33g Protein, 3g Creatine per Serving | With DigeZyme® Enzymes (Kesar Kulfi / 45g)",3407.0,185.0,94.6,,False,https://asitisnutrition.com/products/atom-nitro-whey-with-creatine-i-33g-protein-3g-creatine-7-4g-bcaa
2026-09-13 13:51 IST,AS-IT-IS Nutrition,AS-IT-IS Nutrition,"AS-IT-IS ATOM Nitro Whey with Creasure® | 33g Protein, 3g Creatine per Serving | With DigeZyme® Enzymes (Classic Vanilla / 45g)",3407.0,185.0,94.6,,False,https://asitisnutrition.com/products/atom-nitro-whey-with-creatine-i-33g-protein-3g-creatine-7-4g-bcaa
2026-09-13 13:51 IST,AS-IT-IS Nutrition,AS-IT-IS Nutrition,AS-IT-IS ONE Whey Protein Concentrate Sachets | 28g Protein per Serving | Unflavoured (35g Sachet (Pack of 1) + Shaker),438.0,303.0,30.8,1010.0,False,https://asitisnutrition.com/products/whey-protein-30g-sachet
2026-09-13 13:51 IST,MyFitness,MYFITNESS,MyFitness Peanut Butter - Chocolate | 26% Protein | Crispy | Chocolate Peanut Butter Spread (227g),159.0,149.0,6.3,65.64,True,https://myfitness.co.in/products/chocolate-crispy
2026-09-13 13:51 IST,MyFitness,MYFITNESS,"Pro.Fitness High Protein Chocolate Oats | Dark Chocolate | Healthy Oats With Nuts, Seeds & Added Whey (375g)",339.0,219.0,35.4,58.4,True,https://myfitness.co.in/products/high-protein-oats-900g-27g-protein
2026-09-13 13:51 IST,MyFitness,myfitness-official-store,MyFitness Peanut Butter - Classic Zero | 28% Protein | Extra Crunchy | Zero Sugar Peanut Spread (510 g),349.0,275.0,21.2,53.92,True,https://myfitness.co.in/products/myfitness-zero-peanut-butter-crunchy-510g
2026-09-13 13:51 IST,MyFitness,myfitness-official-store,MyFitness Peanut Butter - Chocolate | 26% Protein | Crunchy | Chocolate Peanut Butter Spread (510 g),319.0,275.0,13.8,45.08,True,https://myfitness.co.in/products/myfitness-chocolate-peanut-butter-crunchy
2026-09-13 13:51 IST,MyFitness,myfitness-official-store,MyFitness Peanut Butter - Natural Unsweetened | 31% Protein | Crunchy | Zero Sugar Peanut Butter Spread (510 g),319.0,275.0,13.8,45.08,True,https://myfitness.co.in/products/myfitness-all-natural-peanut-butter-crunchy
2026-09-13 13:51 IST,MyFitness,myfitness-official-store,MyFitness Peanut Butter - Natural Unsweetened | 25% Protein | Smooth | Zero Sugar Peanut Butter Spread (510 g),319.0,275.0,13.8,45.08,True,https://myfitness.co.in/products/myfitness-all-natural-peanut-butter-smooth
2026-09-13 13:51 IST,MyFitness,myfitness-official-store,MyFitness Peanut Butter - Chocolate | 26% Protein | Crispy | Chocolate Peanut Butter Spread (510 g),319.0,275.0,13.8,45.08,True,https://myfitness.co.in/products/myfitness-chocolate-peanut-butter-crispy
2026-09-13 13:51 IST,MyFitness,myfitness-official-store,MyFitness Peanut Butter - Chocolate | 28% Protein | Smooth | Chocolate Peanut Butter Spread (510 g),319.0,275.0,13.8,45.08,True,https://myfitness.co.in/products/myfitness-chocolate-peanut-butter-smooth
2026-09-13 13:51 IST,MyFitness,myfitness-official-store,MyFitness Peanut Butter - Original | 28% Protein | Crunchy | Classic Peanut Butter Spread (510 g),319.0,275.0,13.8,45.08,True,https://myfitness.co.in/products/myfitness-original-peanut-butter-crunchy
2026-09-13 13:51 IST,MyFitness,myfitness-official-store,MyFitness Peanut Butter - Original | 28% Protein | Smooth | Classic Peanut Butter Spread (510 g),319.0,275.0,13.8,45.08,True,https://myfitness.co.in/products/myfitness-original-peanut-butter-smooth
2026-09-13 13:51 IST,MyFitness,MYFITNESS,MyFitness Peanut Butter - Chocolate | 25% Protein | Almond Crunch | Chocolate Peanut Butter Spread (510 g),379.0,279.0,26.4,54.71,True,https://myfitness.co.in/products/myfitness-chocolate-peanut-butter-with-almond-crunch
2026-09-13 13:51 IST,MyFitness,MYFITNESS,MyFitness x Batman | Chocolate Zero Peanut Butter Extra Crunchy | 27% Protein | Zero Added Sugar | High Protein (510 g),369.0,299.0,19.0,58.63,True,https://myfitness.co.in/products/myfitness-zero-chocolate-peanut-butter-crunchy-zero-sugar-extra-crunch-510g-27g-protein-10g-fiber-tasty-healthy-nut-butter-spread-cholesterol-free-zero-trans-fat-crunchy-peanut-butter
2026-09-13 13:51 IST,MyFitness,MYFITNESS,MyFitness Peanut Butter - Dark Chocolate | 30% Protein | Smooth | Rich Chocolate Peanut Butter Spread (510 g),399.0,299.0,25.1,49.02,True,https://myfitness.co.in/products/myfitness-olympia-edition-dark-chocolate-peanut-butter-with-added-whey-smooth
2026-09-13 13:51 IST,MyFitness,MYFITNESS,MyFitness Peanut Butter - Dark Chocolate | 29% Protein | Crispy | Rich Chocolate Peanut Butter Spread (510 g),399.0,319.0,20.1,52.3,True,https://myfitness.co.in/products/myfitness-peanut-butter-dark-chocolate-29-protein-crispy-rich-chocolate-peanut-butter-spread
2026-09-13 13:51 IST,MyFitness,MYFITNESS,MyFitness Peanut Butter - Dark Chocolate | 30% Protein | Crunchy | Rich Chocolate Peanut Butter Spread (510 g),399.0,319.0,20.1,52.3,True,https://myfitness.co.in/products/myfitness-olympia-edition-dark-chocolate-peanut-butter-with-added-whey-crunchy
2026-09-13 13:51 IST,Naturaltein,naturaltein,The Protein Dessert E-Cook Book by Naturaltein,599.0,399.0,33.4,,True,https://naturaltein.in/products/the-protein-dessert-e-cook-book-by-naturaltein
2026-09-13 13:51 IST,Naturaltein,naturaltein,Natural Plant Protein (Chocolate / 1 Box (500 g)),3000.0,1112.0,62.9,222.4,True,https://naturaltein.in/products/plant-protein
2026-09-13 13:51 IST,Naturaltein,naturaltein,Natural Plant Protein (Mango / 1 Box (500 g)),3000.0,1112.0,62.9,222.4,True,https://naturaltein.in/products/plant-protein
2026-09-13 13:51 IST,Naturaltein,naturaltein,Natural Plant Protein (Berry / 1 Box (500 g)),3000.0,1112.0,62.9,222.4,True,https://naturaltein.in/products/plant-protein
2026-09-13 13:51 IST,Naturaltein,naturaltein,Natural Plant Protein (Pista / 1 Box (500 g)),3000.0,1112.0,62.9,222.4,True,https://naturaltein.in/products/plant-protein
2026-09-13 13:51 IST,Naturaltein,naturaltein,Natural Plant Protein (Coffee / 1 Box (500 g)),3000.0,1112.0,62.9,222.4,True,https://naturaltein.in/products/plant-protein
2026-09-13 13:51 IST,Naturaltein,naturaltein,Natural Whey Protein Concentrate (Italian Ice Cream / 1 Box (300 g)),1424.0,1299.0,8.8,433.0,False,https://naturaltein.in/products/whey-protein-concentrate
2026-09-13 13:51 IST,Naturaltein,naturaltein,Natural Whey Protein Concentrate (Chocolate Biscoff / 1 Box (300 g)),1424.0,1399.0,1.8,466.33,False,https://naturaltein.in/products/whey-protein-concentrate
2026-09-13 13:51 IST,Naturaltein,naturaltein,Natural Plant Protein (Chocolate / 2 Boxes (1 kg)),6000.0,1600.0,73.3,160.0,True,https://naturaltein.in/products/plant-protein
2026-09-13 13:51 IST,Naturaltein,naturaltein,Natural Plant Protein (Mango / 2 Boxes (1 kg)),6000.0,1600.0,73.3,160.0,True,https://naturaltein.in/products/plant-protein
2026-09-13 13:51 IST,Naturaltein,naturaltein,Natural Plant Protein (Berry / 2 Boxes (1 kg)),6000.0,1600.0,73.3,160.0,True,https://naturaltein.in/products/plant-protein
2026-09-13 13:51 IST,Naturaltein,naturaltein,Natural Plant Protein (Pista / 2 Boxes (1 kg)),6000.0,1600.0,73.3,160.0,True,https://naturaltein.in/products/plant-protein
2026-09-13 13:51 IST,Naturaltein,naturaltein,Natural Plant Protein (Coffee / 2 Boxes (1 kg)),6000.0,1600.0,73.3,160.0,True,https://naturaltein.in/products/plant-protein
2026-09-13 13:51 IST,Naturaltein,naturaltein,Natural Whey Protein Isolate (Pista Kulfi / 1 Box (300 g)),1780.0,1775.0,0.3,591.67,False,https://naturaltein.in/products/whey-protein-isolate
2026-09-13 13:51 IST,Naturaltein,naturaltein,Natural Whey Protein Isolate (Vanilla / 1 Box (300 g)),1780.0,1775.0,0.3,591.67,False,https://naturaltein.in/products/whey-protein-isolate
2026-09-13 13:51 IST,GNC India,GNC India,PP Protein Wafer Bar Mini 20gm (Chocolate / 20 gm),60.0,40.0,33.3,200.0,True,https://gnc.in/products/pp-protein-wafer-bar-mini-20gm
2026-09-13 13:51 IST,GNC India,GNC India,PP Protein Wafer Bar Mini 20gm (Coffee / 20 gm),60.0,40.0,33.3,200.0,True,https://gnc.in/products/pp-protein-wafer-bar-mini-20gm
2026-09-13 13:51 IST,GNC India,GNC India,PP Protein Wafer Bar Mini 20gm (Peanut Butter / 20 gm),60.0,40.0,33.3,200.0,True,https://gnc.in/products/pp-protein-wafer-bar-mini-20gm
2026-09-13 13:51 IST,GNC India,GNC,GNC Protein Wafer Bar (Pack of 1 / Chocolate),120.0,54.0,55.0,,True,https://gnc.in/products/gnc-protein-wafer-bar
2026-09-13 13:51 IST,GNC India,GNC,GNC Protein Wafer Bar (Pack of 1 / Peanut Butter),120.0,54.0,55.0,,True,https://gnc.in/products/gnc-protein-wafer-bar
2026-09-13 13:51 IST,GNC India,GNC,GNC Protein Wafer Bar (Pack of 1 / Coffee),149.0,54.0,63.8,,True,https://gnc.in/products/gnc-protein-wafer-bar
2026-09-13 13:51 IST,GNC India,GNC,GNC Protein Wafer Bar (Chocolate) (Pack of 1 / Chocolate),59.0,55.0,6.8,,True,https://gnc.in/products/gnc-protein-wafer-bar-chocolate
2026-09-13 13:51 IST,GNC India,GNC,GNC Protein Wafer Bar (Peanut butter) (Pack of 1 / Peanut Butter),59.0,55.0,6.8,,True,https://gnc.in/products/gnc-protein-wafer-bar-peanut-butter
2026-09-13 13:51 IST,GNC India,GNC,GNC Protein Wafer Bar (Coffee) (Pack of 1 / Coffee),59.0,55.0,6.8,,True,https://gnc.in/products/gnc-protein-wafer-bar-coffee
2026-09-13 13:51 IST,GNC India,GNC,GNC Protein Wafer Bar (40g / Chocolate),60.0,55.0,8.3,137.5,True,https://gnc.in/products/gnc-protein-wafer-bar-upsell
2026-09-13 13:51 IST,GNC India,GNC India,GNC Select Fermented Yeast Protein Isolate (35 gm / Chocolate),149.0,59.0,60.4,168.57,True,https://gnc.in/products/gnc-select-fermented-yeast-protein
2026-09-13 13:51 IST,GNC India,GNC India,GNC Select Fermented Yeast Protein Isolate (35 gm / Coffee),149.0,59.0,60.4,168.57,True,https://gnc.in/products/gnc-select-fermented-yeast-protein
2026-09-13 13:51 IST,GNC India,GNC India,GNC Select Fermented Yeast Protein Isolate (35 gm / Vanilla),149.0,59.0,60.4,168.57,True,https://gnc.in/products/gnc-select-fermented-yeast-protein
2026-09-13 13:51 IST,GNC India,GNC India,GNC Select Fermented Yeast Protein Isolate (35gm) (35 gm / Chocolate),149.0,65.0,56.4,185.71,True,https://gnc.in/products/gnc-select-fermented-yeast-protein-isolate-35gm
2026-09-13 13:51 IST,GNC India,GNC India,GNC Select Fermented Yeast Protein Isolate (35gm) (35 gm / Coffee),149.0,65.0,56.4,185.71,True,https://gnc.in/products/gnc-select-fermented-yeast-protein-isolate-35gm
2026-09-14 14:28 IST,Nutrabay,Nutrabay,Nutrabay Hydrolyzed Gold Pea Protein,69,69,0.0,172.5,True,https://nutrabay.com/product/nutrabay-gold-hydrolyzed-pea-protein/?pId=3302532
2026-09-14 14:28 IST,Nutrabay,Nutrabay,Nutrabay Hydrolyzed Gold Pea Protein,69,69,0.0,172.5,True,https://nutrabay.com/product/nutrabay-gold-hydrolyzed-pea-protein/?pId=3302532
2026-09-14 14:28 IST,Nutrabay,Nutrabay,Nutrabay Hydrolyzed Gold Pea Protein,69,69,0.0,172.5,True,https://nutrabay.com/product/nutrabay-gold-hydrolyzed-pea-protein/?pId=3302532
2026-09-14 14:28 IST,Nutrabay,Velbiom,Velbiom Happy Cultures Tastiest Plant Protein,600,499,16.8,346.53,True,https://nutrabay.com/product/velbiom-happy-cultures-tastiest-plant-protein/?pId=7407265
2026-09-14 14:28 IST,Nutrabay,Nutrabay,Nutrabay Pure Pea Protein Isolate,669,599,10.5,119.8,True,https://nutrabay.com/product/nutrabay-pure-100-pea-protein-isolate/?pId=4537768
2026-09-14 14:28 IST,Nutrabay,TruNativ,TruNativ Plant Based Everyday Protein - Protein You Can Cook With!,699,599,14.3,363.03,True,https://nutrabay.com/product/trunativ-plant-based-everyday-protein-protein-you-can-cook-with/?pId=9485223
2026-09-14 14:28 IST,Nutrabay,Nutrabay,Nutrabay Wellness Vegan Plant Protein Powder + Superfoods,1199,799,33.4,159.8,True,https://nutrabay.com/product/nutrabay-wellness-vegan-plant-protein-powder-superfoods/?pId=4698878
2026-09-14 14:28 IST,Nutrabay,Nutrabay,Nutrabay Wellness Vegan Plant Protein Powder + Superfoods,1199,799,33.4,159.8,True,https://nutrabay.com/product/nutrabay-wellness-vegan-plant-protein-powder-superfoods/?pId=4698878
2026-09-14 14:28 IST,Nutrabay,Nutrabay,Nutrabay Pure Pea Protein Isolate,1499,849,43.4,84.9,True,https://nutrabay.com/product/nutrabay-pure-100-pea-protein-isolate/?pId=4537768
2026-09-14 14:28 IST,Nutrabay,Ace Blend,Ace Blend Plant Based Daily Protein,1935,849,56.1,,True,https://nutrabay.com/product/ace-blend-plant-based-daily-protein/?pId=6275363
2026-09-14 14:28 IST,Nutrabay,Nutrabay,Nutrabay BioAbsorb™ Whey Protein Powder | Clinically Tested 54% Better Protein Absorption | 26g Protein/Scoop | India's 1st Protein with ProDiFi™ for No Bloating | No Added Sugar,859,859,0.0,474.59,True,https://nutrabay.com/product/nutrabay-bioabsorb-whey-protein/?pId=8042444
2026-09-14 14:28 IST,Nutrabay,Nutrabay,Nutrabay Hydrolyzed Gold Pea Protein,889,889,0.0,177.8,True,https://nutrabay.com/product/nutrabay-gold-hydrolyzed-pea-protein/?pId=3302532
2026-09-14 14:28 IST,Nutrabay,Nutrabay,Nutrabay Hydrolyzed Gold Pea Protein,1049,899,14.3,179.8,True,https://nutrabay.com/product/nutrabay-gold-hydrolyzed-pea-protein/?pId=3302532
2026-09-14 14:28 IST,Nutrabay,Nutrabay,Nutrabay Hydrolyzed Gold Pea Protein,1049,899,14.3,179.8,True,https://nutrabay.com/product/nutrabay-gold-hydrolyzed-pea-protein/?pId=3302532
2026-09-14 14:28 IST,Nutrabay,Velbiom,Velbiom Happy Cultures Tastiest Plant Protein,1699,949,44.1,187.92,True,https://nutrabay.com/product/velbiom-happy-cultures-tastiest-plant-protein/?pId=7407265
2026-09-14 14:28 IST,Fast&Up,Fastandup,100% Pure & Natural Moringa Powder,250.0,238.0,4.8,,True,https://in.fastandup.com/products/100-pure-natural-moringa-powder
2026-09-14 14:28 IST,Fast&Up,Fastandup,Plant Protein - Assorted Pack,270.0,243.0,10.0,,True,https://in.fastandup.com/products/fast-up-plant-protein-assorted-pack
2026-09-14 14:28 IST,Fast&Up,Fastandup,Plant Protein - Rich Chocolate - Single Serving Sachet Combo Pack (Rich Chocolate / Pack of 5),450.0,396.0,12.0,,True,https://in.fastandup.com/products/plant-protein-rich-chocolate-single-serving-sachet-combo-pack
2026-09-14 14:28 IST,Fast&Up,Fastandup,Plant Protein - Rich Chocolate - Single Serving Sachet Combo Pack (Rich Chocolate / Pack of 10),900.0,765.0,15.0,,True,https://in.fastandup.com/products/plant-protein-rich-chocolate-single-serving-sachet-combo-pack
2026-09-14 14:28 IST,Fast&Up,Fastandup,Plant Protein - Rich Chocolate - Single Serving Sachet Combo Pack (Rich Chocolate / Pack of 15),1350.0,1107.0,18.0,,True,https://in.fastandup.com/products/plant-protein-rich-chocolate-single-serving-sachet-combo-pack
2026-09-14 14:28 IST,Fast&Up,Fastandup,Plant Protein - Cookies & Cream - 500g,1599.0,1119.3,30.0,223.86,True,https://in.fastandup.com/products/plant-protein-cookies-cream-500g
2026-09-14 14:28 IST,Fast&Up,Fastandup,Plant Protein - Rich Chocolate – 500gms,1599.0,1119.3,30.0,223.86,False,https://in.fastandup.com/products/plant-protein-powder-500gms
2026-09-14 14:28 IST,Fast&Up,Fastandup,Plant Protein - Alphonso Mango - 1Kg,3115.0,1962.45,37.0,196.25,False,https://in.fastandup.com/products/plant-protein-alphonso-mango-25-servings
2026-09-14 14:28 IST,Fast&Up,Fastandup,Plant Protein - Cookies & Cream - 1Kg,3115.0,1962.45,37.0,196.25,True,https://in.fastandup.com/products/plant-protein-cookies-cream-1-kg
2026-09-14 14:28 IST,Fast&Up,Fastandup,Plant Protein - Strawberry Blast - 25 Servings,3115.0,1962.45,37.0,,False,https://in.fastandup.com/products/plant-protein-strawberry-25-servings
2026-09-14 14:28 IST,Fast&Up,Fastandup,Plant Protein - Rich Chocolate - 1kg,3115.0,1962.45,37.0,196.25,True,https://in.fastandup.com/products/plant-protein-rich-chocolate-1kg
2026-09-14 14:28 IST,Fast&Up,Fastandup,Plant Protein - Cookies & Cream - 500g Pack of 2,3198.0,2014.74,37.0,402.95,True,https://in.fastandup.com/products/plant-protein-cookies-cream-500g-pack-of-2
2026-09-14 14:28 IST,Fast&Up,Fastandup,Plant Protein - Kesar Kulfi - 1kg,3115.0,2204.37,29.2,220.44,True,https://in.fastandup.com/products/plant-protein-powder-special-festive-pack
2026-09-14 14:28 IST,Fast&Up,Fastandup,Daily Fiber + Plant Protein Rich Chocolate Combo,3715.0,2229.0,40.0,,True,https://in.fastandup.com/products/daily-fiber-plant-protein-rich-chocolate-combo
2026-09-14 14:28 IST,Fast&Up,Fastandup,Plant Protein Rich Chocolate - 1kg pouch+ Plant Protein Cookies Cream- 1kg Pouch,6230.0,3426.5,45.0,342.65,False,https://in.fastandup.com/products/plant-protein-rich-chocolate-1kg-pouch-plant-protein-cookies-cream-1kg-pouch
2026-09-14 14:28 IST,OZiva,OZiva,Plant Protein + Pro-Digest (Mango),139.0,139.0,0.0,,True,https://oziva.in/products/plant-protein-pro-digest
2026-09-14 14:28 IST,OZiva,OZiva,Pro-Collagen Protein Peptides Caramel | 250g,799.0,433.0,45.8,173.2,True,https://oziva.in/products/pro-collagen-protein-peptides-caramel-250g
2026-09-14 14:28 IST,OZiva,OZiva,"Vegan Collagen, Clinically Proven (Watermelon / Starter Pack-125g)",499.0,459.0,8.0,367.2,True,https://oziva.in/products/plant-based-collagen
2026-09-14 14:28 IST,OZiva,OZiva,Plant Protein + Pro-Digest (Assorted),699.0,699.0,0.0,,True,https://oziva.in/products/plant-protein-pro-digest
2026-09-14 14:28 IST,OZiva,OZiva,Plant Protein + Pro-Digest (Chocolate),699.0,699.0,0.0,,False,https://oziva.in/products/plant-protein-pro-digest
2026-09-14 14:28 IST,OZiva,OZiva,Plant Protein + Pro-Digest (Strawberry),699.0,699.0,0.0,,False,https://oziva.in/products/plant-protein-pro-digest
2026-09-14 14:28 IST,OZiva,OZiva,Plant Protein + Pro-Digest (Vanilla),699.0,699.0,0.0,,False,https://oziva.in/products/plant-protein-pro-digest
2026-09-14 14:28 IST,OZiva,OZiva,Plant Protein + Pro-Digest (Assorted / Starter Pack),699.0,699.0,0.0,,True,https://oziva.in/products/oziva-bioactive-plant-protein-with-25g-vegan-protein-5-5-bcaas-100-rda-vitamins-minerals-ayurvedic-herbs-for-better-endurance-stamina-muscle-recovery-1-kg
2026-09-14 14:28 IST,OZiva,OZiva,Daily Protein Activ for Women (Rich Chocolate / Starter Pack),799.0,749.0,6.3,,True,https://oziva.in/products/daily-protein-activ-for-women-with-clean-whey-protein-multivitamins-tulsi-probiotics-for-improved-everyday-energy-stamina-bone-health-immune-health
2026-09-14 14:28 IST,OZiva,OZiva,Daily Protein Activ for Women (Classic Vanilla / Starter Pack),799.0,749.0,6.3,,False,https://oziva.in/products/daily-protein-activ-for-women-with-clean-whey-protein-multivitamins-tulsi-probiotics-for-improved-everyday-energy-stamina-bone-health-immune-health
2026-09-14 14:28 IST,OZiva,OZiva,"Pro-Collagen Protein Peptides, 250 g (Starter Pack)",849.0,799.0,5.9,319.6,True,https://oziva.in/products/oziva-pro-collagen-protein-peptides-with-clean-protein-green-coffee-hyaluronic-acid-biotin-for-skin-hair-health-muscle-joint-health-protein-breakdown-caramel-250-g
2026-09-14 14:28 IST,OZiva,OZiva,"Vegan Collagen, Clinically Proven (Guava Glow / Starter Pack)",959.0,929.0,3.1,,True,https://oziva.in/products/plant-based-collagen
2026-09-14 14:28 IST,OZiva,OZiva,"Vegan Collagen, Clinically Proven (Classic / Starter Pack)",959.0,929.0,3.1,,True,https://oziva.in/products/plant-based-collagen
2026-09-14 14:28 IST,OZiva,OZiva,"Vegan Collagen, Clinically Proven (Berry Orange / Starter Pack)",959.0,929.0,3.1,,True,https://oziva.in/products/plant-based-collagen
2026-09-14 14:28 IST,OZiva,OZiva,"Vegan Collagen, Clinically Proven (Watermelon / Starter Pack)",959.0,929.0,3.1,,True,https://oziva.in/products/plant-based-collagen
2026-09-14 14:28 IST,Wellbeing Nutrition,Wellbeing Nutrition,Kids Protein Vanilla Free Sachet,79.0,79.0,0.0,,True,https://wellbeingnutrition.com/products/kids-protein-vanilla-free-sachet
2026-09-14 14:28 IST,Wellbeing Nutrition,Wellbeing Nutrition,Kids Protein Chocolate Sachet,79.0,79.0,0.0,,True,https://wellbeingnutrition.com/products/kids-protein-chocolate-sachet
2026-09-14 14:28 IST,Wellbeing Nutrition,Wellbeing Nutrition,Kids Protein Vanilla Sachet,79.0,79.0,0.0,,True,https://wellbeingnutrition.com/products/kids-protein-vanilla-sachet
2026-09-14 14:28 IST,Wellbeing Nutrition,Wellbeing Nutrition,Vegan Protein Dark Chocolate Hazelnut Sachet,150.0,150.0,0.0,,True,https://wellbeingnutrition.com/products/vegan-protein-dark-chocolate-hazelnut-sachet
2026-09-14 14:28 IST,Wellbeing Nutrition,Wellbeing Nutrition,Whey Protein Isolate Dark Chocolate Sachet (Pack of 1),160.0,160.0,0.0,,False,https://wellbeingnutrition.com/products/whey-protein-isolate-dark-chocolate-sachet
2026-09-14 14:28 IST,Wellbeing Nutrition,Wellbeing Nutrition,Whey Protein Isolate + Concentrate Mango Sachets (Pack of 1),1399.0,1399.0,0.0,,False,https://wellbeingnutrition.com/products/whey-protein-isolate-concentrate-mango-sachets
2026-09-14 14:28 IST,Wellbeing Nutrition,Wellbeing Nutrition,Plant Protein 22g | 500g | 3B CFU Probiotics | Dark Chocolate Hazelnut (Pack of 1),1799.0,1619.0,10.0,323.8,True,https://wellbeingnutrition.com/products/vegan-protein-dark-chocolate-hazelnut
2026-09-14 14:28 IST,Wellbeing Nutrition,Wellbeing Nutrition,Plant Protein 22g | 500g | 3B CFU Probiotics | Italian Cafe Mocha (Pack of 1),1799.0,1619.0,10.0,323.8,False,https://wellbeingnutrition.com/products/vegan-protein-italian-cafe-mocha
2026-09-14 14:28 IST,Wellbeing Nutrition,Wellbeing Nutrition,Plant Protein 22g | 500g | 3B CFU Probiotics | Belgian Dark Chocolate (Pack of 1),1799.0,1619.0,10.0,323.8,True,https://wellbeingnutrition.com/products/vegan-protein-belgian-chocolate
2026-09-14 14:28 IST,Wellbeing Nutrition,Wellbeing Nutrition,Plant Protein 22g | 500g | 3B CFU Probiotics | French Vanilla Caramel (Pack of 1),1799.0,1619.0,10.0,323.8,True,https://wellbeingnutrition.com/products/vegan-protein-french-vanilla-caramel
2026-09-14 14:28 IST,Wellbeing Nutrition,Wellbeing Nutrition,Plant Protein 22g | 500g | 3B CFU Probiotics | Canadian Mixed Berry (Pack of 1),1799.0,1619.0,10.0,323.8,True,https://wellbeingnutrition.com/products/vegan-protein-canadian-mixed-berry
2026-09-14 14:28 IST,Wellbeing Nutrition,Wellbeing Nutrition,Her Superfood Plant Protein | Chocolate Peanut Butter (Pack of 1),1799.0,1619.0,10.0,,True,https://wellbeingnutrition.com/products/superfood-plant-protein-powder-for-women
2026-09-14 14:28 IST,Wellbeing Nutrition,Wellbeing Nutrition,Superfood Plant Protein | British Banoffee Pie (Pack of 1),1799.0,1619.0,10.0,,True,https://wellbeingnutrition.com/products/superfood-plant-protein-powder-in-banoffee-pie
2026-09-14 14:28 IST,Wellbeing Nutrition,Wellbeing Nutrition,Whey Protein Isolate + Concentrate Mango Sachets (Pack of 2),2798.0,2798.0,0.0,,False,https://wellbeingnutrition.com/products/whey-protein-isolate-concentrate-mango-sachets
2026-09-14 14:28 IST,Wellbeing Nutrition,Wellbeing Nutrition,Plant Protein 22g | 907g | 3B CFU Probiotics | French Vanilla Caramel (Pack of 1),3399.0,3059.0,10.0,337.27,True,https://wellbeingnutrition.com/products/vegan-protein-french-vanilla-caramel-copy
2026-09-14 14:28 IST,AS-IT-IS Nutrition,AS-IT-IS Nutrition,"AS-IT-IS ONE Brown Rice Protein | 27g Protein per Serving | Plant Protein | Single-Ingredient, Unflavoured (35g)",175.0,122.0,30.3,,True,https://asitisnutrition.com/products/as-it-is-nutrition-brown-rice-protein-80-designed-as-meal-supplement-lab-tested-unflavoured
2026-09-14 14:28 IST,AS-IT-IS Nutrition,AS-IT-IS Nutrition,"AS-IT-IS ONE Pea Protein Isolate | 29g Protein per Serving | Plant Protein | Single-Ingredient, Unflavoured (36g-Sachet)",175.0,122.0,30.3,,False,https://asitisnutrition.com/products/as-it-is-nutrition-pea-protein-isolate-powder
2026-09-14 14:28 IST,AS-IT-IS Nutrition,AS-IT-IS Nutrition,"AS-IT-IS ONE Soy Protein Isolate | 30g Protein per Serving | Plant Protein | Single-Ingredient, Unflavoured (35g)",175.0,122.0,30.3,,False,https://asitisnutrition.com/products/as-it-is-nutrition-buy-soy-protein-isolate-powder-in-india
2026-09-14 14:28 IST,AS-IT-IS Nutrition,AS-IT-IS Nutrition,AS-IT-IS ATOM Beginners Whey Protein | 15g Protein per Serving | With DigeZyme® Enzymes (Choco Hazel Fusion / 37g),203.0,131.0,35.5,,True,https://asitisnutrition.com/products/atom-beginners-whey-protein
2026-09-14 14:28 IST,AS-IT-IS Nutrition,AS-IT-IS Nutrition,"AS-IT-IS ATOM Performance Whey | 25g Protein per Serving | With Safed Musli, Mucuna & DigeZyme® Enzymes (Double Rich Chocolate / 45g)",220.0,140.0,36.4,,True,https://asitisnutrition.com/products/as-it-is-atom-performance-whey-1kg-with-safed-musli-for-faster-recovery-highly-bioavailable
2026-09-14 14:28 IST,AS-IT-IS Nutrition,AS-IT-IS Nutrition,"AS-IT-IS ATOM Performance Whey | 25g Protein per Serving | With Safed Musli, Mucuna & DigeZyme® Enzymes (Pista Fusion / 45g)",2485.0,140.0,94.4,,False,https://asitisnutrition.com/products/as-it-is-atom-performance-whey-1kg-with-safed-musli-for-faster-recovery-highly-bioavailable
2026-09-14 14:28 IST,AS-IT-IS Nutrition,AS-IT-IS Nutrition,"AS-IT-IS ATOM Performance Whey | 25g Protein per Serving | With Safed Musli, Mucuna & DigeZyme® Enzymes (Cafe Latte / 45g)",2485.0,140.0,94.4,,False,https://asitisnutrition.com/products/as-it-is-atom-performance-whey-1kg-with-safed-musli-for-faster-recovery-highly-bioavailable
2026-09-14 14:28 IST,AS-IT-IS Nutrition,AS-IT-IS Nutrition,"AS-IT-IS ATOM Performance Whey | 25g Protein per Serving | With Safed Musli, Mucuna & DigeZyme® Enzymes (Cookie delight / 45g)",2485.0,140.0,94.4,,False,https://asitisnutrition.com/products/as-it-is-atom-performance-whey-1kg-with-safed-musli-for-faster-recovery-highly-bioavailable
2026-09-14 14:28 IST,AS-IT-IS Nutrition,AS-IT-IS Nutrition,"AS-IT-IS ATOM Performance Whey | 25g Protein per Serving | With Safed Musli, Mucuna & DigeZyme® Enzymes (Choco hazel fusion / 45g)",2485.0,140.0,94.4,,False,https://asitisnutrition.com/products/as-it-is-atom-performance-whey-1kg-with-safed-musli-for-faster-recovery-highly-bioavailable
2026-09-14 14:28 IST,AS-IT-IS Nutrition,AS-IT-IS Nutrition,AS-IT-IS ATOM Whey Protein | 27g Protein per Serving | DigeZyme® Enzymes & 1 Billion CFU Probiotics (Double Rich Chocolate / (36g Travel Sachet)),262.0,167.0,36.3,463.89,True,https://asitisnutrition.com/products/atom-whey-protein
2026-09-14 14:28 IST,AS-IT-IS Nutrition,AS-IT-IS Nutrition,AS-IT-IS ONE Whey Protein Concentrate Sachets | 28g Protein per Serving | Unflavoured (35g Sachet (Pack of 1)),305.0,178.0,41.6,593.33,True,https://asitisnutrition.com/products/whey-protein-30g-sachet
2026-09-14 14:28 IST,AS-IT-IS Nutrition,AS-IT-IS Nutrition,"AS-IT-IS ATOM Nitro Whey with Creasure® | 33g Protein, 3g Creatine per Serving | With DigeZyme® Enzymes (Double Rich Chocolate / 45g)",289.0,185.0,36.0,,True,https://asitisnutrition.com/products/atom-nitro-whey-with-creatine-i-33g-protein-3g-creatine-7-4g-bcaa
2026-09-14 14:28 IST,AS-IT-IS Nutrition,AS-IT-IS Nutrition,"AS-IT-IS ATOM Nitro Whey with Creasure® | 33g Protein, 3g Creatine per Serving | With DigeZyme® Enzymes (Kesar Kulfi / 45g)",3407.0,185.0,94.6,,False,https://asitisnutrition.com/products/atom-nitro-whey-with-creatine-i-33g-protein-3g-creatine-7-4g-bcaa
2026-09-14 14:28 IST,AS-IT-IS Nutrition,AS-IT-IS Nutrition,"AS-IT-IS ATOM Nitro Whey with Creasure® | 33g Protein, 3g Creatine per Serving | With DigeZyme® Enzymes (Classic Vanilla / 45g)",3407.0,185.0,94.6,,False,https://asitisnutrition.com/products/atom-nitro-whey-with-creatine-i-33g-protein-3g-creatine-7-4g-bcaa
2026-09-14 14:28 IST,AS-IT-IS Nutrition,AS-IT-IS Nutrition,AS-IT-IS ONE Whey Protein Concentrate Sachets | 28g Protein per Serving | Unflavoured (35g Sachet (Pack of 1) + Shaker),438.0,303.0,30.8,1010.0,False,https://asitisnutrition.com/products/whey-protein-30g-sachet
2026-09-14 14:28 IST,MyFitness,MYFITNESS,MyFitness Peanut Butter - Chocolate | 26% Protein | Crispy | Chocolate Peanut Butter Spread (227g),159.0,149.0,6.3,65.64,True,https://myfitness.co.in/products/chocolate-crispy
2026-09-14 14:28 IST,MyFitness,MYFITNESS,"Pro.Fitness High Protein Chocolate Oats | Dark Chocolate | Healthy Oats With Nuts, Seeds & Added Whey (375g)",339.0,219.0,35.4,58.4,True,https://myfitness.co.in/products/high-protein-oats-900g-27g-protein
2026-09-14 14:28 IST,MyFitness,myfitness-official-store,MyFitness Peanut Butter - Classic Zero | 28% Protein | Extra Crunchy | Zero Sugar Peanut Spread (510 g),349.0,275.0,21.2,53.92,True,https://myfitness.co.in/products/myfitness-zero-peanut-butter-crunchy-510g
2026-09-14 14:28 IST,MyFitness,myfitness-official-store,MyFitness Peanut Butter - Chocolate | 26% Protein | Crunchy | Chocolate Peanut Butter Spread (510 g),319.0,275.0,13.8,45.08,True,https://myfitness.co.in/products/myfitness-chocolate-peanut-butter-crunchy
2026-09-14 14:28 IST,MyFitness,myfitness-official-store,MyFitness Peanut Butter - Natural Unsweetened | 31% Protein | Crunchy | Zero Sugar Peanut Butter Spread (510 g),319.0,275.0,13.8,45.08,True,https://myfitness.co.in/products/myfitness-all-natural-peanut-butter-crunchy
2026-09-14 14:28 IST,MyFitness,myfitness-official-store,MyFitness Peanut Butter - Natural Unsweetened | 25% Protein | Smooth | Zero Sugar Peanut Butter Spread (510 g),319.0,275.0,13.8,45.08,True,https://myfitness.co.in/products/myfitness-all-natural-peanut-butter-smooth
2026-09-14 14:28 IST,MyFitness,myfitness-official-store,MyFitness Peanut Butter - Chocolate | 26% Protein | Crispy | Chocolate Peanut Butter Spread (510 g),319.0,275.0,13.8,45.08,True,https://myfitness.co.in/products/myfitness-chocolate-peanut-butter-crispy
2026-09-14 14:28 IST,MyFitness,myfitness-official-store,MyFitness Peanut Butter - Chocolate | 28% Protein | Smooth | Chocolate Peanut Butter Spread (510 g),319.0,275.0,13.8,45.08,True,https://myfitness.co.in/products/myfitness-chocolate-peanut-butter-smooth
2026-09-14 14:28 IST,MyFitness,myfitness-official-store,MyFitness Peanut Butter - Original | 28% Protein | Crunchy | Classic Peanut Butter Spread (510 g),319.0,275.0,13.8,45.08,True,https://myfitness.co.in/products/myfitness-original-peanut-butter-crunchy
2026-09-14 14:28 IST,MyFitness,myfitness-official-store,MyFitness Peanut Butter - Original | 28% Protein | Smooth | Classic Peanut Butter Spread (510 g),319.0,275.0,13.8,45.08,True,https://myfitness.co.in/products/myfitness-original-peanut-butter-smooth
2026-09-14 14:28 IST,MyFitness,MYFITNESS,MyFitness Peanut Butter - Chocolate | 25% Protein | Almond Crunch | Chocolate Peanut Butter Spread (510 g),379.0,279.0,26.4,54.71,True,https://myfitness.co.in/products/myfitness-chocolate-peanut-butter-with-almond-crunch
2026-09-14 14:28 IST,MyFitness,MYFITNESS,MyFitness x Batman | Chocolate Zero Peanut Butter Extra Crunchy | 27% Protein | Zero Added Sugar | High Protein (510 g),369.0,299.0,19.0,58.63,True,https://myfitness.co.in/products/myfitness-zero-chocolate-peanut-butter-crunchy-zero-sugar-extra-crunch-510g-27g-protein-10g-fiber-tasty-healthy-nut-butter-spread-cholesterol-free-zero-trans-fat-crunchy-peanut-butter
2026-09-14 14:28 IST,MyFitness,MYFITNESS,MyFitness Peanut Butter - Dark Chocolate | 30% Protein | Smooth | Rich Chocolate Peanut Butter Spread (510 g),399.0,299.0,25.1,49.02,True,https://myfitness.co.in/products/myfitness-olympia-edition-dark-chocolate-peanut-butter-with-added-whey-smooth
2026-09-14 14:28 IST,MyFitness,MYFITNESS,MyFitness Peanut Butter - Dark Chocolate | 29% Protein | Crispy | Rich Chocolate Peanut Butter Spread (510 g),399.0,319.0,20.1,52.3,True,https://myfitness.co.in/products/myfitness-peanut-butter-dark-chocolate-29-protein-crispy-rich-chocolate-peanut-butter-spread
2026-09-14 14:28 IST,MyFitness,MYFITNESS,MyFitness Peanut Butter - Dark Chocolate | 30% Protein | Crunchy | Rich Chocolate Peanut Butter Spread (510 g),399.0,319.0,20.1,52.3,True,https://myfitness.co.in/products/myfitness-olympia-edition-dark-chocolate-peanut-butter-with-added-whey-crunchy
2026-09-14 14:28 IST,Naturaltein,naturaltein,The Protein Dessert E-Cook Book by Naturaltein,599.0,399.0,33.4,,True,https://naturaltein.in/products/the-protein-dessert-e-cook-book-by-naturaltein
2026-09-14 14:28 IST,Naturaltein,naturaltein,Natural Plant Protein (Chocolate / 1 Box (500 g)),3000.0,1112.0,62.9,222.4,True,https://naturaltein.in/products/plant-protein
2026-09-14 14:28 IST,Naturaltein,naturaltein,Natural Plant Protein (Mango / 1 Box (500 g)),3000.0,1112.0,62.9,222.4,True,https://naturaltein.in/products/plant-protein
2026-09-14 14:28 IST,Naturaltein,naturaltein,Natural Plant Protein (Berry / 1 Box (500 g)),3000.0,1112.0,62.9,222.4,True,https://naturaltein.in/products/plant-protein
2026-09-14 14:28 IST,Naturaltein,naturaltein,Natural Plant Protein (Pista / 1 Box (500 g)),3000.0,1112.0,62.9,222.4,True,https://naturaltein.in/products/plant-protein
2026-09-14 14:28 IST,Naturaltein,naturaltein,Natural Plant Protein (Coffee / 1 Box (500 g)),3000.0,1112.0,62.9,222.4,True,https://naturaltein.in/products/plant-protein
2026-09-14 14:28 IST,Naturaltein,naturaltein,Natural Whey Protein Concentrate (Italian Ice Cream / 1 Box (300 g)),1424.0,1299.0,8.8,433.0,False,https://naturaltein.in/products/whey-protein-concentrate
2026-09-14 14:28 IST,Naturaltein,naturaltein,Natural Whey Protein Concentrate (Chocolate Biscoff / 1 Box (300 g)),1424.0,1399.0,1.8,466.33,False,https://naturaltein.in/products/whey-protein-concentrate
2026-09-14 14:28 IST,Naturaltein,naturaltein,Natural Plant Protein (Chocolate / 2 Boxes (1 kg)),6000.0,1600.0,73.3,160.0,True,https://naturaltein.in/products/plant-protein
2026-09-14 14:28 IST,Naturaltein,naturaltein,Natural Plant Protein (Mango / 2 Boxes (1 kg)),6000.0,1600.0,73.3,160.0,True,https://naturaltein.in/products/plant-protein
2026-09-14 14:28 IST,Naturaltein,naturaltein,Natural Plant Protein (Berry / 2 Boxes (1 kg)),6000.0,1600.0,73.3,160.0,True,https://naturaltein.in/products/plant-protein
2026-09-14 14:28 IST,Naturaltein,naturaltein,Natural Plant Protein (Pista / 2 Boxes (1 kg)),6000.0,1600.0,73.3,160.0,True,https://naturaltein.in/products/plant-protein
2026-09-14 14:28 IST,Naturaltein,naturaltein,Natural Plant Protein (Coffee / 2 Boxes (1 kg)),6000.0,1600.0,73.3,160.0,True,https://naturaltein.in/products/plant-protein
2026-09-14 14:28 IST,Naturaltein,naturaltein,Natural Whey Protein Isolate (Pista Kulfi / 1 Box (300 g)),1780.0,1775.0,0.3,591.67,False,https://naturaltein.in/products/whey-protein-isolate
2026-09-14 14:28 IST,Naturaltein,naturaltein,Natural Whey Protein Isolate (Vanilla / 1 Box (300 g)),1780.0,1775.0,0.3,591.67,False,https://naturaltein.in/products/whey-protein-isolate
2026-09-14 14:28 IST,GNC India,GNC India,PP Protein Wafer Bar Mini 20gm (Chocolate / 20 gm),60.0,40.0,33.3,200.0,True,https://gnc.in/products/pp-protein-wafer-bar-mini-20gm
2026-09-14 14:28 IST,GNC India,GNC India,PP Protein Wafer Bar Mini 20gm (Coffee / 20 gm),60.0,40.0,33.3,200.0,True,https://gnc.in/products/pp-protein-wafer-bar-mini-20gm
2026-09-14 14:28 IST,GNC India,GNC India,PP Protein Wafer Bar Mini 20gm (Peanut Butter / 20 gm),60.0,40.0,33.3,200.0,True,https://gnc.in/products/pp-protein-wafer-bar-mini-20gm
2026-09-14 14:28 IST,GNC India,GNC,GNC Protein Wafer Bar (Pack of 1 / Chocolate),120.0,54.0,55.0,,True,https://gnc.in/products/gnc-protein-wafer-bar
2026-09-14 14:28 IST,GNC India,GNC,GNC Protein Wafer Bar (Pack of 1 / Peanut Butter),120.0,54.0,55.0,,True,https://gnc.in/products/gnc-protein-wafer-bar
2026-09-14 14:28 IST,GNC India,GNC,GNC Protein Wafer Bar (Pack of 1 / Coffee),149.0,54.0,63.8,,True,https://gnc.in/products/gnc-protein-wafer-bar
2026-09-14 14:28 IST,GNC India,GNC,GNC Protein Wafer Bar (Chocolate) (Pack of 1 / Chocolate),59.0,55.0,6.8,,True,https://gnc.in/products/gnc-protein-wafer-bar-chocolate
2026-09-14 14:28 IST,GNC India,GNC,GNC Protein Wafer Bar (Peanut butter) (Pack of 1 / Peanut Butter),59.0,55.0,6.8,,True,https://gnc.in/products/gnc-protein-wafer-bar-peanut-butter
2026-09-14 14:28 IST,GNC India,GNC,GNC Protein Wafer Bar (Coffee) (Pack of 1 / Coffee),59.0,55.0,6.8,,True,https://gnc.in/products/gnc-protein-wafer-bar-coffee
2026-09-14 14:28 IST,GNC India,GNC,GNC Protein Wafer Bar (40g / Chocolate),60.0,55.0,8.3,137.5,True,https://gnc.in/products/gnc-protein-wafer-bar-upsell
2026-09-14 14:28 IST,GNC India,GNC India,GNC Select Fermented Yeast Protein Isolate (35 gm / Chocolate),149.0,59.0,60.4,168.57,True,https://gnc.in/products/gnc-select-fermented-yeast-protein
2026-09-14 14:28 IST,GNC India,GNC India,GNC Select Fermented Yeast Protein Isolate (35 gm / Coffee),149.0,59.0,60.4,168.57,True,https://gnc.in/products/gnc-select-fermented-yeast-protein
2026-09-14 14:28 IST,GNC India,GNC India,GNC Select Fermented Yeast Protein Isolate (35 gm / Vanilla),149.0,59.0,60.4,168.57,True,https://gnc.in/products/gnc-select-fermented-yeast-protein
2026-09-14 14:28 IST,GNC India,GNC India,GNC Select Fermented Yeast Protein Isolate (35gm) (35 gm / Chocolate),149.0,65.0,56.4,185.71,True,https://gnc.in/products/gnc-select-fermented-yeast-protein-isolate-35gm
2026-09-14 14:28 IST,GNC India,GNC India,GNC Select Fermented Yeast Protein Isolate (35gm) (35 gm / Coffee),149.0,65.0,56.4,185.71,True,https://gnc.in/products/gnc-select-fermented-yeast-protein-isolate-35gm
2026-09-15 14:13 IST,Nutrabay,Nutrabay,Nutrabay Hydrolyzed Gold Pea Protein,69,69,0.0,172.5,True,https://nutrabay.com/product/nutrabay-gold-hydrolyzed-pea-protein/?pId=3302532
2026-09-15 14:13 IST,Nutrabay,Nutrabay,Nutrabay Hydrolyzed Gold Pea Protein,69,69,0.0,172.5,True,https://nutrabay.com/product/nutrabay-gold-hydrolyzed-pea-protein/?pId=3302532
2026-09-15 14:13 IST,Nutrabay,Nutrabay,Nutrabay Hydrolyzed Gold Pea Protein,69,69,0.0,172.5,True,https://nutrabay.com/product/nutrabay-gold-hydrolyzed-pea-protein/?pId=3302532
2026-09-15 14:13 IST,Nutrabay,Velbiom,Velbiom Happy Cultures Tastiest Plant Protein,600,499,16.8,346.53,True,https://nutrabay.com/product/velbiom-happy-cultures-tastiest-plant-protein/?pId=7407265
2026-09-15 14:13 IST,Nutrabay,Nutrabay,Nutrabay Pure Pea Protein Isolate,669,599,10.5,119.8,True,https://nutrabay.com/product/nutrabay-pure-100-pea-protein-isolate/?pId=4537768
2026-09-15 14:13 IST,Nutrabay,TruNativ,TruNativ Plant Based Everyday Protein - Protein You Can Cook With!,699,599,14.3,363.03,True,https://nutrabay.com/product/trunativ-plant-based-everyday-protein-protein-you-can-cook-with/?pId=9485223
2026-09-15 14:13 IST,Nutrabay,Nutrabay,Nutrabay Wellness Vegan Plant Protein Powder + Superfoods,1199,799,33.4,159.8,True,https://nutrabay.com/product/nutrabay-wellness-vegan-plant-protein-powder-superfoods/?pId=4698878
2026-09-15 14:13 IST,Nutrabay,Nutrabay,Nutrabay Wellness Vegan Plant Protein Powder + Superfoods,1199,799,33.4,159.8,True,https://nutrabay.com/product/nutrabay-wellness-vegan-plant-protein-powder-superfoods/?pId=4698878
2026-09-15 14:13 IST,Nutrabay,Ace Blend,Ace Blend Plant Based Daily Protein,1935,849,56.1,,True,https://nutrabay.com/product/ace-blend-plant-based-daily-protein/?pId=6275363
2026-09-15 14:13 IST,Nutrabay,Nutrabay,Nutrabay BioAbsorb™ Whey Protein Powder | Clinically Tested 54% Better Protein Absorption | 26g Protein/Scoop | India's 1st Protein with ProDiFi™ for No Bloating | No Added Sugar,859,859,0.0,474.59,True,https://nutrabay.com/product/nutrabay-bioabsorb-whey-protein/?pId=8042444
2026-09-15 14:13 IST,Nutrabay,Nutrabay,Nutrabay Hydrolyzed Gold Pea Protein,889,889,0.0,177.8,True,https://nutrabay.com/product/nutrabay-gold-hydrolyzed-pea-protein/?pId=3302532
2026-09-15 14:13 IST,Nutrabay,Nutrabay,Nutrabay Pure Pea Protein Isolate,1499,899,40.0,89.9,True,https://nutrabay.com/product/nutrabay-pure-100-pea-protein-isolate/?pId=4537768
2026-09-15 14:13 IST,Nutrabay,Nutrabay,Nutrabay Hydrolyzed Gold Pea Protein,1049,899,14.3,179.8,True,https://nutrabay.com/product/nutrabay-gold-hydrolyzed-pea-protein/?pId=3302532
2026-09-15 14:13 IST,Nutrabay,Nutrabay,Nutrabay Hydrolyzed Gold Pea Protein,1049,899,14.3,179.8,True,https://nutrabay.com/product/nutrabay-gold-hydrolyzed-pea-protein/?pId=3302532
2026-09-15 14:13 IST,Nutrabay,Velbiom,Velbiom Happy Cultures Tastiest Plant Protein,1699,949,44.1,187.92,True,https://nutrabay.com/product/velbiom-happy-cultures-tastiest-plant-protein/?pId=7407265
2026-09-15 14:13 IST,Fast&Up,Fastandup,100% Pure & Natural Moringa Powder,250.0,238.0,4.8,,True,https://in.fastandup.com/products/100-pure-natural-moringa-powder
2026-09-15 14:13 IST,Fast&Up,Fastandup,Plant Protein - Assorted Pack,270.0,243.0,10.0,,True,https://in.fastandup.com/products/fast-up-plant-protein-assorted-pack
2026-09-15 14:13 IST,Fast&Up,Fastandup,Plant Protein - Rich Chocolate - Single Serving Sachet Combo Pack (Rich Chocolate / Pack of 5),450.0,396.0,12.0,,True,https://in.fastandup.com/products/plant-protein-rich-chocolate-single-serving-sachet-combo-pack
2026-09-15 14:13 IST,Fast&Up,Fastandup,Plant Protein - Rich Chocolate - Single Serving Sachet Combo Pack (Rich Chocolate / Pack of 10),900.0,765.0,15.0,,True,https://in.fastandup.com/products/plant-protein-rich-chocolate-single-serving-sachet-combo-pack
2026-09-15 14:13 IST,Fast&Up,Fastandup,Plant Protein - Rich Chocolate - Single Serving Sachet Combo Pack (Rich Chocolate / Pack of 15),1350.0,1107.0,18.0,,True,https://in.fastandup.com/products/plant-protein-rich-chocolate-single-serving-sachet-combo-pack
2026-09-15 14:13 IST,Fast&Up,Fastandup,Plant Protein - Cookies & Cream - 500g,1599.0,1119.3,30.0,223.86,True,https://in.fastandup.com/products/plant-protein-cookies-cream-500g
2026-09-15 14:13 IST,Fast&Up,Fastandup,Plant Protein - Rich Chocolate – 500gms,1599.0,1119.3,30.0,223.86,True,https://in.fastandup.com/products/plant-protein-powder-500gms
2026-09-15 14:13 IST,Fast&Up,Fastandup,Plant Protein - Alphonso Mango - 1Kg,3115.0,1962.45,37.0,196.25,False,https://in.fastandup.com/products/plant-protein-alphonso-mango-25-servings
2026-09-15 14:13 IST,Fast&Up,Fastandup,Plant Protein - Cookies & Cream - 1Kg,3115.0,1962.45,37.0,196.25,True,https://in.fastandup.com/products/plant-protein-cookies-cream-1-kg
2026-09-15 14:13 IST,Fast&Up,Fastandup,Plant Protein - Strawberry Blast - 25 Servings,3115.0,1962.45,37.0,,False,https://in.fastandup.com/products/plant-protein-strawberry-25-servings
2026-09-15 14:13 IST,Fast&Up,Fastandup,Plant Protein - Rich Chocolate - 1kg,3115.0,1962.45,37.0,196.25,True,https://in.fastandup.com/products/plant-protein-rich-chocolate-1kg
2026-09-15 14:13 IST,Fast&Up,Fastandup,Plant Protein - Cookies & Cream - 500g Pack of 2,3198.0,2014.74,37.0,402.95,True,https://in.fastandup.com/products/plant-protein-cookies-cream-500g-pack-of-2
2026-09-15 14:13 IST,Fast&Up,Fastandup,Plant Protein - Kesar Kulfi - 1kg,3115.0,2204.37,29.2,220.44,True,https://in.fastandup.com/products/plant-protein-powder-special-festive-pack
2026-09-15 14:13 IST,Fast&Up,Fastandup,Daily Fiber + Plant Protein Rich Chocolate Combo,3715.0,2229.0,40.0,,True,https://in.fastandup.com/products/daily-fiber-plant-protein-rich-chocolate-combo
2026-09-15 14:13 IST,Fast&Up,Fastandup,Plant Protein Rich Chocolate - 1kg pouch+ Plant Protein Cookies Cream- 1kg Pouch,6230.0,3426.5,45.0,342.65,False,https://in.fastandup.com/products/plant-protein-rich-chocolate-1kg-pouch-plant-protein-cookies-cream-1kg-pouch
2026-09-15 14:13 IST,OZiva,OZiva,Plant Protein + Pro-Digest (Mango),139.0,139.0,0.0,,True,https://oziva.in/products/plant-protein-pro-digest
2026-09-15 14:13 IST,OZiva,OZiva,Pro-Collagen Protein Peptides Caramel | 250g,799.0,433.0,45.8,173.2,True,https://oziva.in/products/pro-collagen-protein-peptides-caramel-250g
2026-09-15 14:13 IST,OZiva,OZiva,"Vegan Collagen, Clinically Proven (Watermelon / Starter Pack-125g)",499.0,459.0,8.0,367.2,True,https://oziva.in/products/plant-based-collagen
2026-09-15 14:13 IST,OZiva,OZiva,Plant Protein + Pro-Digest (Assorted),699.0,699.0,0.0,,True,https://oziva.in/products/plant-protein-pro-digest
2026-09-15 14:13 IST,OZiva,OZiva,Plant Protein + Pro-Digest (Chocolate),699.0,699.0,0.0,,False,https://oziva.in/products/plant-protein-pro-digest
2026-09-15 14:13 IST,OZiva,OZiva,Plant Protein + Pro-Digest (Strawberry),699.0,699.0,0.0,,False,https://oziva.in/products/plant-protein-pro-digest
2026-09-15 14:13 IST,OZiva,OZiva,Plant Protein + Pro-Digest (Vanilla),699.0,699.0,0.0,,False,https://oziva.in/products/plant-protein-pro-digest
2026-09-15 14:13 IST,OZiva,OZiva,Plant Protein + Pro-Digest (Assorted / Starter Pack),699.0,699.0,0.0,,True,https://oziva.in/products/oziva-bioactive-plant-protein-with-25g-vegan-protein-5-5-bcaas-100-rda-vitamins-minerals-ayurvedic-herbs-for-better-endurance-stamina-muscle-recovery-1-kg
2026-09-15 14:13 IST,OZiva,OZiva,Daily Protein Activ for Women (Rich Chocolate / Starter Pack),799.0,749.0,6.3,,True,https://oziva.in/products/daily-protein-activ-for-women-with-clean-whey-protein-multivitamins-tulsi-probiotics-for-improved-everyday-energy-stamina-bone-health-immune-health
2026-09-15 14:13 IST,OZiva,OZiva,Daily Protein Activ for Women (Classic Vanilla / Starter Pack),799.0,749.0,6.3,,False,https://oziva.in/products/daily-protein-activ-for-women-with-clean-whey-protein-multivitamins-tulsi-probiotics-for-improved-everyday-energy-stamina-bone-health-immune-health
2026-09-15 14:13 IST,OZiva,OZiva,"Pro-Collagen Protein Peptides, 250 g (Starter Pack)",849.0,799.0,5.9,319.6,True,https://oziva.in/products/oziva-pro-collagen-protein-peptides-with-clean-protein-green-coffee-hyaluronic-acid-biotin-for-skin-hair-health-muscle-joint-health-protein-breakdown-caramel-250-g
2026-09-15 14:13 IST,OZiva,OZiva,"Vegan Collagen, Clinically Proven (Guava Glow / Starter Pack)",959.0,929.0,3.1,,True,https://oziva.in/products/plant-based-collagen
2026-09-15 14:13 IST,OZiva,OZiva,"Vegan Collagen, Clinically Proven (Classic / Starter Pack)",959.0,929.0,3.1,,True,https://oziva.in/products/plant-based-collagen
2026-09-15 14:13 IST,OZiva,OZiva,"Vegan Collagen, Clinically Proven (Berry Orange / Starter Pack)",959.0,929.0,3.1,,True,https://oziva.in/products/plant-based-collagen
2026-09-15 14:13 IST,OZiva,OZiva,"Vegan Collagen, Clinically Proven (Watermelon / Starter Pack)",959.0,929.0,3.1,,True,https://oziva.in/products/plant-based-collagen
2026-09-15 14:13 IST,Wellbeing Nutrition,Wellbeing Nutrition,Kids Protein Vanilla Free Sachet,79.0,79.0,0.0,,True,https://wellbeingnutrition.com/products/kids-protein-vanilla-free-sachet
2026-09-15 14:13 IST,Wellbeing Nutrition,Wellbeing Nutrition,Kids Protein Chocolate Sachet,79.0,79.0,0.0,,True,https://wellbeingnutrition.com/products/kids-protein-chocolate-sachet
2026-09-15 14:13 IST,Wellbeing Nutrition,Wellbeing Nutrition,Kids Protein Vanilla Sachet,79.0,79.0,0.0,,True,https://wellbeingnutrition.com/products/kids-protein-vanilla-sachet
2026-09-15 14:13 IST,Wellbeing Nutrition,Wellbeing Nutrition,Vegan Protein Dark Chocolate Hazelnut Sachet,150.0,150.0,0.0,,True,https://wellbeingnutrition.com/products/vegan-protein-dark-chocolate-hazelnut-sachet
2026-09-15 14:13 IST,Wellbeing Nutrition,Wellbeing Nutrition,Whey Protein Isolate Dark Chocolate Sachet (Pack of 1),160.0,160.0,0.0,,False,https://wellbeingnutrition.com/products/whey-protein-isolate-dark-chocolate-sachet
2026-09-15 14:13 IST,Wellbeing Nutrition,Wellbeing Nutrition,Whey Protein Isolate + Concentrate Mango Sachets (Pack of 1),1399.0,1399.0,0.0,,False,https://wellbeingnutrition.com/products/whey-protein-isolate-concentrate-mango-sachets
2026-09-15 14:13 IST,Wellbeing Nutrition,Wellbeing Nutrition,Plant Protein 22g | 500g | 3B CFU Probiotics | Dark Chocolate Hazelnut (Pack of 1),1799.0,1619.0,10.0,323.8,True,https://wellbeingnutrition.com/products/vegan-protein-dark-chocolate-hazelnut
2026-09-15 14:13 IST,Wellbeing Nutrition,Wellbeing Nutrition,Plant Protein 22g | 500g | 3B CFU Probiotics | Italian Cafe Mocha (Pack of 1),1799.0,1619.0,10.0,323.8,False,https://wellbeingnutrition.com/products/vegan-protein-italian-cafe-mocha
2026-09-15 14:13 IST,Wellbeing Nutrition,Wellbeing Nutrition,Plant Protein 22g | 500g | 3B CFU Probiotics | Belgian Dark Chocolate (Pack of 1),1799.0,1619.0,10.0,323.8,True,https://wellbeingnutrition.com/products/vegan-protein-belgian-chocolate
2026-09-15 14:13 IST,Wellbeing Nutrition,Wellbeing Nutrition,Plant Protein 22g | 500g | 3B CFU Probiotics | French Vanilla Caramel (Pack of 1),1799.0,1619.0,10.0,323.8,True,https://wellbeingnutrition.com/products/vegan-protein-french-vanilla-caramel
2026-09-15 14:13 IST,Wellbeing Nutrition,Wellbeing Nutrition,Plant Protein 22g | 500g | 3B CFU Probiotics | Canadian Mixed Berry (Pack of 1),1799.0,1619.0,10.0,323.8,True,https://wellbeingnutrition.com/products/vegan-protein-canadian-mixed-berry
2026-09-15 14:13 IST,Wellbeing Nutrition,Wellbeing Nutrition,Her Superfood Plant Protein | Chocolate Peanut Butter (Pack of 1),1799.0,1619.0,10.0,,True,https://wellbeingnutrition.com/products/superfood-plant-protein-powder-for-women
2026-09-15 14:13 IST,Wellbeing Nutrition,Wellbeing Nutrition,Superfood Plant Protein | British Banoffee Pie (Pack of 1),1799.0,1619.0,10.0,,True,https://wellbeingnutrition.com/products/superfood-plant-protein-powder-in-banoffee-pie
2026-09-15 14:13 IST,Wellbeing Nutrition,Wellbeing Nutrition,Whey Protein Isolate + Concentrate Mango Sachets (Pack of 2),2798.0,2798.0,0.0,,False,https://wellbeingnutrition.com/products/whey-protein-isolate-concentrate-mango-sachets
2026-09-15 14:13 IST,Wellbeing Nutrition,Wellbeing Nutrition,Plant Protein 22g | 907g | 3B CFU Probiotics | French Vanilla Caramel (Pack of 1),3399.0,3059.0,10.0,337.27,True,https://wellbeingnutrition.com/products/vegan-protein-french-vanilla-caramel-copy
2026-09-15 14:13 IST,AS-IT-IS Nutrition,AS-IT-IS Nutrition,"AS-IT-IS ONE Brown Rice Protein | 27g Protein per Serving | Plant Protein | Single-Ingredient, Unflavoured (35g)",175.0,122.0,30.3,,True,https://asitisnutrition.com/products/as-it-is-nutrition-brown-rice-protein-80-designed-as-meal-supplement-lab-tested-unflavoured
2026-09-15 14:13 IST,AS-IT-IS Nutrition,AS-IT-IS Nutrition,"AS-IT-IS ONE Pea Protein Isolate | 29g Protein per Serving | Plant Protein | Single-Ingredient, Unflavoured (36g-Sachet)",175.0,122.0,30.3,,False,https://asitisnutrition.com/products/as-it-is-nutrition-pea-protein-isolate-powder
2026-09-15 14:13 IST,AS-IT-IS Nutrition,AS-IT-IS Nutrition,"AS-IT-IS ONE Soy Protein Isolate | 30g Protein per Serving | Plant Protein | Single-Ingredient, Unflavoured (35g)",175.0,122.0,30.3,,False,https://asitisnutrition.com/products/as-it-is-nutrition-buy-soy-protein-isolate-powder-in-india
2026-09-15 14:13 IST,AS-IT-IS Nutrition,AS-IT-IS Nutrition,AS-IT-IS ATOM Beginners Whey Protein | 15g Protein per Serving | With DigeZyme® Enzymes (Choco Hazel Fusion / 37g),203.0,131.0,35.5,,True,https://asitisnutrition.com/products/atom-beginners-whey-protein
2026-09-15 14:13 IST,AS-IT-IS Nutrition,AS-IT-IS Nutrition,"AS-IT-IS ATOM Performance Whey | 25g Protein per Serving | With Safed Musli, Mucuna & DigeZyme® Enzymes (Double Rich Chocolate / 45g)",220.0,140.0,36.4,,True,https://asitisnutrition.com/products/as-it-is-atom-performance-whey-1kg-with-safed-musli-for-faster-recovery-highly-bioavailable
2026-09-15 14:13 IST,AS-IT-IS Nutrition,AS-IT-IS Nutrition,"AS-IT-IS ATOM Performance Whey | 25g Protein per Serving | With Safed Musli, Mucuna & DigeZyme® Enzymes (Pista Fusion / 45g)",2485.0,140.0,94.4,,False,https://asitisnutrition.com/products/as-it-is-atom-performance-whey-1kg-with-safed-musli-for-faster-recovery-highly-bioavailable
2026-09-15 14:13 IST,AS-IT-IS Nutrition,AS-IT-IS Nutrition,"AS-IT-IS ATOM Performance Whey | 25g Protein per Serving | With Safed Musli, Mucuna & DigeZyme® Enzymes (Cafe Latte / 45g)",2485.0,140.0,94.4,,False,https://asitisnutrition.com/products/as-it-is-atom-performance-whey-1kg-with-safed-musli-for-faster-recovery-highly-bioavailable
2026-09-15 14:13 IST,AS-IT-IS Nutrition,AS-IT-IS Nutrition,"AS-IT-IS ATOM Performance Whey | 25g Protein per Serving | With Safed Musli, Mucuna & DigeZyme® Enzymes (Cookie delight / 45g)",2485.0,140.0,94.4,,False,https://asitisnutrition.com/products/as-it-is-atom-performance-whey-1kg-with-safed-musli-for-faster-recovery-highly-bioavailable
2026-09-15 14:13 IST,AS-IT-IS Nutrition,AS-IT-IS Nutrition,"AS-IT-IS ATOM Performance Whey | 25g Protein per Serving | With Safed Musli, Mucuna & DigeZyme® Enzymes (Choco hazel fusion / 45g)",2485.0,140.0,94.4,,False,https://asitisnutrition.com/products/as-it-is-atom-performance-whey-1kg-with-safed-musli-for-faster-recovery-highly-bioavailable
2026-09-15 14:13 IST,AS-IT-IS Nutrition,AS-IT-IS Nutrition,AS-IT-IS ATOM Whey Protein | 27g Protein per Serving | DigeZyme® Enzymes & 1 Billion CFU Probiotics (Double Rich Chocolate / (36g Travel Sachet)),262.0,167.0,36.3,463.89,True,https://asitisnutrition.com/products/atom-whey-protein
2026-09-15 14:13 IST,AS-IT-IS Nutrition,AS-IT-IS Nutrition,AS-IT-IS ONE Whey Protein Concentrate Sachets | 28g Protein per Serving | Unflavoured (35g Sachet (Pack of 1)),305.0,178.0,41.6,593.33,True,https://asitisnutrition.com/products/whey-protein-30g-sachet
2026-09-15 14:13 IST,AS-IT-IS Nutrition,AS-IT-IS Nutrition,"AS-IT-IS ATOM Nitro Whey with Creasure® | 33g Protein, 3g Creatine per Serving | With DigeZyme® Enzymes (Double Rich Chocolate / 45g)",289.0,185.0,36.0,,True,https://asitisnutrition.com/products/atom-nitro-whey-with-creatine-i-33g-protein-3g-creatine-7-4g-bcaa
2026-09-15 14:13 IST,AS-IT-IS Nutrition,AS-IT-IS Nutrition,"AS-IT-IS ATOM Nitro Whey with Creasure® | 33g Protein, 3g Creatine per Serving | With DigeZyme® Enzymes (Kesar Kulfi / 45g)",3407.0,185.0,94.6,,False,https://asitisnutrition.com/products/atom-nitro-whey-with-creatine-i-33g-protein-3g-creatine-7-4g-bcaa
2026-09-15 14:13 IST,AS-IT-IS Nutrition,AS-IT-IS Nutrition,"AS-IT-IS ATOM Nitro Whey with Creasure® | 33g Protein, 3g Creatine per Serving | With DigeZyme® Enzymes (Classic Vanilla / 45g)",3407.0,185.0,94.6,,False,https://asitisnutrition.com/products/atom-nitro-whey-with-creatine-i-33g-protein-3g-creatine-7-4g-bcaa
2026-09-15 14:13 IST,AS-IT-IS Nutrition,AS-IT-IS Nutrition,AS-IT-IS ONE Whey Protein Concentrate Sachets | 28g Protein per Serving | Unflavoured (35g Sachet (Pack of 1) + Shaker),438.0,303.0,30.8,1010.0,False,https://asitisnutrition.com/products/whey-protein-30g-sachet
2026-09-15 14:13 IST,MyFitness,MYFITNESS,MyFitness Peanut Butter - Chocolate | 26% Protein | Crispy | Chocolate Peanut Butter Spread (227g),159.0,149.0,6.3,65.64,True,https://myfitness.co.in/products/chocolate-crispy
2026-09-15 14:13 IST,MyFitness,MYFITNESS,"Pro.Fitness High Protein Chocolate Oats | Dark Chocolate | Healthy Oats With Nuts, Seeds & Added Whey (375g)",339.0,219.0,35.4,58.4,True,https://myfitness.co.in/products/high-protein-oats-900g-27g-protein
2026-09-15 14:13 IST,MyFitness,myfitness-official-store,MyFitness Peanut Butter - Classic Zero | 28% Protein | Extra Crunchy | Zero Sugar Peanut Spread (510 g),349.0,275.0,21.2,53.92,True,https://myfitness.co.in/products/myfitness-zero-peanut-butter-crunchy-510g
2026-09-15 14:13 IST,MyFitness,myfitness-official-store,MyFitness Peanut Butter - Chocolate | 26% Protein | Crunchy | Chocolate Peanut Butter Spread (510 g),319.0,275.0,13.8,45.08,True,https://myfitness.co.in/products/myfitness-chocolate-peanut-butter-crunchy
2026-09-15 14:13 IST,MyFitness,myfitness-official-store,MyFitness Peanut Butter - Natural Unsweetened | 31% Protein | Crunchy | Zero Sugar Peanut Butter Spread (510 g),319.0,275.0,13.8,45.08,True,https://myfitness.co.in/products/myfitness-all-natural-peanut-butter-crunchy
2026-09-15 14:13 IST,MyFitness,myfitness-official-store,MyFitness Peanut Butter - Natural Unsweetened | 25% Protein | Smooth | Zero Sugar Peanut Butter Spread (510 g),319.0,275.0,13.8,45.08,True,https://myfitness.co.in/products/myfitness-all-natural-peanut-butter-smooth
2026-09-15 14:13 IST,MyFitness,myfitness-official-store,MyFitness Peanut Butter - Chocolate | 26% Protein | Crispy | Chocolate Peanut Butter Spread (510 g),319.0,275.0,13.8,45.08,True,https://myfitness.co.in/products/myfitness-chocolate-peanut-butter-crispy
2026-09-15 14:13 IST,MyFitness,myfitness-official-store,MyFitness Peanut Butter - Chocolate | 28% Protein | Smooth | Chocolate Peanut Butter Spread (510 g),319.0,275.0,13.8,45.08,True,https://myfitness.co.in/products/myfitness-chocolate-peanut-butter-smooth
2026-09-15 14:13 IST,MyFitness,myfitness-official-store,MyFitness Peanut Butter - Original | 28% Protein | Crunchy | Classic Peanut Butter Spread (510 g),319.0,275.0,13.8,45.08,True,https://myfitness.co.in/products/myfitness-original-peanut-butter-crunchy
2026-09-15 14:13 IST,MyFitness,myfitness-official-store,MyFitness Peanut Butter - Original | 28% Protein | Smooth | Classic Peanut Butter Spread (510 g),319.0,275.0,13.8,45.08,True,https://myfitness.co.in/products/myfitness-original-peanut-butter-smooth
2026-09-15 14:13 IST,MyFitness,MYFITNESS,MyFitness Peanut Butter - Chocolate | 25% Protein | Almond Crunch | Chocolate Peanut Butter Spread (510 g),379.0,279.0,26.4,54.71,True,https://myfitness.co.in/products/myfitness-chocolate-peanut-butter-with-almond-crunch
2026-09-15 14:13 IST,MyFitness,MYFITNESS,MyFitness x Batman | Chocolate Zero Peanut Butter Extra Crunchy | 27% Protein | Zero Added Sugar | High Protein (510 g),369.0,299.0,19.0,58.63,True,https://myfitness.co.in/products/myfitness-zero-chocolate-peanut-butter-crunchy-zero-sugar-extra-crunch-510g-27g-protein-10g-fiber-tasty-healthy-nut-butter-spread-cholesterol-free-zero-trans-fat-crunchy-peanut-butter
2026-09-15 14:13 IST,MyFitness,MYFITNESS,MyFitness Peanut Butter - Dark Chocolate | 30% Protein | Smooth | Rich Chocolate Peanut Butter Spread (510 g),399.0,299.0,25.1,49.02,True,https://myfitness.co.in/products/myfitness-olympia-edition-dark-chocolate-peanut-butter-with-added-whey-smooth
2026-09-15 14:13 IST,MyFitness,MYFITNESS,MyFitness Peanut Butter - Dark Chocolate | 29% Protein | Crispy | Rich Chocolate Peanut Butter Spread (510 g),399.0,319.0,20.1,52.3,True,https://myfitness.co.in/products/myfitness-peanut-butter-dark-chocolate-29-protein-crispy-rich-chocolate-peanut-butter-spread
2026-09-15 14:13 IST,MyFitness,MYFITNESS,MyFitness Peanut Butter - Dark Chocolate | 30% Protein | Crunchy | Rich Chocolate Peanut Butter Spread (510 g),399.0,319.0,20.1,52.3,True,https://myfitness.co.in/products/myfitness-olympia-edition-dark-chocolate-peanut-butter-with-added-whey-crunchy
2026-09-15 14:13 IST,Naturaltein,naturaltein,The Protein Dessert E-Cook Book by Naturaltein,599.0,399.0,33.4,,True,https://naturaltein.in/products/the-protein-dessert-e-cook-book-by-naturaltein
2026-09-15 14:13 IST,Naturaltein,naturaltein,Natural Plant Protein (Chocolate / 1 Box (500 g)),3000.0,1112.0,62.9,222.4,True,https://naturaltein.in/products/plant-protein
2026-09-15 14:13 IST,Naturaltein,naturaltein,Natural Plant Protein (Mango / 1 Box (500 g)),3000.0,1112.0,62.9,222.4,True,https://naturaltein.in/products/plant-protein
2026-09-15 14:13 IST,Naturaltein,naturaltein,Natural Plant Protein (Berry / 1 Box (500 g)),3000.0,1112.0,62.9,222.4,True,https://naturaltein.in/products/plant-protein
2026-09-15 14:13 IST,Naturaltein,naturaltein,Natural Plant Protein (Pista / 1 Box (500 g)),3000.0,1112.0,62.9,222.4,True,https://naturaltein.in/products/plant-protein
2026-09-15 14:13 IST,Naturaltein,naturaltein,Natural Plant Protein (Coffee / 1 Box (500 g)),3000.0,1112.0,62.9,222.4,True,https://naturaltein.in/products/plant-protein
2026-09-15 14:13 IST,Naturaltein,naturaltein,Natural Whey Protein Concentrate (Italian Ice Cream / 1 Box (300 g)),1424.0,1299.0,8.8,433.0,False,https://naturaltein.in/products/whey-protein-concentrate
2026-09-15 14:13 IST,Naturaltein,naturaltein,Natural Whey Protein Concentrate (Chocolate Biscoff / 1 Box (300 g)),1424.0,1399.0,1.8,466.33,False,https://naturaltein.in/products/whey-protein-concentrate
2026-09-15 14:13 IST,Naturaltein,naturaltein,Natural Plant Protein (Chocolate / 2 Boxes (1 kg)),6000.0,1600.0,73.3,160.0,True,https://naturaltein.in/products/plant-protein
2026-09-15 14:13 IST,Naturaltein,naturaltein,Natural Plant Protein (Mango / 2 Boxes (1 kg)),6000.0,1600.0,73.3,160.0,True,https://naturaltein.in/products/plant-protein
2026-09-15 14:13 IST,Naturaltein,naturaltein,Natural Plant Protein (Berry / 2 Boxes (1 kg)),6000.0,1600.0,73.3,160.0,True,https://naturaltein.in/products/plant-protein
2026-09-15 14:13 IST,Naturaltein,naturaltein,Natural Plant Protein (Pista / 2 Boxes (1 kg)),6000.0,1600.0,73.3,160.0,True,https://naturaltein.in/products/plant-protein
2026-09-15 14:13 IST,Naturaltein,naturaltein,Natural Plant Protein (Coffee / 2 Boxes (1 kg)),6000.0,1600.0,73.3,160.0,True,https://naturaltein.in/products/plant-protein
2026-09-15 14:13 IST,Naturaltein,naturaltein,Natural Whey Protein Isolate (Pista Kulfi / 1 Box (300 g)),1780.0,1775.0,0.3,591.67,False,https://naturaltein.in/products/whey-protein-isolate
2026-09-15 14:13 IST,Naturaltein,naturaltein,Natural Whey Protein Isolate (Vanilla / 1 Box (300 g)),1780.0,1775.0,0.3,591.67,False,https://naturaltein.in/products/whey-protein-isolate
2026-09-15 14:13 IST,GNC India,GNC,GNC 100% Whey + Nitro Surge (4lbs / Chocolate),6.23,6.03,3.2,,False,https://gnc.in/products/gnc-100-whey-nitro-surge
2026-09-15 14:13 IST,GNC India,GNC,GNC 100% Whey + Nitro Surge (4lbs / Vanilla),6.23,6.03,3.2,,False,https://gnc.in/products/gnc-100-whey-nitro-surge
2026-09-15 14:13 IST,GNC India,GNC India,PP Protein Wafer Bar Mini 20gm (Chocolate / 20 gm),60.0,40.0,33.3,200.0,True,https://gnc.in/products/pp-protein-wafer-bar-mini-20gm
2026-09-15 14:13 IST,GNC India,GNC India,PP Protein Wafer Bar Mini 20gm (Coffee / 20 gm),60.0,40.0,33.3,200.0,True,https://gnc.in/products/pp-protein-wafer-bar-mini-20gm
2026-09-15 14:13 IST,GNC India,GNC India,PP Protein Wafer Bar Mini 20gm (Peanut Butter / 20 gm),60.0,40.0,33.3,200.0,True,https://gnc.in/products/pp-protein-wafer-bar-mini-20gm
2026-09-15 14:13 IST,GNC India,GNC,GNC Protein Wafer Bar (Chocolate) (Pack of 1 / Chocolate),59.0,55.0,6.8,,True,https://gnc.in/products/gnc-protein-wafer-bar-chocolate
2026-09-15 14:13 IST,GNC India,GNC,GNC Protein Wafer Bar (Peanut butter) (Pack of 1 / Peanut Butter),59.0,55.0,6.8,,True,https://gnc.in/products/gnc-protein-wafer-bar-peanut-butter
2026-09-15 14:13 IST,GNC India,GNC,GNC Protein Wafer Bar (Coffee) (Pack of 1 / Coffee),59.0,55.0,6.8,,True,https://gnc.in/products/gnc-protein-wafer-bar-coffee
2026-09-15 14:13 IST,GNC India,GNC,GNC Protein Wafer Bar (40g / Chocolate),60.0,55.0,8.3,137.5,True,https://gnc.in/products/gnc-protein-wafer-bar-upsell
2026-09-15 14:13 IST,GNC India,GNC India,GNC Select Fermented Yeast Protein Isolate (35gm) (35 gm / Chocolate),149.0,65.0,56.4,185.71,True,https://gnc.in/products/gnc-select-fermented-yeast-protein-isolate-35gm
2026-09-15 14:13 IST,GNC India,GNC India,GNC Select Fermented Yeast Protein Isolate (35gm) (35 gm / Coffee),149.0,65.0,56.4,185.71,True,https://gnc.in/products/gnc-select-fermented-yeast-protein-isolate-35gm
2026-09-15 14:13 IST,GNC India,GNC India,GNC Select Fermented Yeast Protein Isolate (35gm) (35 gm / Vanilla),149.0,65.0,56.4,185.71,True,https://gnc.in/products/gnc-select-fermented-yeast-protein-isolate-35gm
2026-09-15 14:13 IST,GNC India,GNC India,Protein Crunch Wafer Bar 40gm (Peanut Butter),80.0,69.0,13.7,172.5,True,https://gnc.in/products/protein-crunch-wafer-bar-40gm
2026-09-15 14:13 IST,GNC India,GNC India,Protein Crunch Wafer Bar 40gm (Cookies & Cream),80.0,69.0,13.7,172.5,False,https://gnc.in/products/protein-crunch-wafer-bar-40gm
2026-09-15 14:13 IST,GNC India,GNC India,Protein Crunch Wafer Bar Cookies & Cream 40gm,80.0,69.0,13.7,172.5,False,https://gnc.in/products/protein-crunch-wafer-bar-cookies-cream-40gm
2026-09-16 14:08 IST,Nutrabay,Nutrabay,Nutrabay Hydrolyzed Gold Pea Protein,69,69,0.0,172.5,True,https://nutrabay.com/product/nutrabay-gold-hydrolyzed-pea-protein/?pId=3302532
2026-09-16 14:08 IST,Nutrabay,Nutrabay,Nutrabay Hydrolyzed Gold Pea Protein,69,69,0.0,172.5,True,https://nutrabay.com/product/nutrabay-gold-hydrolyzed-pea-protein/?pId=3302532
2026-09-16 14:08 IST,Nutrabay,Nutrabay,Nutrabay Hydrolyzed Gold Pea Protein,69,69,0.0,172.5,True,https://nutrabay.com/product/nutrabay-gold-hydrolyzed-pea-protein/?pId=3302532
2026-09-16 14:08 IST,Nutrabay,Velbiom,Velbiom Happy Cultures Tastiest Plant Protein,600,499,16.8,346.53,True,https://nutrabay.com/product/velbiom-happy-cultures-tastiest-plant-protein/?pId=7407265
2026-09-16 14:08 IST,Nutrabay,Nutrabay,Nutrabay Pure Pea Protein Isolate,669,599,10.5,119.8,True,https://nutrabay.com/product/nutrabay-pure-100-pea-protein-isolate/?pId=4537768
2026-09-16 14:08 IST,Nutrabay,TruNativ,TruNativ Plant Based Everyday Protein - Protein You Can Cook With!,699,599,14.3,363.03,True,https://nutrabay.com/product/trunativ-plant-based-everyday-protein-protein-you-can-cook-with/?pId=9485223
2026-09-16 14:08 IST,Nutrabay,Nutrabay,Nutrabay Wellness Vegan Plant Protein Powder + Superfoods,1199,799,33.4,159.8,True,https://nutrabay.com/product/nutrabay-wellness-vegan-plant-protein-powder-superfoods/?pId=4698878
2026-09-16 14:08 IST,Nutrabay,Nutrabay,Nutrabay Wellness Vegan Plant Protein Powder + Superfoods,1199,799,33.4,159.8,True,https://nutrabay.com/product/nutrabay-wellness-vegan-plant-protein-powder-superfoods/?pId=4698878
2026-09-16 14:08 IST,Nutrabay,Ace Blend,Ace Blend Plant Based Daily Protein,1935,849,56.1,,True,https://nutrabay.com/product/ace-blend-plant-based-daily-protein/?pId=6275363
2026-09-16 14:08 IST,Nutrabay,Nutrabay,Nutrabay BioAbsorb™ Whey Protein Powder | Clinically Tested 54% Better Protein Absorption | 26g Protein/Scoop | India's 1st Protein with ProDiFi™ for No Bloating | No Added Sugar,859,859,0.0,474.59,True,https://nutrabay.com/product/nutrabay-bioabsorb-whey-protein/?pId=8042444
2026-09-16 14:08 IST,Nutrabay,Nutrabay,Nutrabay Hydrolyzed Gold Pea Protein,889,889,0.0,177.8,True,https://nutrabay.com/product/nutrabay-gold-hydrolyzed-pea-protein/?pId=3302532
2026-09-16 14:08 IST,Nutrabay,Nutrabay,Nutrabay Pure Pea Protein Isolate,1499,899,40.0,89.9,True,https://nutrabay.com/product/nutrabay-pure-100-pea-protein-isolate/?pId=4537768
2026-09-16 14:08 IST,Nutrabay,Nutrabay,Nutrabay Hydrolyzed Gold Pea Protein,1049,899,14.3,179.8,True,https://nutrabay.com/product/nutrabay-gold-hydrolyzed-pea-protein/?pId=3302532
2026-09-16 14:08 IST,Nutrabay,Nutrabay,Nutrabay Hydrolyzed Gold Pea Protein,1049,899,14.3,179.8,True,https://nutrabay.com/product/nutrabay-gold-hydrolyzed-pea-protein/?pId=3302532
2026-09-16 14:08 IST,Nutrabay,Optimum Nutrition,Optimum Nutrition (ON) Gold Standard Whey Protein Powder,940,940,0.0,606.45,True,https://nutrabay.com/product/optimum-nutrition-on-100-whey-gold-standard-2/?pId=4471481
2026-09-16 14:08 IST,Fast&Up,Fastandup,100% Pure & Natural Moringa Powder,250.0,238.0,4.8,,True,https://in.fastandup.com/products/100-pure-natural-moringa-powder
2026-09-16 14:08 IST,Fast&Up,Fastandup,Plant Protein - Assorted Pack,270.0,243.0,10.0,,False,https://in.fastandup.com/products/fast-up-plant-protein-assorted-pack
2026-09-16 14:08 IST,Fast&Up,Fastandup,Plant Protein - Rich Chocolate - Single Serving Sachet Combo Pack (Rich Chocolate / Pack of 5),450.0,396.0,12.0,,False,https://in.fastandup.com/products/plant-protein-rich-chocolate-single-serving-sachet-combo-pack
2026-09-16 14:08 IST,Fast&Up,Fastandup,Plant Protein - Rich Chocolate - Single Serving Sachet Combo Pack (Rich Chocolate / Pack of 10),900.0,765.0,15.0,,False,https://in.fastandup.com/products/plant-protein-rich-chocolate-single-serving-sachet-combo-pack
2026-09-16 14:08 IST,Fast&Up,Fastandup,Plant Protein - Rich Chocolate - Single Serving Sachet Combo Pack (Rich Chocolate / Pack of 15),1350.0,1107.0,18.0,,False,https://in.fastandup.com/products/plant-protein-rich-chocolate-single-serving-sachet-combo-pack
2026-09-16 14:08 IST,Fast&Up,Fastandup,Plant Protein - Cookies & Cream - 500g,1599.0,1119.3,30.0,223.86,True,https://in.fastandup.com/products/plant-protein-cookies-cream-500g
2026-09-16 14:08 IST,Fast&Up,Fastandup,Plant Protein - Rich Chocolate – 500gms,1599.0,1119.3,30.0,223.86,True,https://in.fastandup.com/products/plant-protein-powder-500gms
2026-09-16 14:08 IST,Fast&Up,Fastandup,Plant Protein - Alphonso Mango - 1Kg,3115.0,1962.45,37.0,196.25,True,https://in.fastandup.com/products/plant-protein-alphonso-mango-25-servings
2026-09-16 14:08 IST,Fast&Up,Fastandup,Plant Protein - Cookies & Cream - 1Kg,3115.0,1962.45,37.0,196.25,False,https://in.fastandup.com/products/plant-protein-cookies-cream-1-kg
2026-09-16 14:08 IST,Fast&Up,Fastandup,Plant Protein - Strawberry Blast - 25 Servings,3115.0,1962.45,37.0,,False,https://in.fastandup.com/products/plant-protein-strawberry-25-servings
2026-09-16 14:08 IST,Fast&Up,Fastandup,Plant Protein - Rich Chocolate - 1kg,3115.0,1962.45,37.0,196.25,True,https://in.fastandup.com/products/plant-protein-rich-chocolate-1kg
2026-09-16 14:08 IST,Fast&Up,Fastandup,Plant Protein - Cookies & Cream - 500g Pack of 2,3198.0,2014.74,37.0,402.95,False,https://in.fastandup.com/products/plant-protein-cookies-cream-500g-pack-of-2
2026-09-16 14:08 IST,Fast&Up,Fastandup,Plant Protein - Kesar Kulfi - 1kg,3115.0,2204.37,29.2,220.44,True,https://in.fastandup.com/products/plant-protein-powder-special-festive-pack
2026-09-16 14:08 IST,Fast&Up,Fastandup,Daily Fiber + Plant Protein Rich Chocolate Combo,3715.0,2229.0,40.0,,True,https://in.fastandup.com/products/daily-fiber-plant-protein-rich-chocolate-combo
2026-09-16 14:08 IST,Fast&Up,Fastandup,Plant Protein Rich Chocolate - 1kg pouch+ Plant Protein Cookies Cream- 1kg Pouch,6230.0,3426.5,45.0,342.65,False,https://in.fastandup.com/products/plant-protein-rich-chocolate-1kg-pouch-plant-protein-cookies-cream-1kg-pouch
2026-09-16 14:08 IST,OZiva,OZiva,Plant Protein + Pro-Digest (Mango),139.0,139.0,0.0,,True,https://oziva.in/products/plant-protein-pro-digest
2026-09-16 14:08 IST,OZiva,OZiva,Pro-Collagen Protein Peptides Caramel | 250g,799.0,433.0,45.8,173.2,True,https://oziva.in/products/pro-collagen-protein-peptides-caramel-250g
2026-09-16 14:08 IST,OZiva,OZiva,"Vegan Collagen, Clinically Proven (Watermelon / Starter Pack-125g)",499.0,459.0,8.0,367.2,True,https://oziva.in/products/plant-based-collagen
2026-09-16 14:08 IST,OZiva,OZiva,Plant Protein + Pro-Digest (Assorted),699.0,699.0,0.0,,True,https://oziva.in/products/plant-protein-pro-digest
2026-09-16 14:08 IST,OZiva,OZiva,Plant Protein + Pro-Digest (Chocolate),699.0,699.0,0.0,,False,https://oziva.in/products/plant-protein-pro-digest
2026-09-16 14:08 IST,OZiva,OZiva,Plant Protein + Pro-Digest (Strawberry),699.0,699.0,0.0,,False,https://oziva.in/products/plant-protein-pro-digest
2026-09-16 14:08 IST,OZiva,OZiva,Plant Protein + Pro-Digest (Vanilla),699.0,699.0,0.0,,False,https://oziva.in/products/plant-protein-pro-digest
2026-09-16 14:08 IST,OZiva,OZiva,Plant Protein + Pro-Digest (Assorted / Starter Pack),699.0,699.0,0.0,,True,https://oziva.in/products/oziva-bioactive-plant-protein-with-25g-vegan-protein-5-5-bcaas-100-rda-vitamins-minerals-ayurvedic-herbs-for-better-endurance-stamina-muscle-recovery-1-kg
2026-09-16 14:08 IST,OZiva,OZiva,Daily Protein Activ for Women (Rich Chocolate / Starter Pack),799.0,749.0,6.3,,True,https://oziva.in/products/daily-protein-activ-for-women-with-clean-whey-protein-multivitamins-tulsi-probiotics-for-improved-everyday-energy-stamina-bone-health-immune-health
2026-09-16 14:08 IST,OZiva,OZiva,Daily Protein Activ for Women (Classic Vanilla / Starter Pack),799.0,749.0,6.3,,False,https://oziva.in/products/daily-protein-activ-for-women-with-clean-whey-protein-multivitamins-tulsi-probiotics-for-improved-everyday-energy-stamina-bone-health-immune-health
2026-09-16 14:08 IST,OZiva,OZiva,"Pro-Collagen Protein Peptides, 250 g (Starter Pack)",849.0,799.0,5.9,319.6,True,https://oziva.in/products/oziva-pro-collagen-protein-peptides-with-clean-protein-green-coffee-hyaluronic-acid-biotin-for-skin-hair-health-muscle-joint-health-protein-breakdown-caramel-250-g
2026-09-16 14:08 IST,OZiva,OZiva,"Vegan Collagen, Clinically Proven (Guava Glow / Starter Pack)",959.0,929.0,3.1,,True,https://oziva.in/products/plant-based-collagen
2026-09-16 14:08 IST,OZiva,OZiva,"Vegan Collagen, Clinically Proven (Classic / Starter Pack)",959.0,929.0,3.1,,True,https://oziva.in/products/plant-based-collagen
2026-09-16 14:08 IST,OZiva,OZiva,"Vegan Collagen, Clinically Proven (Berry Orange / Starter Pack)",959.0,929.0,3.1,,True,https://oziva.in/products/plant-based-collagen
2026-09-16 14:08 IST,OZiva,OZiva,"Vegan Collagen, Clinically Proven (Watermelon / Starter Pack)",959.0,929.0,3.1,,True,https://oziva.in/products/plant-based-collagen
2026-09-16 14:08 IST,Wellbeing Nutrition,Wellbeing Nutrition,Kids Protein Vanilla Free Sachet,79.0,79.0,0.0,,True,https://wellbeingnutrition.com/products/kids-protein-vanilla-free-sachet
2026-09-16 14:08 IST,Wellbeing Nutrition,Wellbeing Nutrition,Kids Protein Chocolate Sachet,79.0,79.0,0.0,,True,https://wellbeingnutrition.com/products/kids-protein-chocolate-sachet
2026-09-16 14:08 IST,Wellbeing Nutrition,Wellbeing Nutrition,Kids Protein Vanilla Sachet,79.0,79.0,0.0,,True,https://wellbeingnutrition.com/products/kids-protein-vanilla-sachet
2026-09-16 14:08 IST,Wellbeing Nutrition,Wellbeing Nutrition,Vegan Protein Dark Chocolate Hazelnut Sachet,150.0,150.0,0.0,,True,https://wellbeingnutrition.com/products/vegan-protein-dark-chocolate-hazelnut-sachet
2026-09-16 14:08 IST,Wellbeing Nutrition,Wellbeing Nutrition,Whey Protein Isolate Dark Chocolate Sachet (Pack of 1),160.0,160.0,0.0,,False,https://wellbeingnutrition.com/products/whey-protein-isolate-dark-chocolate-sachet
2026-09-16 14:08 IST,Wellbeing Nutrition,Wellbeing Nutrition,Whey Protein Isolate + Concentrate Mango Sachets (Pack of 1),1399.0,1399.0,0.0,,False,https://wellbeingnutrition.com/products/whey-protein-isolate-concentrate-mango-sachets
2026-09-16 14:08 IST,Wellbeing Nutrition,Wellbeing Nutrition,Plant Protein 22g | 500g | 3B CFU Probiotics | Dark Chocolate Hazelnut (Pack of 1),1799.0,1709.0,5.0,341.8,True,https://wellbeingnutrition.com/products/vegan-protein-dark-chocolate-hazelnut
2026-09-16 14:08 IST,Wellbeing Nutrition,Wellbeing Nutrition,Plant Protein 22g | 500g | 3B CFU Probiotics | Italian Cafe Mocha (Pack of 1),1799.0,1709.0,5.0,341.8,False,https://wellbeingnutrition.com/products/vegan-protein-italian-cafe-mocha
2026-09-16 14:08 IST,Wellbeing Nutrition,Wellbeing Nutrition,Plant Protein 22g | 500g | 3B CFU Probiotics | Belgian Dark Chocolate (Pack of 1),1799.0,1709.0,5.0,341.8,True,https://wellbeingnutrition.com/products/vegan-protein-belgian-chocolate
2026-09-16 14:08 IST,Wellbeing Nutrition,Wellbeing Nutrition,Plant Protein 22g | 500g | 3B CFU Probiotics | French Vanilla Caramel (Pack of 1),1799.0,1709.0,5.0,341.8,True,https://wellbeingnutrition.com/products/vegan-protein-french-vanilla-caramel
2026-09-16 14:08 IST,Wellbeing Nutrition,Wellbeing Nutrition,Plant Protein 22g | 500g | 3B CFU Probiotics | Canadian Mixed Berry (Pack of 1),1799.0,1709.0,5.0,341.8,True,https://wellbeingnutrition.com/products/vegan-protein-canadian-mixed-berry
2026-09-16 14:08 IST,Wellbeing Nutrition,Wellbeing Nutrition,Her Superfood Plant Protein | Chocolate Peanut Butter (Pack of 1),1799.0,1709.0,5.0,,True,https://wellbeingnutrition.com/products/superfood-plant-protein-powder-for-women
2026-09-16 14:08 IST,Wellbeing Nutrition,Wellbeing Nutrition,Superfood Plant Protein | British Banoffee Pie (Pack of 1),1799.0,1709.0,5.0,,True,https://wellbeingnutrition.com/products/superfood-plant-protein-powder-in-banoffee-pie
2026-09-16 14:08 IST,Wellbeing Nutrition,Wellbeing Nutrition,Whey Protein Isolate + Concentrate Mango Sachets (Pack of 2),2798.0,2798.0,0.0,,False,https://wellbeingnutrition.com/products/whey-protein-isolate-concentrate-mango-sachets
2026-09-16 14:08 IST,Wellbeing Nutrition,Wellbeing Nutrition,Plant Protein 22g | 907g | 3B CFU Probiotics | French Vanilla Caramel (Pack of 1),3399.0,3229.0,5.0,356.01,True,https://wellbeingnutrition.com/products/vegan-protein-french-vanilla-caramel-copy
2026-09-16 14:08 IST,AS-IT-IS Nutrition,AS-IT-IS Nutrition,"AS-IT-IS ONE Brown Rice Protein | 27g Protein per Serving | Plant Protein | Single-Ingredient, Unflavoured (35g)",175.0,122.0,30.3,,True,https://asitisnutrition.com/products/as-it-is-nutrition-brown-rice-protein-80-designed-as-meal-supplement-lab-tested-unflavoured
2026-09-16 14:08 IST,AS-IT-IS Nutrition,AS-IT-IS Nutrition,"AS-IT-IS ONE Pea Protein Isolate | 29g Protein per Serving | Plant Protein | Single-Ingredient, Unflavoured (36g-Sachet)",175.0,122.0,30.3,,False,https://asitisnutrition.com/products/as-it-is-nutrition-pea-protein-isolate-powder
2026-09-16 14:08 IST,AS-IT-IS Nutrition,AS-IT-IS Nutrition,"AS-IT-IS ONE Soy Protein Isolate | 30g Protein per Serving | Plant Protein | Single-Ingredient, Unflavoured (35g)",175.0,122.0,30.3,,False,https://asitisnutrition.com/products/as-it-is-nutrition-buy-soy-protein-isolate-powder-in-india
2026-09-16 14:08 IST,AS-IT-IS Nutrition,AS-IT-IS Nutrition,AS-IT-IS ATOM Beginners Whey Protein | 15g Protein per Serving | With DigeZyme® Enzymes (Choco Hazel Fusion / 37g),203.0,131.0,35.5,,True,https://asitisnutrition.com/products/atom-beginners-whey-protein
2026-09-16 14:08 IST,AS-IT-IS Nutrition,AS-IT-IS Nutrition,"AS-IT-IS ATOM Performance Whey | 25g Protein per Serving | With Safed Musli, Mucuna & DigeZyme® Enzymes (Double Rich Chocolate / 45g)",220.0,140.0,36.4,,True,https://asitisnutrition.com/products/as-it-is-atom-performance-whey-1kg-with-safed-musli-for-faster-recovery-highly-bioavailable
2026-09-16 14:08 IST,AS-IT-IS Nutrition,AS-IT-IS Nutrition,"AS-IT-IS ATOM Performance Whey | 25g Protein per Serving | With Safed Musli, Mucuna & DigeZyme® Enzymes (Pista Fusion / 45g)",2485.0,140.0,94.4,,False,https://asitisnutrition.com/products/as-it-is-atom-performance-whey-1kg-with-safed-musli-for-faster-recovery-highly-bioavailable
2026-09-16 14:08 IST,AS-IT-IS Nutrition,AS-IT-IS Nutrition,"AS-IT-IS ATOM Performance Whey | 25g Protein per Serving | With Safed Musli, Mucuna & DigeZyme® Enzymes (Cafe Latte / 45g)",2485.0,140.0,94.4,,False,https://asitisnutrition.com/products/as-it-is-atom-performance-whey-1kg-with-safed-musli-for-faster-recovery-highly-bioavailable
2026-09-16 14:08 IST,AS-IT-IS Nutrition,AS-IT-IS Nutrition,"AS-IT-IS ATOM Performance Whey | 25g Protein per Serving | With Safed Musli, Mucuna & DigeZyme® Enzymes (Cookie delight / 45g)",2485.0,140.0,94.4,,False,https://asitisnutrition.com/products/as-it-is-atom-performance-whey-1kg-with-safed-musli-for-faster-recovery-highly-bioavailable
2026-09-16 14:08 IST,AS-IT-IS Nutrition,AS-IT-IS Nutrition,"AS-IT-IS ATOM Performance Whey | 25g Protein per Serving | With Safed Musli, Mucuna & DigeZyme® Enzymes (Choco hazel fusion / 45g)",2485.0,140.0,94.4,,False,https://asitisnutrition.com/products/as-it-is-atom-performance-whey-1kg-with-safed-musli-for-faster-recovery-highly-bioavailable
2026-09-16 14:08 IST,AS-IT-IS Nutrition,AS-IT-IS Nutrition,AS-IT-IS ATOM Whey Protein | 27g Protein per Serving | DigeZyme® Enzymes & 1 Billion CFU Probiotics (Double Rich Chocolate / (36g Travel Sachet)),262.0,167.0,36.3,463.89,True,https://asitisnutrition.com/products/atom-whey-protein
2026-09-16 14:08 IST,AS-IT-IS Nutrition,AS-IT-IS Nutrition,AS-IT-IS ONE Whey Protein Concentrate Sachets | 28g Protein per Serving | Unflavoured (35g Sachet (Pack of 1)),305.0,178.0,41.6,593.33,True,https://asitisnutrition.com/products/whey-protein-30g-sachet
2026-09-16 14:08 IST,AS-IT-IS Nutrition,AS-IT-IS Nutrition,"AS-IT-IS ATOM Nitro Whey with Creasure® | 33g Protein, 3g Creatine per Serving | With DigeZyme® Enzymes (Double Rich Chocolate / 45g)",289.0,185.0,36.0,,True,https://asitisnutrition.com/products/atom-nitro-whey-with-creatine-i-33g-protein-3g-creatine-7-4g-bcaa
2026-09-16 14:08 IST,AS-IT-IS Nutrition,AS-IT-IS Nutrition,"AS-IT-IS ATOM Nitro Whey with Creasure® | 33g Protein, 3g Creatine per Serving | With DigeZyme® Enzymes (Kesar Kulfi / 45g)",3407.0,185.0,94.6,,False,https://asitisnutrition.com/products/atom-nitro-whey-with-creatine-i-33g-protein-3g-creatine-7-4g-bcaa
2026-09-16 14:08 IST,AS-IT-IS Nutrition,AS-IT-IS Nutrition,"AS-IT-IS ATOM Nitro Whey with Creasure® | 33g Protein, 3g Creatine per Serving | With DigeZyme® Enzymes (Classic Vanilla / 45g)",3407.0,185.0,94.6,,False,https://asitisnutrition.com/products/atom-nitro-whey-with-creatine-i-33g-protein-3g-creatine-7-4g-bcaa
2026-09-16 14:08 IST,AS-IT-IS Nutrition,AS-IT-IS Nutrition,AS-IT-IS ONE Whey Protein Concentrate Sachets | 28g Protein per Serving | Unflavoured (35g Sachet (Pack of 1) + Shaker),438.0,303.0,30.8,1010.0,False,https://asitisnutrition.com/products/whey-protein-30g-sachet
2026-09-16 14:08 IST,MyFitness,MYFITNESS,MyFitness Peanut Butter - Chocolate | 26% Protein | Crispy | Chocolate Peanut Butter Spread (227g),159.0,149.0,6.3,65.64,True,https://myfitness.co.in/products/chocolate-crispy
2026-09-16 14:08 IST,MyFitness,MYFITNESS,"Pro.Fitness High Protein Chocolate Oats | Dark Chocolate | Healthy Oats With Nuts, Seeds & Added Whey (375g)",339.0,219.0,35.4,58.4,True,https://myfitness.co.in/products/high-protein-oats-900g-27g-protein
2026-09-16 14:08 IST,MyFitness,myfitness-official-store,MyFitness Peanut Butter - Classic Zero | 28% Protein | Extra Crunchy | Zero Sugar Peanut Spread (510 g),349.0,275.0,21.2,53.92,True,https://myfitness.co.in/products/myfitness-zero-peanut-butter-crunchy-510g
2026-09-16 14:08 IST,MyFitness,myfitness-official-store,MyFitness Peanut Butter - Chocolate | 26% Protein | Crunchy | Chocolate Peanut Butter Spread (510 g),319.0,275.0,13.8,45.08,True,https://myfitness.co.in/products/myfitness-chocolate-peanut-butter-crunchy
2026-09-16 14:08 IST,MyFitness,myfitness-official-store,MyFitness Peanut Butter - Natural Unsweetened | 31% Protein | Crunchy | Zero Sugar Peanut Butter Spread (510 g),319.0,275.0,13.8,45.08,True,https://myfitness.co.in/products/myfitness-all-natural-peanut-butter-crunchy
2026-09-16 14:08 IST,MyFitness,myfitness-official-store,MyFitness Peanut Butter - Natural Unsweetened | 25% Protein | Smooth | Zero Sugar Peanut Butter Spread (510 g),319.0,275.0,13.8,45.08,True,https://myfitness.co.in/products/myfitness-all-natural-peanut-butter-smooth
2026-09-16 14:08 IST,MyFitness,myfitness-official-store,MyFitness Peanut Butter - Chocolate | 26% Protein | Crispy | Chocolate Peanut Butter Spread (510 g),319.0,275.0,13.8,45.08,True,https://myfitness.co.in/products/myfitness-chocolate-peanut-butter-crispy
2026-09-16 14:08 IST,MyFitness,myfitness-official-store,MyFitness Peanut Butter - Chocolate | 28% Protein | Smooth | Chocolate Peanut Butter Spread (510 g),319.0,275.0,13.8,45.08,True,https://myfitness.co.in/products/myfitness-chocolate-peanut-butter-smooth
2026-09-16 14:08 IST,MyFitness,myfitness-official-store,MyFitness Peanut Butter - Original | 28% Protein | Crunchy | Classic Peanut Butter Spread (510 g),319.0,275.0,13.8,45.08,True,https://myfitness.co.in/products/myfitness-original-peanut-butter-crunchy
2026-09-16 14:08 IST,MyFitness,myfitness-official-store,MyFitness Peanut Butter - Original | 28% Protein | Smooth | Classic Peanut Butter Spread (510 g),319.0,275.0,13.8,45.08,True,https://myfitness.co.in/products/myfitness-original-peanut-butter-smooth
2026-09-16 14:08 IST,MyFitness,MYFITNESS,MyFitness Peanut Butter - Chocolate | 25% Protein | Almond Crunch | Chocolate Peanut Butter Spread (510 g),379.0,279.0,26.4,54.71,True,https://myfitness.co.in/products/myfitness-chocolate-peanut-butter-with-almond-crunch
2026-09-16 14:08 IST,MyFitness,MYFITNESS,MyFitness x Batman | Chocolate Zero Peanut Butter Extra Crunchy | 27% Protein | Zero Added Sugar | High Protein (510 g),369.0,299.0,19.0,58.63,True,https://myfitness.co.in/products/myfitness-zero-chocolate-peanut-butter-crunchy-zero-sugar-extra-crunch-510g-27g-protein-10g-fiber-tasty-healthy-nut-butter-spread-cholesterol-free-zero-trans-fat-crunchy-peanut-butter
2026-09-16 14:08 IST,MyFitness,MYFITNESS,MyFitness Peanut Butter - Dark Chocolate | 30% Protein | Smooth | Rich Chocolate Peanut Butter Spread (510 g),399.0,299.0,25.1,49.02,True,https://myfitness.co.in/products/myfitness-olympia-edition-dark-chocolate-peanut-butter-with-added-whey-smooth
2026-09-16 14:08 IST,MyFitness,MYFITNESS,MyFitness Peanut Butter - Dark Chocolate | 29% Protein | Crispy | Rich Chocolate Peanut Butter Spread (510 g),399.0,319.0,20.1,52.3,True,https://myfitness.co.in/products/myfitness-peanut-butter-dark-chocolate-29-protein-crispy-rich-chocolate-peanut-butter-spread
2026-09-16 14:08 IST,MyFitness,MYFITNESS,MyFitness Peanut Butter - Dark Chocolate | 30% Protein | Crunchy | Rich Chocolate Peanut Butter Spread (510 g),399.0,319.0,20.1,52.3,True,https://myfitness.co.in/products/myfitness-olympia-edition-dark-chocolate-peanut-butter-with-added-whey-crunchy
2026-09-16 14:08 IST,Naturaltein,naturaltein,The Protein Dessert E-Cook Book by Naturaltein,599.0,399.0,33.4,,True,https://naturaltein.in/products/the-protein-dessert-e-cook-book-by-naturaltein
2026-09-16 14:08 IST,Naturaltein,naturaltein,Natural Plant Protein (Chocolate / 1 Box (500 g)),3000.0,1112.0,62.9,222.4,True,https://naturaltein.in/products/plant-protein
2026-09-16 14:08 IST,Naturaltein,naturaltein,Natural Plant Protein (Mango / 1 Box (500 g)),3000.0,1112.0,62.9,222.4,True,https://naturaltein.in/products/plant-protein
2026-09-16 14:08 IST,Naturaltein,naturaltein,Natural Plant Protein (Berry / 1 Box (500 g)),3000.0,1112.0,62.9,222.4,True,https://naturaltein.in/products/plant-protein
2026-09-16 14:08 IST,Naturaltein,naturaltein,Natural Plant Protein (Pista / 1 Box (500 g)),3000.0,1112.0,62.9,222.4,True,https://naturaltein.in/products/plant-protein
2026-09-16 14:08 IST,Naturaltein,naturaltein,Natural Plant Protein (Coffee / 1 Box (500 g)),3000.0,1112.0,62.9,222.4,True,https://naturaltein.in/products/plant-protein
2026-09-16 14:08 IST,Naturaltein,naturaltein,Natural Whey Protein Concentrate (Italian Ice Cream / 1 Box (300 g)),1424.0,1299.0,8.8,433.0,False,https://naturaltein.in/products/whey-protein-concentrate
2026-09-16 14:08 IST,Naturaltein,naturaltein,Natural Whey Protein Concentrate (Chocolate Biscoff / 1 Box (300 g)),1424.0,1399.0,1.8,466.33,False,https://naturaltein.in/products/whey-protein-concentrate
2026-09-16 14:08 IST,Naturaltein,naturaltein,Natural Plant Protein (Chocolate / 2 Boxes (1 kg)),6000.0,1600.0,73.3,160.0,True,https://naturaltein.in/products/plant-protein
2026-09-16 14:08 IST,Naturaltein,naturaltein,Natural Plant Protein (Mango / 2 Boxes (1 kg)),6000.0,1600.0,73.3,160.0,True,https://naturaltein.in/products/plant-protein
2026-09-16 14:08 IST,Naturaltein,naturaltein,Natural Plant Protein (Berry / 2 Boxes (1 kg)),6000.0,1600.0,73.3,160.0,True,https://naturaltein.in/products/plant-protein
2026-09-16 14:08 IST,Naturaltein,naturaltein,Natural Plant Protein (Pista / 2 Boxes (1 kg)),6000.0,1600.0,73.3,160.0,True,https://naturaltein.in/products/plant-protein
2026-09-16 14:08 IST,Naturaltein,naturaltein,Natural Plant Protein (Coffee / 2 Boxes (1 kg)),6000.0,1600.0,73.3,160.0,True,https://naturaltein.in/products/plant-protein
2026-09-16 14:08 IST,Naturaltein,naturaltein,Natural Whey Protein Isolate (Pista Kulfi / 1 Box (300 g)),1780.0,1775.0,0.3,591.67,False,https://naturaltein.in/products/whey-protein-isolate
2026-09-16 14:08 IST,Naturaltein,naturaltein,Natural Whey Protein Isolate (Vanilla / 1 Box (300 g)),1780.0,1775.0,0.3,591.67,False,https://naturaltein.in/products/whey-protein-isolate
2026-09-16 14:08 IST,GNC India,GNC,GNC 100% Whey + Nitro Surge (4lbs / Chocolate),6.23,6.03,3.2,,False,https://gnc.in/products/gnc-100-whey-nitro-surge
2026-09-16 14:08 IST,GNC India,GNC,GNC 100% Whey + Nitro Surge (4lbs / Vanilla),6.23,6.03,3.2,,False,https://gnc.in/products/gnc-100-whey-nitro-surge
2026-09-16 14:08 IST,GNC India,GNC India,PP Protein Wafer Bar Mini 20gm (Chocolate / 20 gm),60.0,40.0,33.3,200.0,True,https://gnc.in/products/pp-protein-wafer-bar-mini-20gm
2026-09-16 14:08 IST,GNC India,GNC India,PP Protein Wafer Bar Mini 20gm (Coffee / 20 gm),60.0,40.0,33.3,200.0,True,https://gnc.in/products/pp-protein-wafer-bar-mini-20gm
2026-09-16 14:08 IST,GNC India,GNC India,PP Protein Wafer Bar Mini 20gm (Peanut Butter / 20 gm),60.0,40.0,33.3,200.0,True,https://gnc.in/products/pp-protein-wafer-bar-mini-20gm
2026-09-16 14:08 IST,GNC India,GNC,GNC Protein Wafer Bar (Chocolate) (Pack of 1 / Chocolate),59.0,55.0,6.8,,True,https://gnc.in/products/gnc-protein-wafer-bar-chocolate
2026-09-16 14:08 IST,GNC India,GNC,GNC Protein Wafer Bar (Peanut butter) (Pack of 1 / Peanut Butter),59.0,55.0,6.8,,True,https://gnc.in/products/gnc-protein-wafer-bar-peanut-butter
2026-09-16 14:08 IST,GNC India,GNC,GNC Protein Wafer Bar (Coffee) (Pack of 1 / Coffee),59.0,55.0,6.8,,True,https://gnc.in/products/gnc-protein-wafer-bar-coffee
2026-09-16 14:08 IST,GNC India,GNC,GNC Protein Wafer Bar (40g / Chocolate),60.0,55.0,8.3,137.5,True,https://gnc.in/products/gnc-protein-wafer-bar-upsell
2026-09-16 14:08 IST,GNC India,GNC India,GNC Select Fermented Yeast Protein Isolate (35gm) (35 gm / Chocolate),149.0,65.0,56.4,185.71,True,https://gnc.in/products/gnc-select-fermented-yeast-protein-isolate-35gm
2026-09-16 14:08 IST,GNC India,GNC India,GNC Select Fermented Yeast Protein Isolate (35gm) (35 gm / Coffee),149.0,65.0,56.4,185.71,True,https://gnc.in/products/gnc-select-fermented-yeast-protein-isolate-35gm
2026-09-16 14:08 IST,GNC India,GNC India,GNC Select Fermented Yeast Protein Isolate (35gm) (35 gm / Vanilla),149.0,65.0,56.4,185.71,True,https://gnc.in/products/gnc-select-fermented-yeast-protein-isolate-35gm
2026-09-16 14:08 IST,GNC India,GNC India,Protein Crunch Wafer Bar 40gm (Peanut Butter),80.0,69.0,13.7,172.5,True,https://gnc.in/products/protein-crunch-wafer-bar-40gm
2026-09-16 14:08 IST,GNC India,GNC India,Protein Crunch Wafer Bar 40gm (Cookies & Cream),80.0,69.0,13.7,172.5,True,https://gnc.in/products/protein-crunch-wafer-bar-40gm
2026-09-16 14:08 IST,GNC India,GNC India,Protein Crunch Wafer Bar 40gm (Chocolate),80.0,69.0,13.7,172.5,True,https://gnc.in/products/protein-crunch-wafer-bar-40gm
2026-09-17 14:11 IST,Nutrabay,Nutrabay,Nutrabay Hydrolyzed Gold Pea Protein,69,69,0.0,172.5,True,https://nutrabay.com/product/nutrabay-gold-hydrolyzed-pea-protein/?pId=3302532
2026-09-17 14:11 IST,Nutrabay,Nutrabay,Nutrabay Hydrolyzed Gold Pea Protein,69,69,0.0,172.5,True,https://nutrabay.com/product/nutrabay-gold-hydrolyzed-pea-protein/?pId=3302532
2026-09-17 14:11 IST,Nutrabay,Nutrabay,Nutrabay Hydrolyzed Gold Pea Protein,69,69,0.0,172.5,True,https://nutrabay.com/product/nutrabay-gold-hydrolyzed-pea-protein/?pId=3302532
2026-09-17 14:11 IST,Nutrabay,Velbiom,Velbiom Happy Cultures Tastiest Plant Protein,600,499,16.8,346.53,True,https://nutrabay.com/product/velbiom-happy-cultures-tastiest-plant-protein/?pId=7407265
2026-09-17 14:11 IST,Nutrabay,TruNativ,TruNativ Plant Based Everyday Protein - Protein You Can Cook With!,699,599,14.3,363.03,True,https://nutrabay.com/product/trunativ-plant-based-everyday-protein-protein-you-can-cook-with/?pId=9485223
2026-09-17 14:11 IST,Nutrabay,Nutrabay,Nutrabay Pure Pea Protein Isolate,669,649,3.0,129.8,True,https://nutrabay.com/product/nutrabay-pure-100-pea-protein-isolate/?pId=4537768
2026-09-17 14:11 IST,Nutrabay,Nutrabay,Nutrabay Wellness Vegan Plant Protein Powder + Superfoods,1199,799,33.4,159.8,True,https://nutrabay.com/product/nutrabay-wellness-vegan-plant-protein-powder-superfoods/?pId=4698878
2026-09-17 14:11 IST,Nutrabay,Ace Blend,Ace Blend Plant Based Daily Protein,1935,849,56.1,,True,https://nutrabay.com/product/ace-blend-plant-based-daily-protein/?pId=6275363
2026-09-17 14:11 IST,Nutrabay,Nutrabay,Nutrabay BioAbsorb™ Whey Protein Powder | Clinically Tested 54% Better Protein Absorption | 26g Protein/Scoop | India's 1st Protein with ProDiFi™ for No Bloating | No Added Sugar,859,859,0.0,474.59,True,https://nutrabay.com/product/nutrabay-bioabsorb-whey-protein/?pId=8042444
2026-09-17 14:11 IST,Nutrabay,Nutrabay,Nutrabay Hydrolyzed Gold Pea Protein,889,889,0.0,177.8,True,https://nutrabay.com/product/nutrabay-gold-hydrolyzed-pea-protein/?pId=3302532
2026-09-17 14:11 IST,Nutrabay,Nutrabay,Nutrabay Pure Pea Protein Isolate,1499,899,40.0,89.9,True,https://nutrabay.com/product/nutrabay-pure-100-pea-protein-isolate/?pId=4537768
2026-09-17 14:11 IST,Nutrabay,Nutrabay,Nutrabay Hydrolyzed Gold Pea Protein,1049,899,14.3,179.8,True,https://nutrabay.com/product/nutrabay-gold-hydrolyzed-pea-protein/?pId=3302532
2026-09-17 14:11 IST,Nutrabay,Nutrabay,Nutrabay Hydrolyzed Gold Pea Protein,1049,899,14.3,179.8,True,https://nutrabay.com/product/nutrabay-gold-hydrolyzed-pea-protein/?pId=3302532
2026-09-17 14:11 IST,Nutrabay,Optimum Nutrition,Optimum Nutrition (ON) Gold Standard Whey Protein Powder,940,940,0.0,606.45,True,https://nutrabay.com/product/optimum-nutrition-on-100-whey-gold-standard-2/?pId=4471481
2026-09-17 14:11 IST,Nutrabay,Velbiom,Velbiom Happy Cultures Tastiest Plant Protein,1699,949,44.1,187.92,True,https://nutrabay.com/product/velbiom-happy-cultures-tastiest-plant-protein/?pId=7407265
2026-09-17 14:11 IST,Fast&Up,Fastandup,100% Pure & Natural Moringa Powder,250.0,238.0,4.8,,True,https://in.fastandup.com/products/100-pure-natural-moringa-powder
2026-09-17 14:11 IST,Fast&Up,Fastandup,Plant Protein - Assorted Pack,270.0,243.0,10.0,,False,https://in.fastandup.com/products/fast-up-plant-protein-assorted-pack
2026-09-17 14:11 IST,Fast&Up,Fastandup,Plant Protein - Rich Chocolate - Single Serving Sachet Combo Pack (Rich Chocolate / Pack of 5),450.0,396.0,12.0,,False,https://in.fastandup.com/products/plant-protein-rich-chocolate-single-serving-sachet-combo-pack
2026-09-17 14:11 IST,Fast&Up,Fastandup,Plant Protein - Rich Chocolate - Single Serving Sachet Combo Pack (Rich Chocolate / Pack of 10),900.0,765.0,15.0,,False,https://in.fastandup.com/products/plant-protein-rich-chocolate-single-serving-sachet-combo-pack
2026-09-17 14:11 IST,Fast&Up,Fastandup,Plant Protein - Rich Chocolate - Single Serving Sachet Combo Pack (Rich Chocolate / Pack of 15),1350.0,1107.0,18.0,,False,https://in.fastandup.com/products/plant-protein-rich-chocolate-single-serving-sachet-combo-pack
2026-09-17 14:11 IST,Fast&Up,Fastandup,Plant Protein - Cookies & Cream - 500g,1599.0,1199.0,25.0,239.8,True,https://in.fastandup.com/products/plant-protein-cookies-cream-500g
2026-09-17 14:11 IST,Fast&Up,Fastandup,Plant Protein - Rich Chocolate – 500gms,1599.0,1199.0,25.0,239.8,False,https://in.fastandup.com/products/plant-protein-powder-500gms
2026-09-17 14:11 IST,Fast&Up,Fastandup,Plant Protein - Alphonso Mango - 1Kg,3115.0,1999.0,35.8,199.9,True,https://in.fastandup.com/products/plant-protein-alphonso-mango-25-servings
2026-09-17 14:11 IST,Fast&Up,Fastandup,Plant Protein - Kesar Kulfi - 1kg,3115.0,1999.0,35.8,199.9,True,https://in.fastandup.com/products/plant-protein-powder-special-festive-pack
2026-09-17 14:11 IST,Fast&Up,Fastandup,Plant Protein - Cookies & Cream - 1Kg,3115.0,1999.0,35.8,199.9,False,https://in.fastandup.com/products/plant-protein-cookies-cream-1-kg
2026-09-17 14:11 IST,Fast&Up,Fastandup,Plant Protein - Strawberry Blast - 25 Servings,3115.0,1999.0,35.8,,False,https://in.fastandup.com/products/plant-protein-strawberry-25-servings
2026-09-17 14:11 IST,Fast&Up,Fastandup,Plant Protein - Rich Chocolate - 1kg,3115.0,1999.0,35.8,199.9,True,https://in.fastandup.com/products/plant-protein-rich-chocolate-1kg
2026-09-17 14:11 IST,Fast&Up,Fastandup,Plant Protein - Cookies & Cream - 500g Pack of 2,3198.0,2079.0,35.0,415.8,False,https://in.fastandup.com/products/plant-protein-cookies-cream-500g-pack-of-2
2026-09-17 14:11 IST,Fast&Up,Fastandup,Daily Fiber + Plant Protein Rich Chocolate Combo,3715.0,2229.0,40.0,,True,https://in.fastandup.com/products/daily-fiber-plant-protein-rich-chocolate-combo
2026-09-17 14:11 IST,Fast&Up,Fastandup,Plant Protein Rich Chocolate - 1kg pouch+ Plant Protein Cookies Cream- 1kg Pouch,6230.0,3426.5,45.0,342.65,False,https://in.fastandup.com/products/plant-protein-rich-chocolate-1kg-pouch-plant-protein-cookies-cream-1kg-pouch
2026-09-17 14:11 IST,OZiva,OZiva,Plant Protein + Pro-Digest (Mango),139.0,139.0,0.0,,True,https://oziva.in/products/plant-protein-pro-digest
2026-09-17 14:11 IST,OZiva,OZiva,Pro-Collagen Protein Peptides Caramel | 250g,799.0,433.0,45.8,173.2,True,https://oziva.in/products/pro-collagen-protein-peptides-caramel-250g
2026-09-17 14:11 IST,OZiva,OZiva,"Vegan Collagen, Clinically Proven (Watermelon / Starter Pack-125g)",499.0,459.0,8.0,367.2,True,https://oziva.in/products/plant-based-collagen
2026-09-17 14:11 IST,OZiva,OZiva,Plant Protein + Pro-Digest (Assorted),699.0,699.0,0.0,,True,https://oziva.in/products/plant-protein-pro-digest
2026-09-17 14:11 IST,OZiva,OZiva,Plant Protein + Pro-Digest (Chocolate),699.0,699.0,0.0,,False,https://oziva.in/products/plant-protein-pro-digest
2026-09-17 14:11 IST,OZiva,OZiva,Plant Protein + Pro-Digest (Strawberry),699.0,699.0,0.0,,False,https://oziva.in/products/plant-protein-pro-digest
2026-09-17 14:11 IST,OZiva,OZiva,Plant Protein + Pro-Digest (Vanilla),699.0,699.0,0.0,,False,https://oziva.in/products/plant-protein-pro-digest
2026-09-17 14:11 IST,OZiva,OZiva,Plant Protein + Pro-Digest (Assorted / Starter Pack),699.0,699.0,0.0,,True,https://oziva.in/products/oziva-bioactive-plant-protein-with-25g-vegan-protein-5-5-bcaas-100-rda-vitamins-minerals-ayurvedic-herbs-for-better-endurance-stamina-muscle-recovery-1-kg
2026-09-17 14:11 IST,OZiva,OZiva,Daily Protein Activ for Women (Rich Chocolate / Starter Pack),799.0,749.0,6.3,,True,https://oziva.in/products/daily-protein-activ-for-women-with-clean-whey-protein-multivitamins-tulsi-probiotics-for-improved-everyday-energy-stamina-bone-health-immune-health
2026-09-17 14:11 IST,OZiva,OZiva,Daily Protein Activ for Women (Classic Vanilla / Starter Pack),799.0,749.0,6.3,,True,https://oziva.in/products/daily-protein-activ-for-women-with-clean-whey-protein-multivitamins-tulsi-probiotics-for-improved-everyday-energy-stamina-bone-health-immune-health
2026-09-17 14:11 IST,OZiva,OZiva,"Pro-Collagen Protein Peptides, 250 g (Starter Pack)",849.0,799.0,5.9,319.6,True,https://oziva.in/products/oziva-pro-collagen-protein-peptides-with-clean-protein-green-coffee-hyaluronic-acid-biotin-for-skin-hair-health-muscle-joint-health-protein-breakdown-caramel-250-g
2026-09-17 14:11 IST,OZiva,OZiva,"Vegan Collagen, Clinically Proven (Guava Glow / Starter Pack)",959.0,929.0,3.1,,True,https://oziva.in/products/plant-based-collagen
2026-09-17 14:11 IST,OZiva,OZiva,"Vegan Collagen, Clinically Proven (Classic / Starter Pack)",959.0,929.0,3.1,,True,https://oziva.in/products/plant-based-collagen
2026-09-17 14:11 IST,OZiva,OZiva,"Vegan Collagen, Clinically Proven (Berry Orange / Starter Pack)",959.0,929.0,3.1,,True,https://oziva.in/products/plant-based-collagen
2026-09-17 14:11 IST,OZiva,OZiva,"Vegan Collagen, Clinically Proven (Watermelon / Starter Pack)",959.0,929.0,3.1,,True,https://oziva.in/products/plant-based-collagen
2026-09-17 14:11 IST,Wellbeing Nutrition,Wellbeing Nutrition,Kids Protein Vanilla Free Sachet,79.0,79.0,0.0,,True,https://wellbeingnutrition.com/products/kids-protein-vanilla-free-sachet
2026-09-17 14:11 IST,Wellbeing Nutrition,Wellbeing Nutrition,Kids Protein Chocolate Sachet,79.0,79.0,0.0,,True,https://wellbeingnutrition.com/products/kids-protein-chocolate-sachet
2026-09-17 14:11 IST,Wellbeing Nutrition,Wellbeing Nutrition,Kids Protein Vanilla Sachet,79.0,79.0,0.0,,True,https://wellbeingnutrition.com/products/kids-protein-vanilla-sachet
2026-09-17 14:11 IST,Wellbeing Nutrition,Wellbeing Nutrition,Vegan Protein Dark Chocolate Hazelnut Sachet,150.0,150.0,0.0,,True,https://wellbeingnutrition.com/products/vegan-protein-dark-chocolate-hazelnut-sachet
2026-09-17 14:11 IST,Wellbeing Nutrition,Wellbeing Nutrition,Whey Protein Isolate Dark Chocolate Sachet (Pack of 1),160.0,160.0,0.0,,False,https://wellbeingnutrition.com/products/whey-protein-isolate-dark-chocolate-sachet
2026-09-17 14:11 IST,Wellbeing Nutrition,Wellbeing Nutrition,Whey Protein Isolate + Concentrate Mango Sachets (Pack of 1),1399.0,1399.0,0.0,,False,https://wellbeingnutrition.com/products/whey-protein-isolate-concentrate-mango-sachets
2026-09-17 14:11 IST,Wellbeing Nutrition,Wellbeing Nutrition,Plant Protein 22g | 500g | 3B CFU Probiotics | Dark Chocolate Hazelnut (Pack of 1),1799.0,1709.0,5.0,341.8,True,https://wellbeingnutrition.com/products/vegan-protein-dark-chocolate-hazelnut
2026-09-17 14:11 IST,Wellbeing Nutrition,Wellbeing Nutrition,Plant Protein 22g | 500g | 3B CFU Probiotics | Italian Cafe Mocha (Pack of 1),1799.0,1709.0,5.0,341.8,False,https://wellbeingnutrition.com/products/vegan-protein-italian-cafe-mocha
2026-09-17 14:11 IST,Wellbeing Nutrition,Wellbeing Nutrition,Plant Protein 22g | 500g | 3B CFU Probiotics | Belgian Dark Chocolate (Pack of 1),1799.0,1709.0,5.0,341.8,True,https://wellbeingnutrition.com/products/vegan-protein-belgian-chocolate
2026-09-17 14:11 IST,Wellbeing Nutrition,Wellbeing Nutrition,Plant Protein 22g | 500g | 3B CFU Probiotics | French Vanilla Caramel (Pack of 1),1799.0,1709.0,5.0,341.8,True,https://wellbeingnutrition.com/products/vegan-protein-french-vanilla-caramel
2026-09-17 14:11 IST,Wellbeing Nutrition,Wellbeing Nutrition,Plant Protein 22g | 500g | 3B CFU Probiotics | Canadian Mixed Berry (Pack of 1),1799.0,1709.0,5.0,341.8,True,https://wellbeingnutrition.com/products/vegan-protein-canadian-mixed-berry
2026-09-17 14:11 IST,Wellbeing Nutrition,Wellbeing Nutrition,Her Superfood Plant Protein | Chocolate Peanut Butter (Pack of 1),1799.0,1709.0,5.0,,True,https://wellbeingnutrition.com/products/superfood-plant-protein-powder-for-women
2026-09-17 14:11 IST,Wellbeing Nutrition,Wellbeing Nutrition,Superfood Plant Protein | British Banoffee Pie (Pack of 1),1799.0,1709.0,5.0,,True,https://wellbeingnutrition.com/products/superfood-plant-protein-powder-in-banoffee-pie
2026-09-17 14:11 IST,Wellbeing Nutrition,Wellbeing Nutrition,Whey Protein Isolate + Concentrate Mango Sachets (Pack of 2),2798.0,2798.0,0.0,,False,https://wellbeingnutrition.com/products/whey-protein-isolate-concentrate-mango-sachets
2026-09-17 14:11 IST,Wellbeing Nutrition,Wellbeing Nutrition,Plant Protein 22g | 907g | 3B CFU Probiotics | French Vanilla Caramel (Pack of 1),3399.0,3229.0,5.0,356.01,True,https://wellbeingnutrition.com/products/vegan-protein-french-vanilla-caramel-copy
2026-09-17 14:11 IST,AS-IT-IS Nutrition,AS-IT-IS Nutrition,"AS-IT-IS ONE Brown Rice Protein | 27g Protein per Serving | Plant Protein | Single-Ingredient, Unflavoured (35g)",175.0,122.0,30.3,,True,https://asitisnutrition.com/products/as-it-is-nutrition-brown-rice-protein-80-designed-as-meal-supplement-lab-tested-unflavoured
2026-09-17 14:11 IST,AS-IT-IS Nutrition,AS-IT-IS Nutrition,"AS-IT-IS ONE Pea Protein Isolate | 29g Protein per Serving | Plant Protein | Single-Ingredient, Unflavoured (36g-Sachet)",175.0,122.0,30.3,,False,https://asitisnutrition.com/products/as-it-is-nutrition-pea-protein-isolate-powder
2026-09-17 14:11 IST,AS-IT-IS Nutrition,AS-IT-IS Nutrition,"AS-IT-IS ONE Soy Protein Isolate | 30g Protein per Serving | Plant Protein | Single-Ingredient, Unflavoured (35g)",175.0,122.0,30.3,,True,https://asitisnutrition.com/products/as-it-is-nutrition-buy-soy-protein-isolate-powder-in-india
2026-09-17 14:11 IST,AS-IT-IS Nutrition,AS-IT-IS Nutrition,AS-IT-IS ATOM Beginners Whey Protein | 15g Protein per Serving | With DigeZyme® Enzymes (Choco Hazel Fusion / 37g),203.0,131.0,35.5,,True,https://asitisnutrition.com/products/atom-beginners-whey-protein
2026-09-17 14:11 IST,AS-IT-IS Nutrition,AS-IT-IS Nutrition,"AS-IT-IS ATOM Performance Whey | 25g Protein per Serving | With Safed Musli, Mucuna & DigeZyme® Enzymes (Double Rich Chocolate / 45g)",220.0,140.0,36.4,,True,https://asitisnutrition.com/products/as-it-is-atom-performance-whey-1kg-with-safed-musli-for-faster-recovery-highly-bioavailable
2026-09-17 14:11 IST,AS-IT-IS Nutrition,AS-IT-IS Nutrition,"AS-IT-IS ATOM Performance Whey | 25g Protein per Serving | With Safed Musli, Mucuna & DigeZyme® Enzymes (Pista Fusion / 45g)",2485.0,140.0,94.4,,False,https://asitisnutrition.com/products/as-it-is-atom-performance-whey-1kg-with-safed-musli-for-faster-recovery-highly-bioavailable
2026-09-17 14:11 IST,AS-IT-IS Nutrition,AS-IT-IS Nutrition,"AS-IT-IS ATOM Performance Whey | 25g Protein per Serving | With Safed Musli, Mucuna & DigeZyme® Enzymes (Cafe Latte / 45g)",2485.0,140.0,94.4,,False,https://asitisnutrition.com/products/as-it-is-atom-performance-whey-1kg-with-safed-musli-for-faster-recovery-highly-bioavailable
2026-09-17 14:11 IST,AS-IT-IS Nutrition,AS-IT-IS Nutrition,"AS-IT-IS ATOM Performance Whey | 25g Protein per Serving | With Safed Musli, Mucuna & DigeZyme® Enzymes (Cookie delight / 45g)",2485.0,140.0,94.4,,False,https://asitisnutrition.com/products/as-it-is-atom-performance-whey-1kg-with-safed-musli-for-faster-recovery-highly-bioavailable
2026-09-17 14:11 IST,AS-IT-IS Nutrition,AS-IT-IS Nutrition,"AS-IT-IS ATOM Performance Whey | 25g Protein per Serving | With Safed Musli, Mucuna & DigeZyme® Enzymes (Choco hazel fusion / 45g)",2485.0,140.0,94.4,,False,https://asitisnutrition.com/products/as-it-is-atom-performance-whey-1kg-with-safed-musli-for-faster-recovery-highly-bioavailable
2026-09-17 14:11 IST,AS-IT-IS Nutrition,AS-IT-IS Nutrition,AS-IT-IS ATOM Whey Protein | 27g Protein per Serving | DigeZyme® Enzymes & 1 Billion CFU Probiotics (Double Rich Chocolate / (36g Travel Sachet)),262.0,167.0,36.3,463.89,True,https://asitisnutrition.com/products/atom-whey-protein
2026-09-17 14:11 IST,AS-IT-IS Nutrition,AS-IT-IS Nutrition,AS-IT-IS ONE Whey Protein Concentrate Sachets | 28g Protein per Serving | Unflavoured (35g Sachet (Pack of 1)),305.0,178.0,41.6,593.33,True,https://asitisnutrition.com/products/whey-protein-30g-sachet
2026-09-17 14:11 IST,AS-IT-IS Nutrition,AS-IT-IS Nutrition,"AS-IT-IS ATOM Nitro Whey with Creasure® | 33g Protein, 3g Creatine per Serving | With DigeZyme® Enzymes (Double Rich Chocolate / 45g)",289.0,185.0,36.0,,True,https://asitisnutrition.com/products/atom-nitro-whey-with-creatine-i-33g-protein-3g-creatine-7-4g-bcaa
2026-09-17 14:11 IST,AS-IT-IS Nutrition,AS-IT-IS Nutrition,"AS-IT-IS ATOM Nitro Whey with Creasure® | 33g Protein, 3g Creatine per Serving | With DigeZyme® Enzymes (Kesar Kulfi / 45g)",3407.0,185.0,94.6,,False,https://asitisnutrition.com/products/atom-nitro-whey-with-creatine-i-33g-protein-3g-creatine-7-4g-bcaa
2026-09-17 14:11 IST,AS-IT-IS Nutrition,AS-IT-IS Nutrition,"AS-IT-IS ATOM Nitro Whey with Creasure® | 33g Protein, 3g Creatine per Serving | With DigeZyme® Enzymes (Classic Vanilla / 45g)",3407.0,185.0,94.6,,False,https://asitisnutrition.com/products/atom-nitro-whey-with-creatine-i-33g-protein-3g-creatine-7-4g-bcaa
2026-09-17 14:11 IST,AS-IT-IS Nutrition,AS-IT-IS Nutrition,AS-IT-IS ONE Whey Protein Concentrate Sachets | 28g Protein per Serving | Unflavoured (35g Sachet (Pack of 1) + Shaker),438.0,303.0,30.8,1010.0,False,https://asitisnutrition.com/products/whey-protein-30g-sachet
2026-09-17 14:11 IST,MyFitness,MYFITNESS,MyFitness Peanut Butter - Chocolate | 26% Protein | Crispy | Chocolate Peanut Butter Spread (227g),159.0,149.0,6.3,65.64,True,https://myfitness.co.in/products/chocolate-crispy
2026-09-17 14:11 IST,MyFitness,MYFITNESS,"Pro.Fitness High Protein Chocolate Oats | Dark Chocolate | Healthy Oats With Nuts, Seeds & Added Whey (375g)",339.0,219.0,35.4,58.4,True,https://myfitness.co.in/products/high-protein-oats-900g-27g-protein
2026-09-17 14:11 IST,MyFitness,myfitness-official-store,MyFitness Peanut Butter - Classic Zero | 28% Protein | Extra Crunchy | Zero Sugar Peanut Spread (510 g),349.0,275.0,21.2,53.92,True,https://myfitness.co.in/products/myfitness-zero-peanut-butter-crunchy-510g
2026-09-17 14:11 IST,MyFitness,myfitness-official-store,MyFitness Peanut Butter - Chocolate | 26% Protein | Crunchy | Chocolate Peanut Butter Spread (510 g),319.0,275.0,13.8,45.08,True,https://myfitness.co.in/products/myfitness-chocolate-peanut-butter-crunchy
2026-09-17 14:11 IST,MyFitness,myfitness-official-store,MyFitness Peanut Butter - Natural Unsweetened | 31% Protein | Crunchy | Zero Sugar Peanut Butter Spread (510 g),319.0,275.0,13.8,45.08,True,https://myfitness.co.in/products/myfitness-all-natural-peanut-butter-crunchy
2026-09-17 14:11 IST,MyFitness,myfitness-official-store,MyFitness Peanut Butter - Natural Unsweetened | 25% Protein | Smooth | Zero Sugar Peanut Butter Spread (510 g),319.0,275.0,13.8,45.08,True,https://myfitness.co.in/products/myfitness-all-natural-peanut-butter-smooth
2026-09-17 14:11 IST,MyFitness,myfitness-official-store,MyFitness Peanut Butter - Chocolate | 26% Protein | Crispy | Chocolate Peanut Butter Spread (510 g),319.0,275.0,13.8,45.08,True,https://myfitness.co.in/products/myfitness-chocolate-peanut-butter-crispy
2026-09-17 14:11 IST,MyFitness,myfitness-official-store,MyFitness Peanut Butter - Chocolate | 28% Protein | Smooth | Chocolate Peanut Butter Spread (510 g),319.0,275.0,13.8,45.08,True,https://myfitness.co.in/products/myfitness-chocolate-peanut-butter-smooth
2026-09-17 14:11 IST,MyFitness,myfitness-official-store,MyFitness Peanut Butter - Original | 28% Protein | Crunchy | Classic Peanut Butter Spread (510 g),319.0,275.0,13.8,45.08,True,https://myfitness.co.in/products/myfitness-original-peanut-butter-crunchy
2026-09-17 14:11 IST,MyFitness,myfitness-official-store,MyFitness Peanut Butter - Original | 28% Protein | Smooth | Classic Peanut Butter Spread (510 g),319.0,275.0,13.8,45.08,True,https://myfitness.co.in/products/myfitness-original-peanut-butter-smooth
2026-09-17 14:11 IST,MyFitness,MYFITNESS,MyFitness Peanut Butter - Chocolate | 25% Protein | Almond Crunch | Chocolate Peanut Butter Spread (510 g),379.0,279.0,26.4,54.71,True,https://myfitness.co.in/products/myfitness-chocolate-peanut-butter-with-almond-crunch
2026-09-17 14:11 IST,MyFitness,MYFITNESS,MyFitness x Batman | Chocolate Zero Peanut Butter Extra Crunchy | 27% Protein | Zero Added Sugar | High Protein (510 g),369.0,299.0,19.0,58.63,True,https://myfitness.co.in/products/myfitness-zero-chocolate-peanut-butter-crunchy-zero-sugar-extra-crunch-510g-27g-protein-10g-fiber-tasty-healthy-nut-butter-spread-cholesterol-free-zero-trans-fat-crunchy-peanut-butter
2026-09-17 14:11 IST,MyFitness,MYFITNESS,MyFitness Peanut Butter - Dark Chocolate | 30% Protein | Smooth | Rich Chocolate Peanut Butter Spread (510 g),399.0,299.0,25.1,49.02,True,https://myfitness.co.in/products/myfitness-olympia-edition-dark-chocolate-peanut-butter-with-added-whey-smooth
2026-09-17 14:11 IST,MyFitness,MYFITNESS,MyFitness Peanut Butter - Dark Chocolate | 29% Protein | Crispy | Rich Chocolate Peanut Butter Spread (510 g),399.0,319.0,20.1,52.3,True,https://myfitness.co.in/products/myfitness-peanut-butter-dark-chocolate-29-protein-crispy-rich-chocolate-peanut-butter-spread
2026-09-17 14:11 IST,MyFitness,MYFITNESS,MyFitness Peanut Butter - Dark Chocolate | 30% Protein | Crunchy | Rich Chocolate Peanut Butter Spread (510 g),399.0,319.0,20.1,52.3,True,https://myfitness.co.in/products/myfitness-olympia-edition-dark-chocolate-peanut-butter-with-added-whey-crunchy
2026-09-17 14:11 IST,Naturaltein,naturaltein,The Protein Dessert E-Cook Book by Naturaltein,599.0,399.0,33.4,,True,https://naturaltein.in/products/the-protein-dessert-e-cook-book-by-naturaltein
2026-09-17 14:11 IST,Naturaltein,naturaltein,Natural Plant Protein (Chocolate / 1 Box (500 g)),3000.0,1112.0,62.9,222.4,True,https://naturaltein.in/products/plant-protein
2026-09-17 14:11 IST,Naturaltein,naturaltein,Natural Plant Protein (Mango / 1 Box (500 g)),3000.0,1112.0,62.9,222.4,True,https://naturaltein.in/products/plant-protein
2026-09-17 14:11 IST,Naturaltein,naturaltein,Natural Plant Protein (Berry / 1 Box (500 g)),3000.0,1112.0,62.9,222.4,True,https://naturaltein.in/products/plant-protein
2026-09-17 14:11 IST,Naturaltein,naturaltein,Natural Plant Protein (Pista / 1 Box (500 g)),3000.0,1112.0,62.9,222.4,True,https://naturaltein.in/products/plant-protein
2026-09-17 14:11 IST,Naturaltein,naturaltein,Natural Plant Protein (Coffee / 1 Box (500 g)),3000.0,1112.0,62.9,222.4,True,https://naturaltein.in/products/plant-protein
2026-09-17 14:11 IST,Naturaltein,naturaltein,Natural Whey Protein Concentrate (Italian Ice Cream / 1 Box (300 g)),1424.0,1299.0,8.8,433.0,False,https://naturaltein.in/products/whey-protein-concentrate
2026-09-17 14:11 IST,Naturaltein,naturaltein,Natural Whey Protein Concentrate (Chocolate Biscoff / 1 Box (300 g)),1424.0,1399.0,1.8,466.33,False,https://naturaltein.in/products/whey-protein-concentrate
2026-09-17 14:11 IST,Naturaltein,naturaltein,Natural Plant Protein (Chocolate / 2 Boxes (1 kg)),6000.0,1600.0,73.3,160.0,True,https://naturaltein.in/products/plant-protein
2026-09-17 14:11 IST,Naturaltein,naturaltein,Natural Plant Protein (Mango / 2 Boxes (1 kg)),6000.0,1600.0,73.3,160.0,True,https://naturaltein.in/products/plant-protein
2026-09-17 14:11 IST,Naturaltein,naturaltein,Natural Plant Protein (Berry / 2 Boxes (1 kg)),6000.0,1600.0,73.3,160.0,True,https://naturaltein.in/products/plant-protein
2026-09-17 14:11 IST,Naturaltein,naturaltein,Natural Plant Protein (Pista / 2 Boxes (1 kg)),6000.0,1600.0,73.3,160.0,True,https://naturaltein.in/products/plant-protein
2026-09-17 14:11 IST,Naturaltein,naturaltein,Natural Plant Protein (Coffee / 2 Boxes (1 kg)),6000.0,1600.0,73.3,160.0,True,https://naturaltein.in/products/plant-protein
2026-09-17 14:11 IST,Naturaltein,naturaltein,Natural Whey Protein Isolate (Pista Kulfi / 1 Box (300 g)),1780.0,1775.0,0.3,591.67,False,https://naturaltein.in/products/whey-protein-isolate
2026-09-17 14:11 IST,Naturaltein,naturaltein,Natural Whey Protein Isolate (Vanilla / 1 Box (300 g)),1780.0,1775.0,0.3,591.67,False,https://naturaltein.in/products/whey-protein-isolate
2026-09-17 14:11 IST,GNC India,GNC,GNC 100% Whey + Nitro Surge (4lbs / Chocolate),6.23,6.03,3.2,,False,https://gnc.in/products/gnc-100-whey-nitro-surge
2026-09-17 14:11 IST,GNC India,GNC,GNC 100% Whey + Nitro Surge (4lbs / Vanilla),6.23,6.03,3.2,,False,https://gnc.in/products/gnc-100-whey-nitro-surge
2026-09-17 14:11 IST,GNC India,GNC India,PP Protein Wafer Bar Mini 20gm (Chocolate / 20 gm),60.0,40.0,33.3,200.0,True,https://gnc.in/products/pp-protein-wafer-bar-mini-20gm
2026-09-17 14:11 IST,GNC India,GNC India,PP Protein Wafer Bar Mini 20gm (Coffee / 20 gm),60.0,40.0,33.3,200.0,True,https://gnc.in/products/pp-protein-wafer-bar-mini-20gm
2026-09-17 14:11 IST,GNC India,GNC India,PP Protein Wafer Bar Mini 20gm (Peanut Butter / 20 gm),60.0,40.0,33.3,200.0,True,https://gnc.in/products/pp-protein-wafer-bar-mini-20gm
2026-09-17 14:11 IST,GNC India,GNC,Protein Wafer Bar (Pack of 1 / Chocolate),120.0,54.0,55.0,,True,https://gnc.in/products/gnc-protein-wafer-bar
2026-09-17 14:11 IST,GNC India,GNC,Protein Wafer Bar (Pack of 1 / Peanut Butter),120.0,54.0,55.0,,True,https://gnc.in/products/gnc-protein-wafer-bar
2026-09-17 14:11 IST,GNC India,GNC,Protein Wafer Bar (Pack of 1 / Coffee),149.0,54.0,63.8,,True,https://gnc.in/products/gnc-protein-wafer-bar
2026-09-17 14:11 IST,GNC India,GNC,GNC Protein Wafer Bar (Chocolate) (Pack of 1 / Chocolate),59.0,55.0,6.8,,True,https://gnc.in/products/gnc-protein-wafer-bar-chocolate
2026-09-17 14:11 IST,GNC India,GNC,GNC Protein Wafer Bar (Peanut butter) (Pack of 1 / Peanut Butter),59.0,55.0,6.8,,True,https://gnc.in/products/gnc-protein-wafer-bar-peanut-butter
2026-09-17 14:11 IST,GNC India,GNC,GNC Protein Wafer Bar (Coffee) (Pack of 1 / Coffee),59.0,55.0,6.8,,True,https://gnc.in/products/gnc-protein-wafer-bar-coffee
2026-09-17 14:11 IST,GNC India,GNC,GNC Protein Wafer Bar (40g / Chocolate),60.0,55.0,8.3,137.5,True,https://gnc.in/products/gnc-protein-wafer-bar-upsell
2026-09-17 14:11 IST,GNC India,GNC India,GNC Select Fermented Yeast Protein Isolate (35gm) (35 gm / Chocolate),149.0,65.0,56.4,185.71,True,https://gnc.in/products/gnc-select-fermented-yeast-protein-isolate-35gm
2026-09-17 14:11 IST,GNC India,GNC India,GNC Select Fermented Yeast Protein Isolate (35gm) (35 gm / Coffee),149.0,65.0,56.4,185.71,True,https://gnc.in/products/gnc-select-fermented-yeast-protein-isolate-35gm
2026-09-17 14:11 IST,GNC India,GNC India,GNC Select Fermented Yeast Protein Isolate (35gm) (35 gm / Vanilla),149.0,65.0,56.4,185.71,True,https://gnc.in/products/gnc-select-fermented-yeast-protein-isolate-35gm
2026-09-18 13:47 IST,Fast&Up,Fastandup,100% Pure & Natural Moringa Powder,250.0,238.0,4.8,,True,https://in.fastandup.com/products/100-pure-natural-moringa-powder
2026-09-18 13:47 IST,Fast&Up,Fastandup,Plant Protein - Assorted Pack,270.0,243.0,10.0,,False,https://in.fastandup.com/products/fast-up-plant-protein-assorted-pack
2026-09-18 13:47 IST,Fast&Up,Fastandup,Plant Protein - Rich Chocolate - Single Serving Sachet Combo Pack (Rich Chocolate / Pack of 5),450.0,396.0,12.0,,False,https://in.fastandup.com/products/plant-protein-rich-chocolate-single-serving-sachet-combo-pack
2026-09-18 13:47 IST,Fast&Up,Fastandup,Plant Protein - Rich Chocolate - Single Serving Sachet Combo Pack (Rich Chocolate / Pack of 10),900.0,765.0,15.0,,False,https://in.fastandup.com/products/plant-protein-rich-chocolate-single-serving-sachet-combo-pack
2026-09-18 13:47 IST,Fast&Up,Fastandup,Plant Protein - Rich Chocolate - Single Serving Sachet Combo Pack (Rich Chocolate / Pack of 15),1350.0,1107.0,18.0,,False,https://in.fastandup.com/products/plant-protein-rich-chocolate-single-serving-sachet-combo-pack
2026-09-18 13:47 IST,Fast&Up,Fastandup,Plant Protein - Cookies & Cream - 500g,1599.0,1199.0,25.0,239.8,False,https://in.fastandup.com/products/plant-protein-cookies-cream-500g
2026-09-18 13:47 IST,Fast&Up,Fastandup,Plant Protein - Rich Chocolate – 500gms,1599.0,1199.0,25.0,239.8,False,https://in.fastandup.com/products/plant-protein-powder-500gms
2026-09-18 13:47 IST,Fast&Up,Fastandup,Plant Protein - Alphonso Mango - 1Kg,3115.0,1999.0,35.8,199.9,True,https://in.fastandup.com/products/plant-protein-alphonso-mango-25-servings
2026-09-18 13:47 IST,Fast&Up,Fastandup,Plant Protein - Kesar Kulfi - 1kg,3115.0,1999.0,35.8,199.9,True,https://in.fastandup.com/products/plant-protein-powder-special-festive-pack
2026-09-18 13:47 IST,Fast&Up,Fastandup,Plant Protein - Cookies & Cream - 1Kg,3115.0,1999.0,35.8,199.9,False,https://in.fastandup.com/products/plant-protein-cookies-cream-1-kg
2026-09-18 13:47 IST,Fast&Up,Fastandup,Plant Protein - Strawberry Blast - 25 Servings,3115.0,1999.0,35.8,,False,https://in.fastandup.com/products/plant-protein-strawberry-25-servings
2026-09-18 13:47 IST,Fast&Up,Fastandup,Plant Protein - Rich Chocolate - 1kg,3115.0,1999.0,35.8,199.9,True,https://in.fastandup.com/products/plant-protein-rich-chocolate-1kg
2026-09-18 13:47 IST,Fast&Up,Fastandup,Plant Protein - Cookies & Cream - 500g Pack of 2,3198.0,2079.0,35.0,415.8,False,https://in.fastandup.com/products/plant-protein-cookies-cream-500g-pack-of-2
2026-09-18 13:47 IST,Fast&Up,Fastandup,Daily Fiber + Plant Protein Rich Chocolate Combo,3715.0,2229.0,40.0,,True,https://in.fastandup.com/products/daily-fiber-plant-protein-rich-chocolate-combo
2026-09-18 13:47 IST,Fast&Up,Fastandup,Plant Protein Rich Chocolate - 1kg pouch+ Plant Protein Cookies Cream- 1kg Pouch,6230.0,3426.5,45.0,342.65,False,https://in.fastandup.com/products/plant-protein-rich-chocolate-1kg-pouch-plant-protein-cookies-cream-1kg-pouch
2026-09-18 13:47 IST,OZiva,OZiva,Plant Protein + Pro-Digest (Mango),139.0,139.0,0.0,,True,https://oziva.in/products/plant-protein-pro-digest
2026-09-18 13:47 IST,OZiva,OZiva,Pro-Collagen Protein Peptides Caramel | 250g,799.0,433.0,45.8,173.2,True,https://oziva.in/products/pro-collagen-protein-peptides-caramel-250g
2026-09-18 13:47 IST,OZiva,OZiva,"Vegan Collagen, Clinically Proven (Watermelon / Starter Pack-125g)",499.0,459.0,8.0,367.2,True,https://oziva.in/products/plant-based-collagen
2026-09-18 13:47 IST,OZiva,OZiva,Plant Protein + Pro-Digest (Assorted),699.0,699.0,0.0,,True,https://oziva.in/products/plant-protein-pro-digest
2026-09-18 13:47 IST,OZiva,OZiva,Plant Protein + Pro-Digest (Chocolate),699.0,699.0,0.0,,False,https://oziva.in/products/plant-protein-pro-digest
2026-09-18 13:47 IST,OZiva,OZiva,Plant Protein + Pro-Digest (Strawberry),699.0,699.0,0.0,,False,https://oziva.in/products/plant-protein-pro-digest
2026-09-18 13:47 IST,OZiva,OZiva,Plant Protein + Pro-Digest (Vanilla),699.0,699.0,0.0,,False,https://oziva.in/products/plant-protein-pro-digest
2026-09-18 13:47 IST,OZiva,OZiva,Plant Protein + Pro-Digest (Assorted / Starter Pack),699.0,699.0,0.0,,True,https://oziva.in/products/oziva-bioactive-plant-protein-with-25g-vegan-protein-5-5-bcaas-100-rda-vitamins-minerals-ayurvedic-herbs-for-better-endurance-stamina-muscle-recovery-1-kg
2026-09-18 13:47 IST,OZiva,OZiva,Daily Protein Activ for Women (Rich Chocolate / Starter Pack),799.0,749.0,6.3,,True,https://oziva.in/products/daily-protein-activ-for-women-with-clean-whey-protein-multivitamins-tulsi-probiotics-for-improved-everyday-energy-stamina-bone-health-immune-health
2026-09-18 13:47 IST,OZiva,OZiva,Daily Protein Activ for Women (Classic Vanilla / Starter Pack),799.0,749.0,6.3,,True,https://oziva.in/products/daily-protein-activ-for-women-with-clean-whey-protein-multivitamins-tulsi-probiotics-for-improved-everyday-energy-stamina-bone-health-immune-health
2026-09-18 13:47 IST,OZiva,OZiva,"Pro-Collagen Protein Peptides, 250 g (Starter Pack)",849.0,799.0,5.9,319.6,True,https://oziva.in/products/oziva-pro-collagen-protein-peptides-with-clean-protein-green-coffee-hyaluronic-acid-biotin-for-skin-hair-health-muscle-joint-health-protein-breakdown-caramel-250-g
2026-09-18 13:47 IST,OZiva,OZiva,"Vegan Collagen, Clinically Proven (Guava Glow / Starter Pack)",959.0,929.0,3.1,,True,https://oziva.in/products/plant-based-collagen
2026-09-18 13:47 IST,OZiva,OZiva,"Vegan Collagen, Clinically Proven (Classic / Starter Pack)",959.0,929.0,3.1,,True,https://oziva.in/products/plant-based-collagen
2026-09-18 13:47 IST,OZiva,OZiva,"Vegan Collagen, Clinically Proven (Berry Orange / Starter Pack)",959.0,929.0,3.1,,True,https://oziva.in/products/plant-based-collagen
2026-09-18 13:47 IST,OZiva,OZiva,"Vegan Collagen, Clinically Proven (Watermelon / Starter Pack)",959.0,929.0,3.1,,True,https://oziva.in/products/plant-based-collagen
2026-09-18 13:47 IST,Wellbeing Nutrition,Wellbeing Nutrition,Kids Protein Vanilla Free Sachet,79.0,79.0,0.0,,True,https://wellbeingnutrition.com/products/kids-protein-vanilla-free-sachet
2026-09-18 13:47 IST,Wellbeing Nutrition,Wellbeing Nutrition,Kids Protein Chocolate Sachet,79.0,79.0,0.0,,True,https://wellbeingnutrition.com/products/kids-protein-chocolate-sachet
2026-09-18 13:47 IST,Wellbeing Nutrition,Wellbeing Nutrition,Kids Protein Vanilla Sachet,79.0,79.0,0.0,,True,https://wellbeingnutrition.com/products/kids-protein-vanilla-sachet
2026-09-18 13:47 IST,Wellbeing Nutrition,Wellbeing Nutrition,Vegan Protein Dark Chocolate Hazelnut Sachet,150.0,150.0,0.0,,True,https://wellbeingnutrition.com/products/vegan-protein-dark-chocolate-hazelnut-sachet
2026-09-18 13:47 IST,Wellbeing Nutrition,Wellbeing Nutrition,Whey Protein Isolate Dark Chocolate Sachet (Pack of 1),160.0,160.0,0.0,,False,https://wellbeingnutrition.com/products/whey-protein-isolate-dark-chocolate-sachet
2026-09-18 13:47 IST,Wellbeing Nutrition,Wellbeing Nutrition,Whey Protein Isolate + Concentrate Mango Sachets (Pack of 1),1399.0,1399.0,0.0,,False,https://wellbeingnutrition.com/products/whey-protein-isolate-concentrate-mango-sachets
2026-09-18 13:47 IST,Wellbeing Nutrition,Wellbeing Nutrition,Plant Protein 22g | 500g | 3B CFU Probiotics | Dark Chocolate Hazelnut (Pack of 1),1799.0,1709.0,5.0,341.8,True,https://wellbeingnutrition.com/products/vegan-protein-dark-chocolate-hazelnut
2026-09-18 13:47 IST,Wellbeing Nutrition,Wellbeing Nutrition,Plant Protein 22g | 500g | 3B CFU Probiotics | Italian Cafe Mocha (Pack of 1),1799.0,1709.0,5.0,341.8,False,https://wellbeingnutrition.com/products/vegan-protein-italian-cafe-mocha
2026-09-18 13:47 IST,Wellbeing Nutrition,Wellbeing Nutrition,Plant Protein 22g | 500g | 3B CFU Probiotics | Belgian Dark Chocolate (Pack of 1),1799.0,1709.0,5.0,341.8,True,https://wellbeingnutrition.com/products/vegan-protein-belgian-chocolate
2026-09-18 13:47 IST,Wellbeing Nutrition,Wellbeing Nutrition,Plant Protein 22g | 500g | 3B CFU Probiotics | French Vanilla Caramel (Pack of 1),1799.0,1709.0,5.0,341.8,True,https://wellbeingnutrition.com/products/vegan-protein-french-vanilla-caramel
2026-09-18 13:47 IST,Wellbeing Nutrition,Wellbeing Nutrition,Plant Protein 22g | 500g | 3B CFU Probiotics | Canadian Mixed Berry (Pack of 1),1799.0,1709.0,5.0,341.8,True,https://wellbeingnutrition.com/products/vegan-protein-canadian-mixed-berry
2026-09-18 13:47 IST,Wellbeing Nutrition,Wellbeing Nutrition,Her Superfood Plant Protein | Chocolate Peanut Butter (Pack of 1),1799.0,1709.0,5.0,,True,https://wellbeingnutrition.com/products/superfood-plant-protein-powder-for-women
2026-09-18 13:47 IST,Wellbeing Nutrition,Wellbeing Nutrition,Superfood Plant Protein | British Banoffee Pie (Pack of 1),1799.0,1709.0,5.0,,True,https://wellbeingnutrition.com/products/superfood-plant-protein-powder-in-banoffee-pie
2026-09-18 13:47 IST,Wellbeing Nutrition,Wellbeing Nutrition,Whey Protein Isolate + Concentrate Mango Sachets (Pack of 2),2798.0,2798.0,0.0,,False,https://wellbeingnutrition.com/products/whey-protein-isolate-concentrate-mango-sachets
2026-09-18 13:47 IST,Wellbeing Nutrition,Wellbeing Nutrition,Plant Protein 22g | 907g | 3B CFU Probiotics | French Vanilla Caramel (Pack of 1),3399.0,3229.0,5.0,356.01,True,https://wellbeingnutrition.com/products/vegan-protein-french-vanilla-caramel-copy
2026-09-18 13:47 IST,AS-IT-IS Nutrition,AS-IT-IS Nutrition,"AS-IT-IS ONE Brown Rice Protein | 27g Protein per Serving | Plant Protein | Single-Ingredient, Unflavoured (35g)",175.0,122.0,30.3,,True,https://asitisnutrition.com/products/as-it-is-nutrition-brown-rice-protein-80-designed-as-meal-supplement-lab-tested-unflavoured
2026-09-18 13:47 IST,AS-IT-IS Nutrition,AS-IT-IS Nutrition,"AS-IT-IS ONE Pea Protein Isolate | 29g Protein per Serving | Plant Protein | Single-Ingredient, Unflavoured (36g-Sachet)",175.0,122.0,30.3,,False,https://asitisnutrition.com/products/as-it-is-nutrition-pea-protein-isolate-powder
2026-09-18 13:47 IST,AS-IT-IS Nutrition,AS-IT-IS Nutrition,"AS-IT-IS ONE Soy Protein Isolate | 30g Protein per Serving | Plant Protein | Single-Ingredient, Unflavoured (35g)",175.0,122.0,30.3,,False,https://asitisnutrition.com/products/as-it-is-nutrition-buy-soy-protein-isolate-powder-in-india
2026-09-18 13:47 IST,AS-IT-IS Nutrition,AS-IT-IS Nutrition,AS-IT-IS ATOM Beginners Whey Protein | 15g Protein per Serving | With DigeZyme® Enzymes (Choco Hazel Fusion / 37g),203.0,131.0,35.5,,True,https://asitisnutrition.com/products/atom-beginners-whey-protein
2026-09-18 13:47 IST,AS-IT-IS Nutrition,AS-IT-IS Nutrition,"AS-IT-IS ATOM Performance Whey | 25g Protein per Serving | With Safed Musli, Mucuna & DigeZyme® Enzymes (Double Rich Chocolate / 45g)",220.0,140.0,36.4,,True,https://asitisnutrition.com/products/as-it-is-atom-performance-whey-1kg-with-safed-musli-for-faster-recovery-highly-bioavailable
2026-09-18 13:47 IST,AS-IT-IS Nutrition,AS-IT-IS Nutrition,"AS-IT-IS ATOM Performance Whey | 25g Protein per Serving | With Safed Musli, Mucuna & DigeZyme® Enzymes (Pista Fusion / 45g)",2485.0,140.0,94.4,,False,https://asitisnutrition.com/products/as-it-is-atom-performance-whey-1kg-with-safed-musli-for-faster-recovery-highly-bioavailable
2026-09-18 13:47 IST,AS-IT-IS Nutrition,AS-IT-IS Nutrition,"AS-IT-IS ATOM Performance Whey | 25g Protein per Serving | With Safed Musli, Mucuna & DigeZyme® Enzymes (Cafe Latte / 45g)",2485.0,140.0,94.4,,False,https://asitisnutrition.com/products/as-it-is-atom-performance-whey-1kg-with-safed-musli-for-faster-recovery-highly-bioavailable
2026-09-18 13:47 IST,AS-IT-IS Nutrition,AS-IT-IS Nutrition,"AS-IT-IS ATOM Performance Whey | 25g Protein per Serving | With Safed Musli, Mucuna & DigeZyme® Enzymes (Cookie delight / 45g)",2485.0,140.0,94.4,,False,https://asitisnutrition.com/products/as-it-is-atom-performance-whey-1kg-with-safed-musli-for-faster-recovery-highly-bioavailable
2026-09-18 13:47 IST,AS-IT-IS Nutrition,AS-IT-IS Nutrition,"AS-IT-IS ATOM Performance Whey | 25g Protein per Serving | With Safed Musli, Mucuna & DigeZyme® Enzymes (Choco hazel fusion / 45g)",2485.0,140.0,94.4,,False,https://asitisnutrition.com/products/as-it-is-atom-performance-whey-1kg-with-safed-musli-for-faster-recovery-highly-bioavailable
2026-09-18 13:47 IST,AS-IT-IS Nutrition,AS-IT-IS Nutrition,AS-IT-IS ATOM Whey Protein | 27g Protein per Serving | DigeZyme® Enzymes & 1 Billion CFU Probiotics (Double Rich Chocolate / (36g Travel Sachet)),262.0,167.0,36.3,463.89,True,https://asitisnutrition.com/products/atom-whey-protein
2026-09-18 13:47 IST,AS-IT-IS Nutrition,AS-IT-IS Nutrition,AS-IT-IS ONE Whey Protein Concentrate Sachets | 28g Protein per Serving | Unflavoured (35g Sachet (Pack of 1)),305.0,178.0,41.6,593.33,True,https://asitisnutrition.com/products/whey-protein-30g-sachet
2026-09-18 13:47 IST,AS-IT-IS Nutrition,AS-IT-IS Nutrition,"AS-IT-IS ATOM Nitro Whey with Creasure® | 33g Protein, 3g Creatine per Serving | With DigeZyme® Enzymes (Double Rich Chocolate / 45g)",289.0,185.0,36.0,,True,https://asitisnutrition.com/products/atom-nitro-whey-with-creatine-i-33g-protein-3g-creatine-7-4g-bcaa
2026-09-18 13:47 IST,AS-IT-IS Nutrition,AS-IT-IS Nutrition,"AS-IT-IS ATOM Nitro Whey with Creasure® | 33g Protein, 3g Creatine per Serving | With DigeZyme® Enzymes (Kesar Kulfi / 45g)",3407.0,185.0,94.6,,False,https://asitisnutrition.com/products/atom-nitro-whey-with-creatine-i-33g-protein-3g-creatine-7-4g-bcaa
2026-09-18 13:47 IST,AS-IT-IS Nutrition,AS-IT-IS Nutrition,"AS-IT-IS ATOM Nitro Whey with Creasure® | 33g Protein, 3g Creatine per Serving | With DigeZyme® Enzymes (Classic Vanilla / 45g)",3407.0,185.0,94.6,,False,https://asitisnutrition.com/products/atom-nitro-whey-with-creatine-i-33g-protein-3g-creatine-7-4g-bcaa
2026-09-18 13:47 IST,AS-IT-IS Nutrition,AS-IT-IS Nutrition,AS-IT-IS ONE Whey Protein Concentrate Sachets | 28g Protein per Serving | Unflavoured (35g Sachet (Pack of 1) + Shaker),438.0,303.0,30.8,1010.0,False,https://asitisnutrition.com/products/whey-protein-30g-sachet
2026-09-18 13:47 IST,MyFitness,MYFITNESS,MyFitness Peanut Butter - Chocolate | 26% Protein | Crispy | Chocolate Peanut Butter Spread (227g),159.0,149.0,6.3,65.64,True,https://myfitness.co.in/products/chocolate-crispy
2026-09-18 13:47 IST,MyFitness,MYFITNESS,"Pro.Fitness High Protein Chocolate Oats | Dark Chocolate | Healthy Oats With Nuts, Seeds & Added Whey (375g)",339.0,219.0,35.4,58.4,True,https://myfitness.co.in/products/high-protein-oats-900g-27g-protein
2026-09-18 13:47 IST,MyFitness,myfitness-official-store,MyFitness Peanut Butter - Classic Zero | 28% Protein | Extra Crunchy | Zero Sugar Peanut Spread (510 g),349.0,275.0,21.2,53.92,True,https://myfitness.co.in/products/myfitness-zero-peanut-butter-crunchy-510g
2026-09-18 13:47 IST,MyFitness,myfitness-official-store,MyFitness Peanut Butter - Chocolate | 26% Protein | Crunchy | Chocolate Peanut Butter Spread (510 g),319.0,275.0,13.8,45.08,True,https://myfitness.co.in/products/myfitness-chocolate-peanut-butter-crunchy
2026-09-18 13:47 IST,MyFitness,myfitness-official-store,MyFitness Peanut Butter - Natural Unsweetened | 31% Protein | Crunchy | Zero Sugar Peanut Butter Spread (510 g),319.0,275.0,13.8,45.08,True,https://myfitness.co.in/products/myfitness-all-natural-peanut-butter-crunchy
2026-09-18 13:47 IST,MyFitness,myfitness-official-store,MyFitness Peanut Butter - Natural Unsweetened | 25% Protein | Smooth | Zero Sugar Peanut Butter Spread (510 g),319.0,275.0,13.8,45.08,True,https://myfitness.co.in/products/myfitness-all-natural-peanut-butter-smooth
2026-09-18 13:47 IST,MyFitness,myfitness-official-store,MyFitness Peanut Butter - Chocolate | 26% Protein | Crispy | Chocolate Peanut Butter Spread (510 g),319.0,275.0,13.8,45.08,True,https://myfitness.co.in/products/myfitness-chocolate-peanut-butter-crispy
2026-09-18 13:47 IST,MyFitness,myfitness-official-store,MyFitness Peanut Butter - Chocolate | 28% Protein | Smooth | Chocolate Peanut Butter Spread (510 g),319.0,275.0,13.8,45.08,True,https://myfitness.co.in/products/myfitness-chocolate-peanut-butter-smooth
2026-09-18 13:47 IST,MyFitness,myfitness-official-store,MyFitness Peanut Butter - Original | 28% Protein | Crunchy | Classic Peanut Butter Spread (510 g),319.0,275.0,13.8,45.08,True,https://myfitness.co.in/products/myfitness-original-peanut-butter-crunchy
2026-09-18 13:47 IST,MyFitness,myfitness-official-store,MyFitness Peanut Butter - Original | 28% Protein | Smooth | Classic Peanut Butter Spread (510 g),319.0,275.0,13.8,45.08,True,https://myfitness.co.in/products/myfitness-original-peanut-butter-smooth
2026-09-18 13:47 IST,MyFitness,MYFITNESS,MyFitness Peanut Butter - Chocolate | 25% Protein | Almond Crunch | Chocolate Peanut Butter Spread (510 g),379.0,279.0,26.4,54.71,True,https://myfitness.co.in/products/myfitness-chocolate-peanut-butter-with-almond-crunch
2026-09-18 13:47 IST,MyFitness,MYFITNESS,MyFitness x Batman | Chocolate Zero Peanut Butter Extra Crunchy | 27% Protein | Zero Added Sugar | High Protein (510 g),369.0,299.0,19.0,58.63,True,https://myfitness.co.in/products/myfitness-zero-chocolate-peanut-butter-crunchy-zero-sugar-extra-crunch-510g-27g-protein-10g-fiber-tasty-healthy-nut-butter-spread-cholesterol-free-zero-trans-fat-crunchy-peanut-butter
2026-09-18 13:47 IST,MyFitness,MYFITNESS,MyFitness Peanut Butter - Dark Chocolate | 30% Protein | Smooth | Rich Chocolate Peanut Butter Spread (510 g),399.0,299.0,25.1,49.02,True,https://myfitness.co.in/products/myfitness-olympia-edition-dark-chocolate-peanut-butter-with-added-whey-smooth
2026-09-18 13:47 IST,MyFitness,MYFITNESS,MyFitness Peanut Butter - Dark Chocolate | 29% Protein | Crispy | Rich Chocolate Peanut Butter Spread (510 g),399.0,319.0,20.1,52.3,True,https://myfitness.co.in/products/myfitness-peanut-butter-dark-chocolate-29-protein-crispy-rich-chocolate-peanut-butter-spread
2026-09-18 13:47 IST,MyFitness,MYFITNESS,MyFitness Peanut Butter - Dark Chocolate | 30% Protein | Crunchy | Rich Chocolate Peanut Butter Spread (510 g),399.0,319.0,20.1,52.3,True,https://myfitness.co.in/products/myfitness-olympia-edition-dark-chocolate-peanut-butter-with-added-whey-crunchy
2026-09-18 13:47 IST,Naturaltein,naturaltein,The Protein Dessert E-Cook Book by Naturaltein,599.0,399.0,33.4,,True,https://naturaltein.in/products/the-protein-dessert-e-cook-book-by-naturaltein
2026-09-18 13:47 IST,Naturaltein,naturaltein,Natural Plant Protein (Chocolate / 1 Box (500 g)),3000.0,1112.0,62.9,222.4,True,https://naturaltein.in/products/plant-protein
2026-09-18 13:47 IST,Naturaltein,naturaltein,Natural Plant Protein (Mango / 1 Box (500 g)),3000.0,1112.0,62.9,222.4,True,https://naturaltein.in/products/plant-protein
2026-09-18 13:47 IST,Naturaltein,naturaltein,Natural Plant Protein (Berry / 1 Box (500 g)),3000.0,1112.0,62.9,222.4,True,https://naturaltein.in/products/plant-protein
2026-09-18 13:47 IST,Naturaltein,naturaltein,Natural Plant Protein (Pista / 1 Box (500 g)),3000.0,1112.0,62.9,222.4,True,https://naturaltein.in/products/plant-protein
2026-09-18 13:47 IST,Naturaltein,naturaltein,Natural Plant Protein (Coffee / 1 Box (500 g)),3000.0,1112.0,62.9,222.4,True,https://naturaltein.in/products/plant-protein
2026-09-18 13:47 IST,Naturaltein,naturaltein,Natural Whey Protein Concentrate (Italian Ice Cream / 1 Box (300 g)),1424.0,1299.0,8.8,433.0,False,https://naturaltein.in/products/whey-protein-concentrate
2026-09-18 13:47 IST,Naturaltein,naturaltein,Natural Whey Protein Concentrate (Chocolate Biscoff / 1 Box (300 g)),1424.0,1399.0,1.8,466.33,False,https://naturaltein.in/products/whey-protein-concentrate
2026-09-18 13:47 IST,Naturaltein,naturaltein,Natural Plant Protein (Chocolate / 2 Boxes (1 kg)),6000.0,1600.0,73.3,160.0,True,https://naturaltein.in/products/plant-protein
2026-09-18 13:47 IST,Naturaltein,naturaltein,Natural Plant Protein (Mango / 2 Boxes (1 kg)),6000.0,1600.0,73.3,160.0,True,https://naturaltein.in/products/plant-protein
2026-09-18 13:47 IST,Naturaltein,naturaltein,Natural Plant Protein (Berry / 2 Boxes (1 kg)),6000.0,1600.0,73.3,160.0,True,https://naturaltein.in/products/plant-protein
2026-09-18 13:47 IST,Naturaltein,naturaltein,Natural Plant Protein (Pista / 2 Boxes (1 kg)),6000.0,1600.0,73.3,160.0,True,https://naturaltein.in/products/plant-protein
2026-09-18 13:47 IST,Naturaltein,naturaltein,Natural Plant Protein (Coffee / 2 Boxes (1 kg)),6000.0,1600.0,73.3,160.0,True,https://naturaltein.in/products/plant-protein
2026-09-18 13:47 IST,Naturaltein,naturaltein,Natural Whey Protein Isolate (Pista Kulfi / 1 Box (300 g)),1780.0,1775.0,0.3,591.67,False,https://naturaltein.in/products/whey-protein-isolate
2026-09-18 13:47 IST,Naturaltein,naturaltein,Natural Whey Protein Isolate (Vanilla / 1 Box (300 g)),1780.0,1775.0,0.3,591.67,False,https://naturaltein.in/products/whey-protein-isolate
2026-09-18 13:47 IST,GNC India,GNC,GNC 100% Whey + Nitro Surge (4lbs / Chocolate),6.23,6.03,3.2,,False,https://gnc.in/products/gnc-100-whey-nitro-surge
2026-09-18 13:47 IST,GNC India,GNC,GNC 100% Whey + Nitro Surge (4lbs / Vanilla),6.23,6.03,3.2,,False,https://gnc.in/products/gnc-100-whey-nitro-surge
2026-09-18 13:47 IST,GNC India,GNC India,PP Protein Wafer Bar Mini 20gm (Chocolate / 20 gm),60.0,40.0,33.3,200.0,True,https://gnc.in/products/pp-protein-wafer-bar-mini-20gm
2026-09-18 13:47 IST,GNC India,GNC India,PP Protein Wafer Bar Mini 20gm (Coffee / 20 gm),60.0,40.0,33.3,200.0,True,https://gnc.in/products/pp-protein-wafer-bar-mini-20gm
2026-09-18 13:47 IST,GNC India,GNC India,PP Protein Wafer Bar Mini 20gm (Peanut Butter / 20 gm),60.0,40.0,33.3,200.0,True,https://gnc.in/products/pp-protein-wafer-bar-mini-20gm
2026-09-18 13:47 IST,GNC India,GNC,Protein Wafer Bar (Pack of 1 / Chocolate),120.0,54.0,55.0,,True,https://gnc.in/products/gnc-protein-wafer-bar
2026-09-18 13:47 IST,GNC India,GNC,Protein Wafer Bar (Pack of 1 / Peanut Butter),120.0,54.0,55.0,,True,https://gnc.in/products/gnc-protein-wafer-bar
2026-09-18 13:47 IST,GNC India,GNC,Protein Wafer Bar (Pack of 1 / Coffee),149.0,54.0,63.8,,True,https://gnc.in/products/gnc-protein-wafer-bar
2026-09-18 13:47 IST,GNC India,GNC,GNC Protein Wafer Bar (Chocolate) (Pack of 1 / Chocolate),59.0,55.0,6.8,,True,https://gnc.in/products/gnc-protein-wafer-bar-chocolate
2026-09-18 13:47 IST,GNC India,GNC,GNC Protein Wafer Bar (Peanut butter) (Pack of 1 / Peanut Butter),59.0,55.0,6.8,,True,https://gnc.in/products/gnc-protein-wafer-bar-peanut-butter
2026-09-18 13:47 IST,GNC India,GNC,GNC Protein Wafer Bar (Coffee) (Pack of 1 / Coffee),59.0,55.0,6.8,,True,https://gnc.in/products/gnc-protein-wafer-bar-coffee
2026-09-18 13:47 IST,GNC India,GNC,GNC Protein Wafer Bar (40g / Chocolate),60.0,55.0,8.3,137.5,True,https://gnc.in/products/gnc-protein-wafer-bar-upsell
2026-09-18 13:47 IST,GNC India,GNC India,GNC Select Fermented Yeast Protein Isolate (35gm) (35 gm / Chocolate),149.0,65.0,56.4,185.71,True,https://gnc.in/products/gnc-select-fermented-yeast-protein-isolate-35gm
2026-09-18 13:47 IST,GNC India,GNC India,GNC Select Fermented Yeast Protein Isolate (35gm) (35 gm / Coffee),149.0,65.0,56.4,185.71,True,https://gnc.in/products/gnc-select-fermented-yeast-protein-isolate-35gm
2026-09-18 13:47 IST,GNC India,GNC India,GNC Select Fermented Yeast Protein Isolate (35gm) (35 gm / Vanilla),149.0,65.0,56.4,185.71,True,https://gnc.in/products/gnc-select-fermented-yeast-protein-isolate-35gm
2026-09-19 13:35 IST,Nutrabay,Nutrabay,Nutrabay Gold Hydrolyzed Pea Protein,69,69,0.0,172.5,True,https://nutrabay.com/product/nutrabay-gold-hydrolyzed-pea-protein/?pId=3302532
2026-09-19 13:35 IST,Nutrabay,Nutrabay,Nutrabay Gold Hydrolyzed Pea Protein,69,69,0.0,172.5,True,https://nutrabay.com/product/nutrabay-gold-hydrolyzed-pea-protein/?pId=3302532
2026-09-19 13:35 IST,Nutrabay,Nutrabay,Nutrabay Gold Hydrolyzed Pea Protein,69,69,0.0,172.5,True,https://nutrabay.com/product/nutrabay-gold-hydrolyzed-pea-protein/?pId=3302532
2026-09-19 13:35 IST,Nutrabay,Velbiom,Velbiom Happy Cultures Tastiest Plant Protein,600,499,16.8,346.53,True,https://nutrabay.com/product/velbiom-happy-cultures-tastiest-plant-protein/?pId=7407265
2026-09-19 13:35 IST,Nutrabay,TruNativ,TruNativ Plant Based Everyday Protein - Protein You Can Cook With!,699,599,14.3,363.03,True,https://nutrabay.com/product/trunativ-plant-based-everyday-protein-protein-you-can-cook-with/?pId=9485223
2026-09-19 13:35 IST,Nutrabay,Nutrabay,Nutrabay Pure Pea Protein Isolate,669,649,3.0,129.8,True,https://nutrabay.com/product/nutrabay-pure-100-pea-protein-isolate/?pId=4537768
2026-09-19 13:35 IST,Nutrabay,Nutrabay,Nutrabay Wellness Vegan Plant Protein Powder + Superfoods,1199,799,33.4,159.8,True,https://nutrabay.com/product/nutrabay-wellness-vegan-plant-protein-powder-superfoods/?pId=4698878
2026-09-19 13:35 IST,Nutrabay,Nutrabay,Nutrabay Pure Pea Protein Isolate,1349,849,37.1,84.9,True,https://nutrabay.com/product/nutrabay-pure-100-pea-protein-isolate/?pId=4537768
2026-09-19 13:35 IST,Nutrabay,Ace Blend,Ace Blend Plant Based Daily Protein,1935,849,56.1,,True,https://nutrabay.com/product/ace-blend-plant-based-daily-protein/?pId=6275363
2026-09-19 13:35 IST,Nutrabay,Nutrabay,Nutrabay BioAbsorb™ Whey Protein Powder | Clinically Tested 54% Better Protein Absorption | 26g Protein/Scoop | India's 1st Protein with ProDiFi™ for No Bloating | No Added Sugar,859,859,0.0,474.59,True,https://nutrabay.com/product/nutrabay-bioabsorb-whey-protein/?pId=8042444
2026-09-19 13:35 IST,Nutrabay,Nutrabay,Nutrabay Gold Hydrolyzed Pea Protein,1049,899,14.3,179.8,True,https://nutrabay.com/product/nutrabay-gold-hydrolyzed-pea-protein/?pId=3302532
2026-09-19 13:35 IST,Nutrabay,Nutrabay,Nutrabay Gold Hydrolyzed Pea Protein,1049,899,14.3,179.8,True,https://nutrabay.com/product/nutrabay-gold-hydrolyzed-pea-protein/?pId=3302532
2026-09-19 13:35 IST,Nutrabay,Nutrabay,Nutrabay Gold Hydrolyzed Pea Protein,1049,899,14.3,179.8,True,https://nutrabay.com/product/nutrabay-gold-hydrolyzed-pea-protein/?pId=3302532
2026-09-19 13:35 IST,Nutrabay,Optimum Nutrition,Optimum Nutrition (ON) Gold Standard Whey Protein Powder,940,940,0.0,606.45,True,https://nutrabay.com/product/optimum-nutrition-on-100-whey-gold-standard-2/?pId=4471481
2026-09-19 13:35 IST,Nutrabay,Velbiom,Velbiom Happy Cultures Tastiest Plant Protein,1699,949,44.1,187.92,True,https://nutrabay.com/product/velbiom-happy-cultures-tastiest-plant-protein/?pId=7407265
2026-09-19 13:35 IST,Fast&Up,Fastandup,100% Pure & Natural Moringa Powder,250.0,238.0,4.8,,True,https://in.fastandup.com/products/100-pure-natural-moringa-powder
2026-09-19 13:35 IST,Fast&Up,Fastandup,Plant Protein - Assorted Pack,270.0,243.0,10.0,,False,https://in.fastandup.com/products/fast-up-plant-protein-assorted-pack
2026-09-19 13:35 IST,Fast&Up,Fastandup,Plant Protein - Rich Chocolate - Single Serving Sachet Combo Pack (Rich Chocolate / Pack of 5),450.0,396.0,12.0,,False,https://in.fastandup.com/products/plant-protein-rich-chocolate-single-serving-sachet-combo-pack
2026-09-19 13:35 IST,Fast&Up,Fastandup,Plant Protein - Rich Chocolate - Single Serving Sachet Combo Pack (Rich Chocolate / Pack of 10),900.0,765.0,15.0,,False,https://in.fastandup.com/products/plant-protein-rich-chocolate-single-serving-sachet-combo-pack
2026-09-19 13:35 IST,Fast&Up,Fastandup,Plant Protein - Rich Chocolate - Single Serving Sachet Combo Pack (Rich Chocolate / Pack of 15),1350.0,1107.0,18.0,,False,https://in.fastandup.com/products/plant-protein-rich-chocolate-single-serving-sachet-combo-pack
2026-09-19 13:35 IST,Fast&Up,Fastandup,Plant Protein - Cookies & Cream - 500g,1599.0,1199.0,25.0,239.8,False,https://in.fastandup.com/products/plant-protein-cookies-cream-500g
2026-09-19 13:35 IST,Fast&Up,Fastandup,Plant Protein - Rich Chocolate – 500gms,1599.0,1199.0,25.0,239.8,False,https://in.fastandup.com/products/plant-protein-powder-500gms
2026-09-19 13:35 IST,Fast&Up,Fastandup,Plant Protein - Alphonso Mango - 1Kg,3115.0,1999.0,35.8,199.9,True,https://in.fastandup.com/products/plant-protein-alphonso-mango-25-servings
2026-09-19 13:35 IST,Fast&Up,Fastandup,Plant Protein - Kesar Kulfi - 1kg,3115.0,1999.0,35.8,199.9,True,https://in.fastandup.com/products/plant-protein-powder-special-festive-pack
2026-09-19 13:35 IST,Fast&Up,Fastandup,Plant Protein - Cookies & Cream - 1Kg,3115.0,1999.0,35.8,199.9,False,https://in.fastandup.com/products/plant-protein-cookies-cream-1-kg
2026-09-19 13:35 IST,Fast&Up,Fastandup,Plant Protein - Strawberry Blast - 25 Servings,3115.0,1999.0,35.8,,False,https://in.fastandup.com/products/plant-protein-strawberry-25-servings
2026-09-19 13:35 IST,Fast&Up,Fastandup,Plant Protein - Rich Chocolate - 1kg,3115.0,1999.0,35.8,199.9,True,https://in.fastandup.com/products/plant-protein-rich-chocolate-1kg
2026-09-19 13:35 IST,Fast&Up,Fastandup,Plant Protein - Cookies & Cream - 500g Pack of 2,3198.0,2079.0,35.0,415.8,False,https://in.fastandup.com/products/plant-protein-cookies-cream-500g-pack-of-2
2026-09-19 13:35 IST,Fast&Up,Fastandup,Daily Fiber + Plant Protein Rich Chocolate Combo,3715.0,2229.0,40.0,,True,https://in.fastandup.com/products/daily-fiber-plant-protein-rich-chocolate-combo
2026-09-19 13:35 IST,Fast&Up,Fastandup,Plant Protein Rich Chocolate - 1kg pouch+ Plant Protein Cookies Cream- 1kg Pouch,6230.0,3426.5,45.0,342.65,False,https://in.fastandup.com/products/plant-protein-rich-chocolate-1kg-pouch-plant-protein-cookies-cream-1kg-pouch
2026-09-19 13:35 IST,OZiva,OZiva,Plant Protein + Pro-Digest (Mango),139.0,139.0,0.0,,True,https://oziva.in/products/plant-protein-pro-digest
2026-09-19 13:35 IST,OZiva,OZiva,Pro-Collagen Protein Peptides Caramel | 250g,799.0,433.0,45.8,173.2,True,https://oziva.in/products/pro-collagen-protein-peptides-caramel-250g
2026-09-19 13:35 IST,OZiva,OZiva,"Vegan Collagen, Clinically Proven (Watermelon / Starter Pack-125g)",499.0,459.0,8.0,367.2,True,https://oziva.in/products/plant-based-collagen
2026-09-19 13:35 IST,OZiva,OZiva,Plant Protein + Pro-Digest (Assorted),699.0,699.0,0.0,,True,https://oziva.in/products/plant-protein-pro-digest
2026-09-19 13:35 IST,OZiva,OZiva,Plant Protein + Pro-Digest (Chocolate),699.0,699.0,0.0,,False,https://oziva.in/products/plant-protein-pro-digest
2026-09-19 13:35 IST,OZiva,OZiva,Plant Protein + Pro-Digest (Strawberry),699.0,699.0,0.0,,False,https://oziva.in/products/plant-protein-pro-digest
2026-09-19 13:35 IST,OZiva,OZiva,Plant Protein + Pro-Digest (Vanilla),699.0,699.0,0.0,,False,https://oziva.in/products/plant-protein-pro-digest
2026-09-19 13:35 IST,OZiva,OZiva,Plant Protein + Pro-Digest (Assorted / Starter Pack),699.0,699.0,0.0,,True,https://oziva.in/products/oziva-bioactive-plant-protein-with-25g-vegan-protein-5-5-bcaas-100-rda-vitamins-minerals-ayurvedic-herbs-for-better-endurance-stamina-muscle-recovery-1-kg
2026-09-19 13:35 IST,OZiva,OZiva,Daily Protein Activ for Women (Rich Chocolate / Starter Pack),799.0,749.0,6.3,,True,https://oziva.in/products/daily-protein-activ-for-women-with-clean-whey-protein-multivitamins-tulsi-probiotics-for-improved-everyday-energy-stamina-bone-health-immune-health
2026-09-19 13:35 IST,OZiva,OZiva,Daily Protein Activ for Women (Classic Vanilla / Starter Pack),799.0,749.0,6.3,,True,https://oziva.in/products/daily-protein-activ-for-women-with-clean-whey-protein-multivitamins-tulsi-probiotics-for-improved-everyday-energy-stamina-bone-health-immune-health
2026-09-19 13:35 IST,OZiva,OZiva,"Pro-Collagen Protein Peptides, 250 g (Starter Pack)",849.0,799.0,5.9,319.6,True,https://oziva.in/products/oziva-pro-collagen-protein-peptides-with-clean-protein-green-coffee-hyaluronic-acid-biotin-for-skin-hair-health-muscle-joint-health-protein-breakdown-caramel-250-g
2026-09-19 13:35 IST,OZiva,OZiva,"Vegan Collagen, Clinically Proven (Guava Glow / Starter Pack)",959.0,929.0,3.1,,True,https://oziva.in/products/plant-based-collagen
2026-09-19 13:35 IST,OZiva,OZiva,"Vegan Collagen, Clinically Proven (Classic / Starter Pack)",959.0,929.0,3.1,,True,https://oziva.in/products/plant-based-collagen
2026-09-19 13:35 IST,OZiva,OZiva,"Vegan Collagen, Clinically Proven (Berry Orange / Starter Pack)",959.0,929.0,3.1,,True,https://oziva.in/products/plant-based-collagen
2026-09-19 13:35 IST,OZiva,OZiva,"Vegan Collagen, Clinically Proven (Watermelon / Starter Pack)",959.0,929.0,3.1,,True,https://oziva.in/products/plant-based-collagen
2026-09-19 13:35 IST,Wellbeing Nutrition,Wellbeing Nutrition,Kids Protein Vanilla Free Sachet,79.0,79.0,0.0,,True,https://wellbeingnutrition.com/products/kids-protein-vanilla-free-sachet
2026-09-19 13:35 IST,Wellbeing Nutrition,Wellbeing Nutrition,Kids Protein Chocolate Sachet,79.0,79.0,0.0,,True,https://wellbeingnutrition.com/products/kids-protein-chocolate-sachet
2026-09-19 13:35 IST,Wellbeing Nutrition,Wellbeing Nutrition,Kids Protein Vanilla Sachet,79.0,79.0,0.0,,True,https://wellbeingnutrition.com/products/kids-protein-vanilla-sachet
2026-09-19 13:35 IST,Wellbeing Nutrition,Wellbeing Nutrition,Vegan Protein Dark Chocolate Hazelnut Sachet,150.0,150.0,0.0,,True,https://wellbeingnutrition.com/products/vegan-protein-dark-chocolate-hazelnut-sachet
2026-09-19 13:35 IST,Wellbeing Nutrition,Wellbeing Nutrition,Whey Protein Isolate Dark Chocolate Sachet (Pack of 1),160.0,160.0,0.0,,False,https://wellbeingnutrition.com/products/whey-protein-isolate-dark-chocolate-sachet
2026-09-19 13:35 IST,Wellbeing Nutrition,Wellbeing Nutrition,Whey Protein Isolate + Concentrate Mango Sachets (Pack of 1),1399.0,1399.0,0.0,,False,https://wellbeingnutrition.com/products/whey-protein-isolate-concentrate-mango-sachets
2026-09-19 13:35 IST,Wellbeing Nutrition,Wellbeing Nutrition,Plant Protein 22g | 500g | 3B CFU Probiotics | Dark Chocolate Hazelnut (Pack of 1),1799.0,1709.0,5.0,341.8,True,https://wellbeingnutrition.com/products/vegan-protein-dark-chocolate-hazelnut
2026-09-19 13:35 IST,Wellbeing Nutrition,Wellbeing Nutrition,Plant Protein 22g | 500g | 3B CFU Probiotics | Italian Cafe Mocha (Pack of 1),1799.0,1709.0,5.0,341.8,False,https://wellbeingnutrition.com/products/vegan-protein-italian-cafe-mocha
2026-09-19 13:35 IST,Wellbeing Nutrition,Wellbeing Nutrition,Plant Protein 22g | 500g | 3B CFU Probiotics | Belgian Dark Chocolate (Pack of 1),1799.0,1709.0,5.0,341.8,True,https://wellbeingnutrition.com/products/vegan-protein-belgian-chocolate
2026-09-19 13:35 IST,Wellbeing Nutrition,Wellbeing Nutrition,Plant Protein 22g | 500g | 3B CFU Probiotics | French Vanilla Caramel (Pack of 1),1799.0,1709.0,5.0,341.8,True,https://wellbeingnutrition.com/products/vegan-protein-french-vanilla-caramel
2026-09-19 13:35 IST,Wellbeing Nutrition,Wellbeing Nutrition,Plant Protein 22g | 500g | 3B CFU Probiotics | Canadian Mixed Berry (Pack of 1),1799.0,1709.0,5.0,341.8,True,https://wellbeingnutrition.com/products/vegan-protein-canadian-mixed-berry
2026-09-19 13:35 IST,Wellbeing Nutrition,Wellbeing Nutrition,Her Superfood Plant Protein | Chocolate Peanut Butter (Pack of 1),1799.0,1709.0,5.0,,True,https://wellbeingnutrition.com/products/superfood-plant-protein-powder-for-women
2026-09-19 13:35 IST,Wellbeing Nutrition,Wellbeing Nutrition,Superfood Plant Protein | British Banoffee Pie (Pack of 1),1799.0,1709.0,5.0,,True,https://wellbeingnutrition.com/products/superfood-plant-protein-powder-in-banoffee-pie
2026-09-19 13:35 IST,Wellbeing Nutrition,Wellbeing Nutrition,Whey Protein Isolate + Concentrate Mango Sachets (Pack of 2),2798.0,2798.0,0.0,,False,https://wellbeingnutrition.com/products/whey-protein-isolate-concentrate-mango-sachets
2026-09-19 13:35 IST,Wellbeing Nutrition,Wellbeing Nutrition,Plant Protein 22g | 907g | 3B CFU Probiotics | French Vanilla Caramel (Pack of 1),3399.0,3229.0,5.0,356.01,True,https://wellbeingnutrition.com/products/vegan-protein-french-vanilla-caramel-copy
2026-09-19 13:35 IST,AS-IT-IS Nutrition,AS-IT-IS Nutrition,"AS-IT-IS ONE Brown Rice Protein | 27g Protein per Serving | Plant Protein | Single-Ingredient, Unflavoured (35g)",175.0,122.0,30.3,,True,https://asitisnutrition.com/products/as-it-is-nutrition-brown-rice-protein-80-designed-as-meal-supplement-lab-tested-unflavoured
2026-09-19 13:35 IST,AS-IT-IS Nutrition,AS-IT-IS Nutrition,"AS-IT-IS ONE Pea Protein Isolate | 29g Protein per Serving | Plant Protein | Single-Ingredient, Unflavoured (36g-Sachet)",175.0,122.0,30.3,,False,https://asitisnutrition.com/products/as-it-is-nutrition-pea-protein-isolate-powder
2026-09-19 13:35 IST,AS-IT-IS Nutrition,AS-IT-IS Nutrition,"AS-IT-IS ONE Soy Protein Isolate | 30g Protein per Serving | Plant Protein | Single-Ingredient, Unflavoured (35g)",175.0,122.0,30.3,,False,https://asitisnutrition.com/products/as-it-is-nutrition-buy-soy-protein-isolate-powder-in-india
2026-09-19 13:35 IST,AS-IT-IS Nutrition,AS-IT-IS Nutrition,AS-IT-IS ATOM Beginners Whey Protein | 15g Protein per Serving | With DigeZyme® Enzymes (Choco Hazel Fusion / 37g),203.0,131.0,35.5,,True,https://asitisnutrition.com/products/atom-beginners-whey-protein
2026-09-19 13:35 IST,AS-IT-IS Nutrition,AS-IT-IS Nutrition,"AS-IT-IS ATOM Performance Whey | 25g Protein per Serving | With Safed Musli, Mucuna & DigeZyme® Enzymes (Double Rich Chocolate / 45g)",220.0,140.0,36.4,,True,https://asitisnutrition.com/products/as-it-is-atom-performance-whey-1kg-with-safed-musli-for-faster-recovery-highly-bioavailable
2026-09-19 13:35 IST,AS-IT-IS Nutrition,AS-IT-IS Nutrition,"AS-IT-IS ATOM Performance Whey | 25g Protein per Serving | With Safed Musli, Mucuna & DigeZyme® Enzymes (Pista Fusion / 45g)",2485.0,140.0,94.4,,False,https://asitisnutrition.com/products/as-it-is-atom-performance-whey-1kg-with-safed-musli-for-faster-recovery-highly-bioavailable
2026-09-19 13:35 IST,AS-IT-IS Nutrition,AS-IT-IS Nutrition,"AS-IT-IS ATOM Performance Whey | 25g Protein per Serving | With Safed Musli, Mucuna & DigeZyme® Enzymes (Cafe Latte / 45g)",2485.0,140.0,94.4,,False,https://asitisnutrition.com/products/as-it-is-atom-performance-whey-1kg-with-safed-musli-for-faster-recovery-highly-bioavailable
2026-09-19 13:35 IST,AS-IT-IS Nutrition,AS-IT-IS Nutrition,"AS-IT-IS ATOM Performance Whey | 25g Protein per Serving | With Safed Musli, Mucuna & DigeZyme® Enzymes (Cookie delight / 45g)",2485.0,140.0,94.4,,False,https://asitisnutrition.com/products/as-it-is-atom-performance-whey-1kg-with-safed-musli-for-faster-recovery-highly-bioavailable
2026-09-19 13:35 IST,AS-IT-IS Nutrition,AS-IT-IS Nutrition,"AS-IT-IS ATOM Performance Whey | 25g Protein per Serving | With Safed Musli, Mucuna & DigeZyme® Enzymes (Choco hazel fusion / 45g)",2485.0,140.0,94.4,,False,https://asitisnutrition.com/products/as-it-is-atom-performance-whey-1kg-with-safed-musli-for-faster-recovery-highly-bioavailable
2026-09-19 13:35 IST,AS-IT-IS Nutrition,AS-IT-IS Nutrition,AS-IT-IS ATOM Whey Protein | 27g Protein per Serving | DigeZyme® Enzymes & 1 Billion CFU Probiotics (Double Rich Chocolate / (36g Travel Sachet)),262.0,167.0,36.3,463.89,True,https://asitisnutrition.com/products/atom-whey-protein
2026-09-19 13:35 IST,AS-IT-IS Nutrition,AS-IT-IS Nutrition,AS-IT-IS ONE Whey Protein Concentrate Sachets | 28g Protein per Serving | Unflavoured (35g Sachet (Pack of 1)),305.0,178.0,41.6,593.33,True,https://asitisnutrition.com/products/whey-protein-30g-sachet
2026-09-19 13:35 IST,AS-IT-IS Nutrition,AS-IT-IS Nutrition,"AS-IT-IS ATOM Nitro Whey with Creasure® | 33g Protein, 3g Creatine per Serving | With DigeZyme® Enzymes (Double Rich Chocolate / 45g)",289.0,185.0,36.0,,True,https://asitisnutrition.com/products/atom-nitro-whey-with-creatine-i-33g-protein-3g-creatine-7-4g-bcaa
2026-09-19 13:35 IST,AS-IT-IS Nutrition,AS-IT-IS Nutrition,"AS-IT-IS ATOM Nitro Whey with Creasure® | 33g Protein, 3g Creatine per Serving | With DigeZyme® Enzymes (Kesar Kulfi / 45g)",3407.0,185.0,94.6,,False,https://asitisnutrition.com/products/atom-nitro-whey-with-creatine-i-33g-protein-3g-creatine-7-4g-bcaa
2026-09-19 13:35 IST,AS-IT-IS Nutrition,AS-IT-IS Nutrition,"AS-IT-IS ATOM Nitro Whey with Creasure® | 33g Protein, 3g Creatine per Serving | With DigeZyme® Enzymes (Classic Vanilla / 45g)",3407.0,185.0,94.6,,False,https://asitisnutrition.com/products/atom-nitro-whey-with-creatine-i-33g-protein-3g-creatine-7-4g-bcaa
2026-09-19 13:35 IST,AS-IT-IS Nutrition,AS-IT-IS Nutrition,AS-IT-IS ONE Whey Protein Concentrate Sachets | 28g Protein per Serving | Unflavoured (35g Sachet (Pack of 1) + Shaker),438.0,303.0,30.8,1010.0,False,https://asitisnutrition.com/products/whey-protein-30g-sachet
2026-09-19 13:35 IST,MyFitness,MYFITNESS,MyFitness Peanut Butter - Chocolate | 26% Protein | Crispy | Chocolate Peanut Butter Spread (227g),159.0,149.0,6.3,65.64,True,https://myfitness.co.in/products/chocolate-crispy
2026-09-19 13:35 IST,MyFitness,MYFITNESS,"Pro.Fitness High Protein Chocolate Oats | Dark Chocolate | Healthy Oats With Nuts, Seeds & Added Whey (375g)",339.0,219.0,35.4,58.4,True,https://myfitness.co.in/products/high-protein-oats-900g-27g-protein
2026-09-19 13:35 IST,MyFitness,myfitness-official-store,MyFitness Peanut Butter - Classic Zero | 28% Protein | Extra Crunchy | Zero Sugar Peanut Spread (510 g),349.0,275.0,21.2,53.92,True,https://myfitness.co.in/products/myfitness-zero-peanut-butter-crunchy-510g
2026-09-19 13:35 IST,MyFitness,myfitness-official-store,MyFitness Peanut Butter - Chocolate | 26% Protein | Crunchy | Chocolate Peanut Butter Spread (510 g),319.0,275.0,13.8,45.08,True,https://myfitness.co.in/products/myfitness-chocolate-peanut-butter-crunchy
2026-09-19 13:35 IST,MyFitness,myfitness-official-store,MyFitness Peanut Butter - Natural Unsweetened | 31% Protein | Crunchy | Zero Sugar Peanut Butter Spread (510 g),319.0,275.0,13.8,45.08,True,https://myfitness.co.in/products/myfitness-all-natural-peanut-butter-crunchy
2026-09-19 13:35 IST,MyFitness,myfitness-official-store,MyFitness Peanut Butter - Natural Unsweetened | 25% Protein | Smooth | Zero Sugar Peanut Butter Spread (510 g),319.0,275.0,13.8,45.08,True,https://myfitness.co.in/products/myfitness-all-natural-peanut-butter-smooth
2026-09-19 13:35 IST,MyFitness,myfitness-official-store,MyFitness Peanut Butter - Chocolate | 26% Protein | Crispy | Chocolate Peanut Butter Spread (510 g),319.0,275.0,13.8,45.08,True,https://myfitness.co.in/products/myfitness-chocolate-peanut-butter-crispy
2026-09-19 13:35 IST,MyFitness,myfitness-official-store,MyFitness Peanut Butter - Chocolate | 28% Protein | Smooth | Chocolate Peanut Butter Spread (510 g),319.0,275.0,13.8,45.08,True,https://myfitness.co.in/products/myfitness-chocolate-peanut-butter-smooth
2026-09-19 13:35 IST,MyFitness,myfitness-official-store,MyFitness Peanut Butter - Original | 28% Protein | Crunchy | Classic Peanut Butter Spread (510 g),319.0,275.0,13.8,45.08,True,https://myfitness.co.in/products/myfitness-original-peanut-butter-crunchy
2026-09-19 13:35 IST,MyFitness,myfitness-official-store,MyFitness Peanut Butter - Original | 28% Protein | Smooth | Classic Peanut Butter Spread (510 g),319.0,275.0,13.8,45.08,True,https://myfitness.co.in/products/myfitness-original-peanut-butter-smooth
2026-09-19 13:35 IST,MyFitness,MYFITNESS,MyFitness Peanut Butter - Chocolate | 25% Protein | Almond Crunch | Chocolate Peanut Butter Spread (510 g),379.0,279.0,26.4,54.71,True,https://myfitness.co.in/products/myfitness-chocolate-peanut-butter-with-almond-crunch
2026-09-19 13:35 IST,MyFitness,MYFITNESS,MyFitness x Batman | Chocolate Zero Peanut Butter Extra Crunchy | 27% Protein | Zero Added Sugar | High Protein (510 g),369.0,299.0,19.0,58.63,True,https://myfitness.co.in/products/myfitness-zero-chocolate-peanut-butter-crunchy-zero-sugar-extra-crunch-510g-27g-protein-10g-fiber-tasty-healthy-nut-butter-spread-cholesterol-free-zero-trans-fat-crunchy-peanut-butter
2026-09-19 13:35 IST,MyFitness,MYFITNESS,MyFitness Peanut Butter - Dark Chocolate | 30% Protein | Smooth | Rich Chocolate Peanut Butter Spread (510 g),399.0,299.0,25.1,49.02,True,https://myfitness.co.in/products/myfitness-olympia-edition-dark-chocolate-peanut-butter-with-added-whey-smooth
2026-09-19 13:35 IST,MyFitness,MYFITNESS,MyFitness Peanut Butter - Dark Chocolate | 29% Protein | Crispy | Rich Chocolate Peanut Butter Spread (510 g),399.0,319.0,20.1,52.3,True,https://myfitness.co.in/products/myfitness-peanut-butter-dark-chocolate-29-protein-crispy-rich-chocolate-peanut-butter-spread
2026-09-19 13:35 IST,MyFitness,MYFITNESS,MyFitness Peanut Butter - Dark Chocolate | 30% Protein | Crunchy | Rich Chocolate Peanut Butter Spread (510 g),399.0,319.0,20.1,52.3,True,https://myfitness.co.in/products/myfitness-olympia-edition-dark-chocolate-peanut-butter-with-added-whey-crunchy
2026-09-19 13:35 IST,Naturaltein,naturaltein,The Protein Dessert E-Cook Book by Naturaltein,599.0,399.0,33.4,,True,https://naturaltein.in/products/the-protein-dessert-e-cook-book-by-naturaltein
2026-09-19 13:35 IST,Naturaltein,naturaltein,Natural Plant Protein (Chocolate / 1 Box (500 g)),3000.0,1112.0,62.9,222.4,True,https://naturaltein.in/products/plant-protein
2026-09-19 13:35 IST,Naturaltein,naturaltein,Natural Plant Protein (Mango / 1 Box (500 g)),3000.0,1112.0,62.9,222.4,True,https://naturaltein.in/products/plant-protein
2026-09-19 13:35 IST,Naturaltein,naturaltein,Natural Plant Protein (Berry / 1 Box (500 g)),3000.0,1112.0,62.9,222.4,True,https://naturaltein.in/products/plant-protein
2026-09-19 13:35 IST,Naturaltein,naturaltein,Natural Plant Protein (Pista / 1 Box (500 g)),3000.0,1112.0,62.9,222.4,True,https://naturaltein.in/products/plant-protein
2026-09-19 13:35 IST,Naturaltein,naturaltein,Natural Plant Protein (Coffee / 1 Box (500 g)),3000.0,1112.0,62.9,222.4,True,https://naturaltein.in/products/plant-protein
2026-09-19 13:35 IST,Naturaltein,naturaltein,Natural Whey Protein Concentrate (Italian Ice Cream / 1 Box (300 g)),1424.0,1299.0,8.8,433.0,False,https://naturaltein.in/products/whey-protein-concentrate
2026-09-19 13:35 IST,Naturaltein,naturaltein,Natural Whey Protein Concentrate (Chocolate Biscoff / 1 Box (300 g)),1424.0,1399.0,1.8,466.33,False,https://naturaltein.in/products/whey-protein-concentrate
2026-09-19 13:35 IST,Naturaltein,naturaltein,Natural Plant Protein (Chocolate / 2 Boxes (1 kg)),6000.0,1600.0,73.3,160.0,True,https://naturaltein.in/products/plant-protein
2026-09-19 13:35 IST,Naturaltein,naturaltein,Natural Plant Protein (Mango / 2 Boxes (1 kg)),6000.0,1600.0,73.3,160.0,True,https://naturaltein.in/products/plant-protein
2026-09-19 13:35 IST,Naturaltein,naturaltein,Natural Plant Protein (Berry / 2 Boxes (1 kg)),6000.0,1600.0,73.3,160.0,True,https://naturaltein.in/products/plant-protein
2026-09-19 13:35 IST,Naturaltein,naturaltein,Natural Plant Protein (Pista / 2 Boxes (1 kg)),6000.0,1600.0,73.3,160.0,True,https://naturaltein.in/products/plant-protein
2026-09-19 13:35 IST,Naturaltein,naturaltein,Natural Plant Protein (Coffee / 2 Boxes (1 kg)),6000.0,1600.0,73.3,160.0,True,https://naturaltein.in/products/plant-protein
2026-09-19 13:35 IST,Naturaltein,naturaltein,Natural Whey Protein Isolate (Pista Kulfi / 1 Box (300 g)),1780.0,1775.0,0.3,591.67,False,https://naturaltein.in/products/whey-protein-isolate
2026-09-19 13:35 IST,Naturaltein,naturaltein,Natural Whey Protein Isolate (Vanilla / 1 Box (300 g)),1780.0,1775.0,0.3,591.67,False,https://naturaltein.in/products/whey-protein-isolate
2026-09-19 13:35 IST,GNC India,GNC,GNC 100% Whey + Nitro Surge (4lbs / Chocolate),6.23,6.03,3.2,,False,https://gnc.in/products/gnc-100-whey-nitro-surge
2026-09-19 13:35 IST,GNC India,GNC,GNC 100% Whey + Nitro Surge (4lbs / Vanilla),6.23,6.03,3.2,,False,https://gnc.in/products/gnc-100-whey-nitro-surge
2026-09-19 13:35 IST,GNC India,GNC India,PP Protein Wafer Bar Mini 20gm (Chocolate / 20 gm),60.0,40.0,33.3,200.0,True,https://gnc.in/products/pp-protein-wafer-bar-mini-20gm
2026-09-19 13:35 IST,GNC India,GNC India,PP Protein Wafer Bar Mini 20gm (Coffee / 20 gm),60.0,40.0,33.3,200.0,True,https://gnc.in/products/pp-protein-wafer-bar-mini-20gm
2026-09-19 13:35 IST,GNC India,GNC India,PP Protein Wafer Bar Mini 20gm (Peanut Butter / 20 gm),60.0,40.0,33.3,200.0,True,https://gnc.in/products/pp-protein-wafer-bar-mini-20gm
2026-09-19 13:35 IST,GNC India,GNC,Protein Wafer Bar (Pack of 1 / Chocolate),120.0,54.0,55.0,,True,https://gnc.in/products/gnc-protein-wafer-bar
2026-09-19 13:35 IST,GNC India,GNC,Protein Wafer Bar (Pack of 1 / Peanut Butter),120.0,54.0,55.0,,True,https://gnc.in/products/gnc-protein-wafer-bar
2026-09-19 13:35 IST,GNC India,GNC,Protein Wafer Bar (Pack of 1 / Coffee),149.0,54.0,63.8,,True,https://gnc.in/products/gnc-protein-wafer-bar
2026-09-19 13:35 IST,GNC India,GNC,GNC Protein Wafer Bar (Chocolate) (Pack of 1 / Chocolate),59.0,55.0,6.8,,True,https://gnc.in/products/gnc-protein-wafer-bar-chocolate
2026-09-19 13:35 IST,GNC India,GNC,GNC Protein Wafer Bar (Peanut butter) (Pack of 1 / Peanut Butter),59.0,55.0,6.8,,True,https://gnc.in/products/gnc-protein-wafer-bar-peanut-butter
2026-09-19 13:35 IST,GNC India,GNC,GNC Protein Wafer Bar (Coffee) (Pack of 1 / Coffee),59.0,55.0,6.8,,True,https://gnc.in/products/gnc-protein-wafer-bar-coffee
2026-09-19 13:35 IST,GNC India,GNC,GNC Protein Wafer Bar (40g / Chocolate),60.0,55.0,8.3,137.5,True,https://gnc.in/products/gnc-protein-wafer-bar-upsell
2026-09-19 13:35 IST,GNC India,GNC India,GNC Select Fermented Yeast Protein Isolate (35gm) (35 gm / Chocolate),149.0,65.0,56.4,185.71,True,https://gnc.in/products/gnc-select-fermented-yeast-protein-isolate-35gm
2026-09-19 13:35 IST,GNC India,GNC India,GNC Select Fermented Yeast Protein Isolate (35gm) (35 gm / Coffee),149.0,65.0,56.4,185.71,True,https://gnc.in/products/gnc-select-fermented-yeast-protein-isolate-35gm
2026-09-19 13:35 IST,GNC India,GNC India,GNC Select Fermented Yeast Protein Isolate (35gm) (35 gm / Vanilla),149.0,65.0,56.4,185.71,True,https://gnc.in/products/gnc-select-fermented-yeast-protein-isolate-35gm
2026-09-20 14:07 IST,Nutrabay,Nutrabay,Nutrabay Gold Hydrolyzed Pea Protein,69,49,29.0,122.5,True,https://nutrabay.com/product/nutrabay-gold-hydrolyzed-pea-protein/?pId=3302532
2026-09-20 14:07 IST,Nutrabay,Nutrabay,Nutrabay Gold Hydrolyzed Pea Protein,69,59,14.5,147.5,True,https://nutrabay.com/product/nutrabay-gold-hydrolyzed-pea-protein/?pId=3302532
2026-09-20 14:07 IST,Nutrabay,Nutrabay,Nutrabay Gold Hydrolyzed Pea Protein,69,69,0.0,172.5,True,https://nutrabay.com/product/nutrabay-gold-hydrolyzed-pea-protein/?pId=3302532
2026-09-20 14:07 IST,Nutrabay,Velbiom,Velbiom Happy Cultures Tastiest Plant Protein,600,499,16.8,346.53,True,https://nutrabay.com/product/velbiom-happy-cultures-tastiest-plant-protein/?pId=7407265
2026-09-20 14:07 IST,Nutrabay,Nutrabay,Nutrabay Pure Pea Protein Isolate,669,599,10.5,119.8,True,https://nutrabay.com/product/nutrabay-pure-100-pea-protein-isolate/?pId=4537768
2026-09-20 14:07 IST,Nutrabay,TruNativ,TruNativ Plant Based Everyday Protein - Protein You Can Cook With!,699,599,14.3,363.03,True,https://nutrabay.com/product/trunativ-plant-based-everyday-protein-protein-you-can-cook-with/?pId=9485223
2026-09-20 14:07 IST,Nutrabay,Nutrabay,Nutrabay Wellness Vegan Plant Protein Powder + Superfoods,1199,699,41.7,139.8,True,https://nutrabay.com/product/nutrabay-wellness-vegan-plant-protein-powder-superfoods/?pId=4698878
2026-09-20 14:07 IST,Nutrabay,Nutrabay,Nutrabay BioAbsorb™ Whey Protein Powder | Clinically Tested 54% Better Protein Absorption | 26g Protein/Scoop | India's 1st Protein with ProDiFi™ for No Bloating | No Added Sugar,859,749,12.8,413.81,True,https://nutrabay.com/product/nutrabay-bioabsorb-whey-protein/?pId=8042444
2026-09-20 14:07 IST,Nutrabay,Nutrabay,Nutrabay Gold Hydrolyzed Pea Protein,1049,799,23.8,159.8,True,https://nutrabay.com/product/nutrabay-gold-hydrolyzed-pea-protein/?pId=3302532
2026-09-20 14:07 IST,Nutrabay,Nutrabay,Nutrabay Gold Hydrolyzed Pea Protein,1049,799,23.8,159.8,True,https://nutrabay.com/product/nutrabay-gold-hydrolyzed-pea-protein/?pId=3302532
2026-09-20 14:07 IST,Nutrabay,Nutrabay,Nutrabay Gold Hydrolyzed Pea Protein,1049,799,23.8,159.8,True,https://nutrabay.com/product/nutrabay-gold-hydrolyzed-pea-protein/?pId=3302532
2026-09-20 14:07 IST,Nutrabay,Nutrabay,Nutrabay Pure Pea Protein Isolate,1349,849,37.1,84.9,True,https://nutrabay.com/product/nutrabay-pure-100-pea-protein-isolate/?pId=4537768
2026-09-20 14:07 IST,Nutrabay,Ace Blend,Ace Blend Plant Based Daily Protein,1935,849,56.1,,True,https://nutrabay.com/product/ace-blend-plant-based-daily-protein/?pId=6275363
2026-09-20 14:07 IST,Nutrabay,Optimum Nutrition,Optimum Nutrition (ON) Gold Standard Whey Protein Powder,940,940,0.0,606.45,True,https://nutrabay.com/product/optimum-nutrition-on-100-whey-gold-standard-2/?pId=4471481
2026-09-20 14:07 IST,Nutrabay,Naturaltein,Naturaltein Plant Protein,3000,949,68.4,189.8,True,https://nutrabay.com/product/naturaltein-vegan-plant-protein/?pId=6742490
2026-09-20 14:07 IST,Fast&Up,Fastandup,100% Pure & Natural Moringa Powder,250.0,238.0,4.8,,True,https://in.fastandup.com/products/100-pure-natural-moringa-powder
2026-09-20 14:07 IST,Fast&Up,Fastandup,Plant Protein - Assorted Pack,270.0,243.0,10.0,,False,https://in.fastandup.com/products/fast-up-plant-protein-assorted-pack
2026-09-20 14:07 IST,Fast&Up,Fastandup,Plant Protein - Rich Chocolate - Single Serving Sachet Combo Pack (Rich Chocolate / Pack of 5),450.0,396.0,12.0,,False,https://in.fastandup.com/products/plant-protein-rich-chocolate-single-serving-sachet-combo-pack
2026-09-20 14:07 IST,Fast&Up,Fastandup,Plant Protein - Rich Chocolate - Single Serving Sachet Combo Pack (Rich Chocolate / Pack of 10),900.0,765.0,15.0,,False,https://in.fastandup.com/products/plant-protein-rich-chocolate-single-serving-sachet-combo-pack
2026-09-20 14:07 IST,Fast&Up,Fastandup,Plant Protein - Rich Chocolate - Single Serving Sachet Combo Pack (Rich Chocolate / Pack of 15),1350.0,1107.0,18.0,,False,https://in.fastandup.com/products/plant-protein-rich-chocolate-single-serving-sachet-combo-pack
2026-09-20 14:07 IST,Fast&Up,Fastandup,Plant Protein - Cookies & Cream - 500g,1599.0,1199.0,25.0,239.8,False,https://in.fastandup.com/products/plant-protein-cookies-cream-500g
2026-09-20 14:07 IST,Fast&Up,Fastandup,Plant Protein - Rich Chocolate – 500gms,1599.0,1199.0,25.0,239.8,False,https://in.fastandup.com/products/plant-protein-powder-500gms
2026-09-20 14:07 IST,Fast&Up,Fastandup,Plant Protein - Alphonso Mango - 1Kg,3115.0,1999.0,35.8,199.9,True,https://in.fastandup.com/products/plant-protein-alphonso-mango-25-servings
2026-09-20 14:07 IST,Fast&Up,Fastandup,Plant Protein - Kesar Kulfi - 1kg,3115.0,1999.0,35.8,199.9,True,https://in.fastandup.com/products/plant-protein-powder-special-festive-pack
2026-09-20 14:07 IST,Fast&Up,Fastandup,Plant Protein - Cookies & Cream - 1Kg,3115.0,1999.0,35.8,199.9,False,https://in.fastandup.com/products/plant-protein-cookies-cream-1-kg
2026-09-20 14:07 IST,Fast&Up,Fastandup,Plant Protein - Strawberry Blast - 25 Servings,3115.0,1999.0,35.8,,False,https://in.fastandup.com/products/plant-protein-strawberry-25-servings
2026-09-20 14:07 IST,Fast&Up,Fastandup,Plant Protein - Rich Chocolate - 1kg,3115.0,1999.0,35.8,199.9,True,https://in.fastandup.com/products/plant-protein-rich-chocolate-1kg
2026-09-20 14:07 IST,Fast&Up,Fastandup,Plant Protein - Cookies & Cream - 500g Pack of 2,3198.0,2079.0,35.0,415.8,False,https://in.fastandup.com/products/plant-protein-cookies-cream-500g-pack-of-2
2026-09-20 14:07 IST,Fast&Up,Fastandup,Daily Fiber + Plant Protein Rich Chocolate Combo,3715.0,2229.0,40.0,,True,https://in.fastandup.com/products/daily-fiber-plant-protein-rich-chocolate-combo
2026-09-20 14:07 IST,Fast&Up,Fastandup,Plant Protein Rich Chocolate - 1kg pouch+ Plant Protein Cookies Cream- 1kg Pouch,6230.0,3426.5,45.0,342.65,False,https://in.fastandup.com/products/plant-protein-rich-chocolate-1kg-pouch-plant-protein-cookies-cream-1kg-pouch
2026-09-20 14:07 IST,OZiva,OZiva,Plant Protein + Pro-Digest (Mango),139.0,139.0,0.0,,True,https://oziva.in/products/plant-protein-pro-digest
2026-09-20 14:07 IST,OZiva,OZiva,Pro-Collagen Protein Peptides Caramel | 250g,799.0,433.0,45.8,173.2,True,https://oziva.in/products/pro-collagen-protein-peptides-caramel-250g
2026-09-20 14:07 IST,OZiva,OZiva,"Vegan Collagen, Clinically Proven (Watermelon / Starter Pack-125g)",499.0,459.0,8.0,367.2,True,https://oziva.in/products/plant-based-collagen
2026-09-20 14:07 IST,OZiva,OZiva,Plant Protein + Pro-Digest (Assorted),699.0,699.0,0.0,,True,https://oziva.in/products/plant-protein-pro-digest
2026-09-20 14:07 IST,OZiva,OZiva,Plant Protein + Pro-Digest (Chocolate),699.0,699.0,0.0,,False,https://oziva.in/products/plant-protein-pro-digest
2026-09-20 14:07 IST,OZiva,OZiva,Plant Protein + Pro-Digest (Strawberry),699.0,699.0,0.0,,False,https://oziva.in/products/plant-protein-pro-digest
2026-09-20 14:07 IST,OZiva,OZiva,Plant Protein + Pro-Digest (Vanilla),699.0,699.0,0.0,,False,https://oziva.in/products/plant-protein-pro-digest
2026-09-20 14:07 IST,OZiva,OZiva,Plant Protein + Pro-Digest (Assorted / Starter Pack),699.0,699.0,0.0,,True,https://oziva.in/products/oziva-bioactive-plant-protein-with-25g-vegan-protein-5-5-bcaas-100-rda-vitamins-minerals-ayurvedic-herbs-for-better-endurance-stamina-muscle-recovery-1-kg
2026-09-20 14:07 IST,OZiva,OZiva,Daily Protein Activ for Women (Rich Chocolate / Starter Pack),799.0,749.0,6.3,,True,https://oziva.in/products/daily-protein-activ-for-women-with-clean-whey-protein-multivitamins-tulsi-probiotics-for-improved-everyday-energy-stamina-bone-health-immune-health
2026-09-20 14:07 IST,OZiva,OZiva,Daily Protein Activ for Women (Classic Vanilla / Starter Pack),799.0,749.0,6.3,,True,https://oziva.in/products/daily-protein-activ-for-women-with-clean-whey-protein-multivitamins-tulsi-probiotics-for-improved-everyday-energy-stamina-bone-health-immune-health
2026-09-20 14:07 IST,OZiva,OZiva,"Pro-Collagen Protein Peptides, 250 g (Starter Pack)",849.0,799.0,5.9,319.6,True,https://oziva.in/products/oziva-pro-collagen-protein-peptides-with-clean-protein-green-coffee-hyaluronic-acid-biotin-for-skin-hair-health-muscle-joint-health-protein-breakdown-caramel-250-g
2026-09-20 14:07 IST,OZiva,OZiva,"Vegan Collagen, Clinically Proven (Guava Glow / Starter Pack)",959.0,929.0,3.1,,True,https://oziva.in/products/plant-based-collagen
2026-09-20 14:07 IST,OZiva,OZiva,"Vegan Collagen, Clinically Proven (Classic / Starter Pack)",959.0,929.0,3.1,,True,https://oziva.in/products/plant-based-collagen
2026-09-20 14:07 IST,OZiva,OZiva,"Vegan Collagen, Clinically Proven (Berry Orange / Starter Pack)",959.0,929.0,3.1,,True,https://oziva.in/products/plant-based-collagen
2026-09-20 14:07 IST,OZiva,OZiva,"Vegan Collagen, Clinically Proven (Watermelon / Starter Pack)",959.0,929.0,3.1,,True,https://oziva.in/products/plant-based-collagen
2026-09-20 14:07 IST,Wellbeing Nutrition,Wellbeing Nutrition,Kids Protein Vanilla Free Sachet,79.0,79.0,0.0,,True,https://wellbeingnutrition.com/products/kids-protein-vanilla-free-sachet
2026-09-20 14:07 IST,Wellbeing Nutrition,Wellbeing Nutrition,Kids Protein Chocolate Sachet,79.0,79.0,0.0,,True,https://wellbeingnutrition.com/products/kids-protein-chocolate-sachet
2026-09-20 14:07 IST,Wellbeing Nutrition,Wellbeing Nutrition,Kids Protein Vanilla Sachet,79.0,79.0,0.0,,True,https://wellbeingnutrition.com/products/kids-protein-vanilla-sachet
2026-09-20 14:07 IST,Wellbeing Nutrition,Wellbeing Nutrition,Vegan Protein Dark Chocolate Hazelnut Sachet,150.0,150.0,0.0,,True,https://wellbeingnutrition.com/products/vegan-protein-dark-chocolate-hazelnut-sachet
2026-09-20 14:07 IST,Wellbeing Nutrition,Wellbeing Nutrition,Whey Protein Isolate Dark Chocolate Sachet (Pack of 1),160.0,160.0,0.0,,False,https://wellbeingnutrition.com/products/whey-protein-isolate-dark-chocolate-sachet
2026-09-20 14:07 IST,Wellbeing Nutrition,Wellbeing Nutrition,Whey Protein Isolate + Concentrate Mango Sachets (Pack of 1),1399.0,1399.0,0.0,,False,https://wellbeingnutrition.com/products/whey-protein-isolate-concentrate-mango-sachets
2026-09-20 14:07 IST,Wellbeing Nutrition,Wellbeing Nutrition,Plant Protein 22g | 500g | 3B CFU Probiotics | Dark Chocolate Hazelnut (Pack of 1),1799.0,1709.0,5.0,341.8,True,https://wellbeingnutrition.com/products/vegan-protein-dark-chocolate-hazelnut
2026-09-20 14:07 IST,Wellbeing Nutrition,Wellbeing Nutrition,Plant Protein 22g | 500g | 3B CFU Probiotics | Italian Cafe Mocha (Pack of 1),1799.0,1709.0,5.0,341.8,False,https://wellbeingnutrition.com/products/vegan-protein-italian-cafe-mocha
2026-09-20 14:07 IST,Wellbeing Nutrition,Wellbeing Nutrition,Plant Protein 22g | 500g | 3B CFU Probiotics | Belgian Dark Chocolate (Pack of 1),1799.0,1709.0,5.0,341.8,True,https://wellbeingnutrition.com/products/vegan-protein-belgian-chocolate
2026-09-20 14:07 IST,Wellbeing Nutrition,Wellbeing Nutrition,Plant Protein 22g | 500g | 3B CFU Probiotics | French Vanilla Caramel (Pack of 1),1799.0,1709.0,5.0,341.8,True,https://wellbeingnutrition.com/products/vegan-protein-french-vanilla-caramel
2026-09-20 14:07 IST,Wellbeing Nutrition,Wellbeing Nutrition,Plant Protein 22g | 500g | 3B CFU Probiotics | Canadian Mixed Berry (Pack of 1),1799.0,1709.0,5.0,341.8,True,https://wellbeingnutrition.com/products/vegan-protein-canadian-mixed-berry
2026-09-20 14:07 IST,Wellbeing Nutrition,Wellbeing Nutrition,Her Superfood Plant Protein | Chocolate Peanut Butter (Pack of 1),1799.0,1709.0,5.0,,True,https://wellbeingnutrition.com/products/superfood-plant-protein-powder-for-women
2026-09-20 14:07 IST,Wellbeing Nutrition,Wellbeing Nutrition,Superfood Plant Protein | British Banoffee Pie (Pack of 1),1799.0,1709.0,5.0,,True,https://wellbeingnutrition.com/products/superfood-plant-protein-powder-in-banoffee-pie
2026-09-20 14:07 IST,Wellbeing Nutrition,Wellbeing Nutrition,Whey Protein Isolate + Concentrate Mango Sachets (Pack of 2),2798.0,2798.0,0.0,,False,https://wellbeingnutrition.com/products/whey-protein-isolate-concentrate-mango-sachets
2026-09-20 14:07 IST,Wellbeing Nutrition,Wellbeing Nutrition,Plant Protein 22g | 907g | 3B CFU Probiotics | French Vanilla Caramel (Pack of 1),3399.0,3229.0,5.0,356.01,True,https://wellbeingnutrition.com/products/vegan-protein-french-vanilla-caramel-copy
2026-09-20 14:07 IST,AS-IT-IS Nutrition,AS-IT-IS Nutrition,"AS-IT-IS ONE Brown Rice Protein | 27g Protein per Serving | Plant Protein | Single-Ingredient, Unflavoured (35g)",175.0,122.0,30.3,,True,https://asitisnutrition.com/products/as-it-is-nutrition-brown-rice-protein-80-designed-as-meal-supplement-lab-tested-unflavoured
2026-09-20 14:07 IST,AS-IT-IS Nutrition,AS-IT-IS Nutrition,"AS-IT-IS ONE Pea Protein Isolate | 29g Protein per Serving | Plant Protein | Single-Ingredient, Unflavoured (36g-Sachet)",175.0,122.0,30.3,,False,https://asitisnutrition.com/products/as-it-is-nutrition-pea-protein-isolate-powder
2026-09-20 14:07 IST,AS-IT-IS Nutrition,AS-IT-IS Nutrition,"AS-IT-IS ONE Soy Protein Isolate | 30g Protein per Serving | Plant Protein | Single-Ingredient, Unflavoured (35g)",175.0,122.0,30.3,,False,https://asitisnutrition.com/products/as-it-is-nutrition-buy-soy-protein-isolate-powder-in-india
2026-09-20 14:07 IST,AS-IT-IS Nutrition,AS-IT-IS Nutrition,AS-IT-IS ATOM Beginners Whey Protein | 15g Protein per Serving | With DigeZyme® Enzymes (Choco Hazel Fusion / 37g),203.0,131.0,35.5,,True,https://asitisnutrition.com/products/atom-beginners-whey-protein
2026-09-20 14:07 IST,AS-IT-IS Nutrition,AS-IT-IS Nutrition,"AS-IT-IS ATOM Performance Whey | 25g Protein per Serving | With Safed Musli, Mucuna & DigeZyme® Enzymes (Double Rich Chocolate / 45g)",220.0,140.0,36.4,,True,https://asitisnutrition.com/products/as-it-is-atom-performance-whey-1kg-with-safed-musli-for-faster-recovery-highly-bioavailable
2026-09-20 14:07 IST,AS-IT-IS Nutrition,AS-IT-IS Nutrition,"AS-IT-IS ATOM Performance Whey | 25g Protein per Serving | With Safed Musli, Mucuna & DigeZyme® Enzymes (Pista Fusion / 45g)",2485.0,140.0,94.4,,False,https://asitisnutrition.com/products/as-it-is-atom-performance-whey-1kg-with-safed-musli-for-faster-recovery-highly-bioavailable
2026-09-20 14:07 IST,AS-IT-IS Nutrition,AS-IT-IS Nutrition,"AS-IT-IS ATOM Performance Whey | 25g Protein per Serving | With Safed Musli, Mucuna & DigeZyme® Enzymes (Cafe Latte / 45g)",2485.0,140.0,94.4,,False,https://asitisnutrition.com/products/as-it-is-atom-performance-whey-1kg-with-safed-musli-for-faster-recovery-highly-bioavailable
2026-09-20 14:07 IST,AS-IT-IS Nutrition,AS-IT-IS Nutrition,"AS-IT-IS ATOM Performance Whey | 25g Protein per Serving | With Safed Musli, Mucuna & DigeZyme® Enzymes (Cookie delight / 45g)",2485.0,140.0,94.4,,False,https://asitisnutrition.com/products/as-it-is-atom-performance-whey-1kg-with-safed-musli-for-faster-recovery-highly-bioavailable
2026-09-20 14:07 IST,AS-IT-IS Nutrition,AS-IT-IS Nutrition,"AS-IT-IS ATOM Performance Whey | 25g Protein per Serving | With Safed Musli, Mucuna & DigeZyme® Enzymes (Choco hazel fusion / 45g)",2485.0,140.0,94.4,,False,https://asitisnutrition.com/products/as-it-is-atom-performance-whey-1kg-with-safed-musli-for-faster-recovery-highly-bioavailable
2026-09-20 14:07 IST,AS-IT-IS Nutrition,AS-IT-IS Nutrition,AS-IT-IS ATOM Whey Protein | 27g Protein per Serving | DigeZyme® Enzymes & 1 Billion CFU Probiotics (Double Rich Chocolate / (36g Travel Sachet)),262.0,167.0,36.3,463.89,True,https://asitisnutrition.com/products/atom-whey-protein
2026-09-20 14:07 IST,AS-IT-IS Nutrition,AS-IT-IS Nutrition,AS-IT-IS ONE Whey Protein Concentrate Sachets | 28g Protein per Serving | Unflavoured (35g Sachet (Pack of 1)),305.0,178.0,41.6,593.33,True,https://asitisnutrition.com/products/whey-protein-30g-sachet
2026-09-20 14:07 IST,AS-IT-IS Nutrition,AS-IT-IS Nutrition,"AS-IT-IS ATOM Nitro Whey with Creasure® | 33g Protein, 3g Creatine per Serving | With DigeZyme® Enzymes (Double Rich Chocolate / 45g)",289.0,185.0,36.0,,True,https://asitisnutrition.com/products/atom-nitro-whey-with-creatine-i-33g-protein-3g-creatine-7-4g-bcaa
2026-09-20 14:07 IST,AS-IT-IS Nutrition,AS-IT-IS Nutrition,"AS-IT-IS ATOM Nitro Whey with Creasure® | 33g Protein, 3g Creatine per Serving | With DigeZyme® Enzymes (Kesar Kulfi / 45g)",3407.0,185.0,94.6,,False,https://asitisnutrition.com/products/atom-nitro-whey-with-creatine-i-33g-protein-3g-creatine-7-4g-bcaa
2026-09-20 14:07 IST,AS-IT-IS Nutrition,AS-IT-IS Nutrition,"AS-IT-IS ATOM Nitro Whey with Creasure® | 33g Protein, 3g Creatine per Serving | With DigeZyme® Enzymes (Classic Vanilla / 45g)",3407.0,185.0,94.6,,False,https://asitisnutrition.com/products/atom-nitro-whey-with-creatine-i-33g-protein-3g-creatine-7-4g-bcaa
2026-09-20 14:07 IST,AS-IT-IS Nutrition,AS-IT-IS Nutrition,AS-IT-IS ONE Whey Protein Concentrate Sachets | 28g Protein per Serving | Unflavoured (35g Sachet (Pack of 1) + Shaker),438.0,303.0,30.8,1010.0,False,https://asitisnutrition.com/products/whey-protein-30g-sachet
2026-09-20 14:07 IST,MyFitness,MYFITNESS,MyFitness Peanut Butter - Chocolate | 26% Protein | Crispy | Chocolate Peanut Butter Spread (227g),159.0,149.0,6.3,65.64,True,https://myfitness.co.in/products/chocolate-crispy
2026-09-20 14:07 IST,MyFitness,MYFITNESS,"Pro.Fitness High Protein Chocolate Oats | Dark Chocolate | Healthy Oats With Nuts, Seeds & Added Whey (375g)",339.0,219.0,35.4,58.4,True,https://myfitness.co.in/products/high-protein-oats-900g-27g-protein
2026-09-20 14:07 IST,MyFitness,myfitness-official-store,MyFitness Peanut Butter - Classic Zero | 28% Protein | Extra Crunchy | Zero Sugar Peanut Spread (510 g),349.0,275.0,21.2,53.92,True,https://myfitness.co.in/products/myfitness-zero-peanut-butter-crunchy-510g
2026-09-20 14:07 IST,MyFitness,myfitness-official-store,MyFitness Peanut Butter - Chocolate | 26% Protein | Crunchy | Chocolate Peanut Butter Spread (510 g),319.0,275.0,13.8,45.08,True,https://myfitness.co.in/products/myfitness-chocolate-peanut-butter-crunchy
2026-09-20 14:07 IST,MyFitness,myfitness-official-store,MyFitness Peanut Butter - Natural Unsweetened | 31% Protein | Crunchy | Zero Sugar Peanut Butter Spread (510 g),319.0,275.0,13.8,45.08,True,https://myfitness.co.in/products/myfitness-all-natural-peanut-butter-crunchy
2026-09-20 14:07 IST,MyFitness,myfitness-official-store,MyFitness Peanut Butter - Natural Unsweetened | 25% Protein | Smooth | Zero Sugar Peanut Butter Spread (510 g),319.0,275.0,13.8,45.08,True,https://myfitness.co.in/products/myfitness-all-natural-peanut-butter-smooth
2026-09-20 14:07 IST,MyFitness,myfitness-official-store,MyFitness Peanut Butter - Chocolate | 26% Protein | Crispy | Chocolate Peanut Butter Spread (510 g),319.0,275.0,13.8,45.08,True,https://myfitness.co.in/products/myfitness-chocolate-peanut-butter-crispy
2026-09-20 14:07 IST,MyFitness,myfitness-official-store,MyFitness Peanut Butter - Chocolate | 28% Protein | Smooth | Chocolate Peanut Butter Spread (510 g),319.0,275.0,13.8,45.08,True,https://myfitness.co.in/products/myfitness-chocolate-peanut-butter-smooth
2026-09-20 14:07 IST,MyFitness,myfitness-official-store,MyFitness Peanut Butter - Original | 28% Protein | Crunchy | Classic Peanut Butter Spread (510 g),319.0,275.0,13.8,45.08,True,https://myfitness.co.in/products/myfitness-original-peanut-butter-crunchy
2026-09-20 14:07 IST,MyFitness,myfitness-official-store,MyFitness Peanut Butter - Original | 28% Protein | Smooth | Classic Peanut Butter Spread (510 g),319.0,275.0,13.8,45.08,True,https://myfitness.co.in/products/myfitness-original-peanut-butter-smooth
2026-09-20 14:07 IST,MyFitness,MYFITNESS,MyFitness Peanut Butter - Chocolate | 25% Protein | Almond Crunch | Chocolate Peanut Butter Spread (510 g),379.0,279.0,26.4,54.71,True,https://myfitness.co.in/products/myfitness-chocolate-peanut-butter-with-almond-crunch
2026-09-20 14:07 IST,MyFitness,MYFITNESS,MyFitness x Batman | Chocolate Zero Peanut Butter Extra Crunchy | 27% Protein | Zero Added Sugar | High Protein (510 g),369.0,299.0,19.0,58.63,True,https://myfitness.co.in/products/myfitness-zero-chocolate-peanut-butter-crunchy-zero-sugar-extra-crunch-510g-27g-protein-10g-fiber-tasty-healthy-nut-butter-spread-cholesterol-free-zero-trans-fat-crunchy-peanut-butter
2026-09-20 14:07 IST,MyFitness,MYFITNESS,MyFitness Peanut Butter - Dark Chocolate | 30% Protein | Smooth | Rich Chocolate Peanut Butter Spread (510 g),399.0,299.0,25.1,49.02,True,https://myfitness.co.in/products/myfitness-olympia-edition-dark-chocolate-peanut-butter-with-added-whey-smooth
2026-09-20 14:07 IST,MyFitness,MYFITNESS,MyFitness Peanut Butter - Dark Chocolate | 29% Protein | Crispy | Rich Chocolate Peanut Butter Spread (510 g),399.0,319.0,20.1,52.3,True,https://myfitness.co.in/products/myfitness-peanut-butter-dark-chocolate-29-protein-crispy-rich-chocolate-peanut-butter-spread
2026-09-20 14:07 IST,MyFitness,MYFITNESS,MyFitness Peanut Butter - Dark Chocolate | 30% Protein | Crunchy | Rich Chocolate Peanut Butter Spread (510 g),399.0,319.0,20.1,52.3,True,https://myfitness.co.in/products/myfitness-olympia-edition-dark-chocolate-peanut-butter-with-added-whey-crunchy
2026-09-20 14:07 IST,Naturaltein,naturaltein,The Protein Dessert E-Cook Book by Naturaltein,599.0,399.0,33.4,,True,https://naturaltein.in/products/the-protein-dessert-e-cook-book-by-naturaltein
2026-09-20 14:07 IST,Naturaltein,naturaltein,Natural Plant Protein (Chocolate / 1 Box (500 g)),3000.0,1112.0,62.9,222.4,True,https://naturaltein.in/products/plant-protein
2026-09-20 14:07 IST,Naturaltein,naturaltein,Natural Plant Protein (Mango / 1 Box (500 g)),3000.0,1112.0,62.9,222.4,True,https://naturaltein.in/products/plant-protein
2026-09-20 14:07 IST,Naturaltein,naturaltein,Natural Plant Protein (Berry / 1 Box (500 g)),3000.0,1112.0,62.9,222.4,True,https://naturaltein.in/products/plant-protein
2026-09-20 14:07 IST,Naturaltein,naturaltein,Natural Plant Protein (Pista / 1 Box (500 g)),3000.0,1112.0,62.9,222.4,True,https://naturaltein.in/products/plant-protein
2026-09-20 14:07 IST,Naturaltein,naturaltein,Natural Plant Protein (Coffee / 1 Box (500 g)),3000.0,1112.0,62.9,222.4,True,https://naturaltein.in/products/plant-protein
2026-09-20 14:07 IST,Naturaltein,naturaltein,Natural Whey Protein Concentrate (Italian Ice Cream / 1 Box (300 g)),1424.0,1299.0,8.8,433.0,False,https://naturaltein.in/products/whey-protein-concentrate
2026-09-20 14:07 IST,Naturaltein,naturaltein,Natural Whey Protein Concentrate (Chocolate Biscoff / 1 Box (300 g)),1424.0,1399.0,1.8,466.33,False,https://naturaltein.in/products/whey-protein-concentrate
2026-09-20 14:07 IST,Naturaltein,naturaltein,Natural Plant Protein (Chocolate / 2 Boxes (1 kg)),6000.0,1600.0,73.3,160.0,True,https://naturaltein.in/products/plant-protein
2026-09-20 14:07 IST,Naturaltein,naturaltein,Natural Plant Protein (Mango / 2 Boxes (1 kg)),6000.0,1600.0,73.3,160.0,True,https://naturaltein.in/products/plant-protein
2026-09-20 14:07 IST,Naturaltein,naturaltein,Natural Plant Protein (Berry / 2 Boxes (1 kg)),6000.0,1600.0,73.3,160.0,True,https://naturaltein.in/products/plant-protein
2026-09-20 14:07 IST,Naturaltein,naturaltein,Natural Plant Protein (Pista / 2 Boxes (1 kg)),6000.0,1600.0,73.3,160.0,True,https://naturaltein.in/products/plant-protein
2026-09-20 14:07 IST,Naturaltein,naturaltein,Natural Plant Protein (Coffee / 2 Boxes (1 kg)),6000.0,1600.0,73.3,160.0,True,https://naturaltein.in/products/plant-protein
2026-09-20 14:07 IST,Naturaltein,naturaltein,Natural Whey Protein Isolate (Pista Kulfi / 1 Box (300 g)),1780.0,1775.0,0.3,591.67,False,https://naturaltein.in/products/whey-protein-isolate
2026-09-20 14:07 IST,Naturaltein,naturaltein,Natural Whey Protein Isolate (Vanilla / 1 Box (300 g)),1780.0,1775.0,0.3,591.67,False,https://naturaltein.in/products/whey-protein-isolate
2026-09-20 14:07 IST,GNC India,GNC,GNC 100% Whey + Nitro Surge (4lbs / Chocolate),6.23,6.03,3.2,,False,https://gnc.in/products/gnc-100-whey-nitro-surge
2026-09-20 14:07 IST,GNC India,GNC,GNC 100% Whey + Nitro Surge (4lbs / Vanilla),6.23,6.03,3.2,,False,https://gnc.in/products/gnc-100-whey-nitro-surge
2026-09-20 14:07 IST,GNC India,GNC India,PP Protein Wafer Bar Mini 20gm (Chocolate / 20 gm),60.0,40.0,33.3,200.0,True,https://gnc.in/products/pp-protein-wafer-bar-mini-20gm
2026-09-20 14:07 IST,GNC India,GNC India,PP Protein Wafer Bar Mini 20gm (Coffee / 20 gm),60.0,40.0,33.3,200.0,True,https://gnc.in/products/pp-protein-wafer-bar-mini-20gm
2026-09-20 14:07 IST,GNC India,GNC India,PP Protein Wafer Bar Mini 20gm (Peanut Butter / 20 gm),60.0,40.0,33.3,200.0,True,https://gnc.in/products/pp-protein-wafer-bar-mini-20gm
2026-09-20 14:07 IST,GNC India,GNC,Protein Wafer Bar (Pack of 1 / Chocolate),120.0,54.0,55.0,,True,https://gnc.in/products/gnc-protein-wafer-bar
2026-09-20 14:07 IST,GNC India,GNC,Protein Wafer Bar (Pack of 1 / Peanut Butter),120.0,54.0,55.0,,True,https://gnc.in/products/gnc-protein-wafer-bar
2026-09-20 14:07 IST,GNC India,GNC,Protein Wafer Bar (Pack of 1 / Coffee),149.0,54.0,63.8,,True,https://gnc.in/products/gnc-protein-wafer-bar
2026-09-20 14:07 IST,GNC India,GNC,GNC Protein Wafer Bar (Chocolate) (Pack of 1 / Chocolate),59.0,55.0,6.8,,True,https://gnc.in/products/gnc-protein-wafer-bar-chocolate
2026-09-20 14:07 IST,GNC India,GNC,GNC Protein Wafer Bar (Peanut butter) (Pack of 1 / Peanut Butter),59.0,55.0,6.8,,True,https://gnc.in/products/gnc-protein-wafer-bar-peanut-butter
2026-09-20 14:07 IST,GNC India,GNC,GNC Protein Wafer Bar (Coffee) (Pack of 1 / Coffee),59.0,55.0,6.8,,True,https://gnc.in/products/gnc-protein-wafer-bar-coffee
2026-09-20 14:07 IST,GNC India,GNC,GNC Protein Wafer Bar (40g / Chocolate),60.0,55.0,8.3,137.5,True,https://gnc.in/products/gnc-protein-wafer-bar-upsell
2026-09-20 14:07 IST,GNC India,GNC India,GNC Select Fermented Yeast Protein Isolate (35gm) (35 gm / Chocolate),149.0,65.0,56.4,185.71,True,https://gnc.in/products/gnc-select-fermented-yeast-protein-isolate-35gm
2026-09-20 14:07 IST,GNC India,GNC India,GNC Select Fermented Yeast Protein Isolate (35gm) (35 gm / Coffee),149.0,65.0,56.4,185.71,True,https://gnc.in/products/gnc-select-fermented-yeast-protein-isolate-35gm
2026-09-20 14:07 IST,GNC India,GNC India,GNC Select Fermented Yeast Protein Isolate (35gm) (35 gm / Vanilla),149.0,65.0,56.4,185.71,True,https://gnc.in/products/gnc-select-fermented-yeast-protein-isolate-35gm
2026-09-21 14:30 IST,Nutrabay,Nutrabay,Nutrabay Gold Hydrolyzed Pea Protein,69,49,29.0,122.5,True,https://nutrabay.com/product/nutrabay-gold-hydrolyzed-pea-protein/?pId=3302532
2026-09-21 14:30 IST,Nutrabay,Nutrabay,Nutrabay Gold Hydrolyzed Pea Protein,69,59,14.5,147.5,True,https://nutrabay.com/product/nutrabay-gold-hydrolyzed-pea-protein/?pId=3302532
2026-09-21 14:30 IST,Nutrabay,Nutrabay,Nutrabay Gold Hydrolyzed Pea Protein,69,69,0.0,172.5,True,https://nutrabay.com/product/nutrabay-gold-hydrolyzed-pea-protein/?pId=3302532
2026-09-21 14:30 IST,Nutrabay,Velbiom,Velbiom Happy Cultures Tastiest Plant Protein,600,499,16.8,346.53,True,https://nutrabay.com/product/velbiom-happy-cultures-tastiest-plant-protein/?pId=7407265
2026-09-21 14:30 IST,Nutrabay,Nutrabay,Nutrabay Pure Pea Protein Isolate,669,599,10.5,119.8,True,https://nutrabay.com/product/nutrabay-pure-100-pea-protein-isolate/?pId=4537768
2026-09-21 14:30 IST,Nutrabay,TruNativ,TruNativ Plant Based Everyday Protein - Protein You Can Cook With!,699,599,14.3,363.03,True,https://nutrabay.com/product/trunativ-plant-based-everyday-protein-protein-you-can-cook-with/?pId=9485223
2026-09-21 14:30 IST,Nutrabay,Nutrabay,Nutrabay Wellness Vegan Plant Protein Powder + Superfoods,1199,699,41.7,139.8,True,https://nutrabay.com/product/nutrabay-wellness-vegan-plant-protein-powder-superfoods/?pId=4698878
2026-09-21 14:30 IST,Nutrabay,Nutrabay,Nutrabay BioAbsorb™ Whey Protein Powder | Clinically Tested 54% Better Protein Absorption | 26g Protein/Scoop | India's 1st Protein with ProDiFi™ for No Bloating | No Added Sugar,859,749,12.8,413.81,True,https://nutrabay.com/product/nutrabay-bioabsorb-whey-protein/?pId=8042444
2026-09-21 14:30 IST,Nutrabay,Nutrabay,Nutrabay Gold Hydrolyzed Pea Protein,1049,799,23.8,159.8,True,https://nutrabay.com/product/nutrabay-gold-hydrolyzed-pea-protein/?pId=3302532
2026-09-21 14:30 IST,Nutrabay,Nutrabay,Nutrabay Gold Hydrolyzed Pea Protein,1049,799,23.8,159.8,True,https://nutrabay.com/product/nutrabay-gold-hydrolyzed-pea-protein/?pId=3302532
2026-09-21 14:30 IST,Nutrabay,Nutrabay,Nutrabay Gold Hydrolyzed Pea Protein,1049,799,23.8,159.8,True,https://nutrabay.com/product/nutrabay-gold-hydrolyzed-pea-protein/?pId=3302532
2026-09-21 14:30 IST,Nutrabay,Nutrabay,Nutrabay Pure Pea Protein Isolate,1349,849,37.1,84.9,True,https://nutrabay.com/product/nutrabay-pure-100-pea-protein-isolate/?pId=4537768
2026-09-21 14:30 IST,Nutrabay,Ace Blend,Ace Blend Plant Based Daily Protein,1935,849,56.1,,True,https://nutrabay.com/product/ace-blend-plant-based-daily-protein/?pId=6275363
2026-09-21 14:30 IST,Nutrabay,Optimum Nutrition,Optimum Nutrition (ON) Gold Standard Whey Protein Powder,940,940,0.0,606.45,True,https://nutrabay.com/product/optimum-nutrition-on-100-whey-gold-standard-2/?pId=4471481
2026-09-21 14:30 IST,Nutrabay,Naturaltein,Naturaltein Plant Protein,3000,949,68.4,189.8,True,https://nutrabay.com/product/naturaltein-vegan-plant-protein/?pId=6742490
2026-09-21 14:30 IST,Fast&Up,Fastandup,100% Pure & Natural Moringa Powder,250.0,238.0,4.8,,True,https://in.fastandup.com/products/100-pure-natural-moringa-powder
2026-09-21 14:30 IST,Fast&Up,Fastandup,Plant Protein - Assorted Pack,270.0,243.0,10.0,,False,https://in.fastandup.com/products/fast-up-plant-protein-assorted-pack
2026-09-21 14:30 IST,Fast&Up,Fastandup,Plant Protein - Rich Chocolate - Single Serving Sachet Combo Pack (Rich Chocolate / Pack of 5),450.0,396.0,12.0,,False,https://in.fastandup.com/products/plant-protein-rich-chocolate-single-serving-sachet-combo-pack
2026-09-21 14:30 IST,Fast&Up,Fastandup,Plant Protein - Rich Chocolate - Single Serving Sachet Combo Pack (Rich Chocolate / Pack of 10),900.0,765.0,15.0,,False,https://in.fastandup.com/products/plant-protein-rich-chocolate-single-serving-sachet-combo-pack
2026-09-21 14:30 IST,Fast&Up,Fastandup,Plant Protein - Rich Chocolate - Single Serving Sachet Combo Pack (Rich Chocolate / Pack of 15),1350.0,1107.0,18.0,,False,https://in.fastandup.com/products/plant-protein-rich-chocolate-single-serving-sachet-combo-pack
2026-09-21 14:30 IST,Fast&Up,Fastandup,Plant Protein - Cookies & Cream - 500g,1599.0,1199.0,25.0,239.8,False,https://in.fastandup.com/products/plant-protein-cookies-cream-500g
2026-09-21 14:30 IST,Fast&Up,Fastandup,Plant Protein - Rich Chocolate – 500gms,1599.0,1199.0,25.0,239.8,False,https://in.fastandup.com/products/plant-protein-powder-500gms
2026-09-21 14:30 IST,Fast&Up,Fastandup,Plant Protein - Alphonso Mango - 1Kg,3115.0,1999.0,35.8,199.9,True,https://in.fastandup.com/products/plant-protein-alphonso-mango-25-servings
2026-09-21 14:30 IST,Fast&Up,Fastandup,Plant Protein - Kesar Kulfi - 1kg,3115.0,1999.0,35.8,199.9,True,https://in.fastandup.com/products/plant-protein-powder-special-festive-pack
2026-09-21 14:30 IST,Fast&Up,Fastandup,Plant Protein - Cookies & Cream - 1Kg,3115.0,1999.0,35.8,199.9,False,https://in.fastandup.com/products/plant-protein-cookies-cream-1-kg
2026-09-21 14:30 IST,Fast&Up,Fastandup,Plant Protein - Strawberry Blast - 25 Servings,3115.0,1999.0,35.8,,False,https://in.fastandup.com/products/plant-protein-strawberry-25-servings
2026-09-21 14:30 IST,Fast&Up,Fastandup,Plant Protein - Rich Chocolate - 1kg,3115.0,1999.0,35.8,199.9,True,https://in.fastandup.com/products/plant-protein-rich-chocolate-1kg
2026-09-21 14:30 IST,Fast&Up,Fastandup,Plant Protein - Cookies & Cream - 500g Pack of 2,3198.0,2079.0,35.0,415.8,False,https://in.fastandup.com/products/plant-protein-cookies-cream-500g-pack-of-2
2026-09-21 14:30 IST,Fast&Up,Fastandup,Daily Fiber + Plant Protein Rich Chocolate Combo,3715.0,2229.0,40.0,,True,https://in.fastandup.com/products/daily-fiber-plant-protein-rich-chocolate-combo
2026-09-21 14:30 IST,Fast&Up,Fastandup,Plant Protein Rich Chocolate - 1kg pouch+ Plant Protein Cookies Cream- 1kg Pouch,6230.0,3426.5,45.0,342.65,False,https://in.fastandup.com/products/plant-protein-rich-chocolate-1kg-pouch-plant-protein-cookies-cream-1kg-pouch
2026-09-21 14:30 IST,OZiva,OZiva,Plant Protein + Pro-Digest (Mango),139.0,139.0,0.0,,True,https://oziva.in/products/plant-protein-pro-digest
2026-09-21 14:30 IST,OZiva,OZiva,Pro-Collagen Protein Peptides Caramel | 250g,799.0,433.0,45.8,173.2,True,https://oziva.in/products/pro-collagen-protein-peptides-caramel-250g
2026-09-21 14:30 IST,OZiva,OZiva,"Vegan Collagen, Clinically Proven (Watermelon / Starter Pack-125g)",499.0,459.0,8.0,367.2,True,https://oziva.in/products/plant-based-collagen
2026-09-21 14:30 IST,OZiva,OZiva,Plant Protein + Pro-Digest (Assorted),699.0,699.0,0.0,,True,https://oziva.in/products/plant-protein-pro-digest
2026-09-21 14:30 IST,OZiva,OZiva,Plant Protein + Pro-Digest (Chocolate),699.0,699.0,0.0,,False,https://oziva.in/products/plant-protein-pro-digest
2026-09-21 14:30 IST,OZiva,OZiva,Plant Protein + Pro-Digest (Strawberry),699.0,699.0,0.0,,False,https://oziva.in/products/plant-protein-pro-digest
2026-09-21 14:30 IST,OZiva,OZiva,Plant Protein + Pro-Digest (Vanilla),699.0,699.0,0.0,,False,https://oziva.in/products/plant-protein-pro-digest
2026-09-21 14:30 IST,OZiva,OZiva,Plant Protein + Pro-Digest (Assorted / Starter Pack),699.0,699.0,0.0,,True,https://oziva.in/products/oziva-bioactive-plant-protein-with-25g-vegan-protein-5-5-bcaas-100-rda-vitamins-minerals-ayurvedic-herbs-for-better-endurance-stamina-muscle-recovery-1-kg
2026-09-21 14:30 IST,OZiva,OZiva,Daily Protein Activ for Women (Rich Chocolate / Starter Pack),799.0,749.0,6.3,,True,https://oziva.in/products/daily-protein-activ-for-women-with-clean-whey-protein-multivitamins-tulsi-probiotics-for-improved-everyday-energy-stamina-bone-health-immune-health
2026-09-21 14:30 IST,OZiva,OZiva,Daily Protein Activ for Women (Classic Vanilla / Starter Pack),799.0,749.0,6.3,,True,https://oziva.in/products/daily-protein-activ-for-women-with-clean-whey-protein-multivitamins-tulsi-probiotics-for-improved-everyday-energy-stamina-bone-health-immune-health
2026-09-21 14:30 IST,OZiva,OZiva,"Pro-Collagen Protein Peptides, 250 g (Starter Pack)",849.0,799.0,5.9,319.6,True,https://oziva.in/products/oziva-pro-collagen-protein-peptides-with-clean-protein-green-coffee-hyaluronic-acid-biotin-for-skin-hair-health-muscle-joint-health-protein-breakdown-caramel-250-g
2026-09-21 14:30 IST,OZiva,OZiva,"Vegan Collagen, Clinically Proven (Guava Glow / Starter Pack)",959.0,929.0,3.1,,True,https://oziva.in/products/plant-based-collagen
2026-09-21 14:30 IST,OZiva,OZiva,"Vegan Collagen, Clinically Proven (Classic / Starter Pack)",959.0,929.0,3.1,,True,https://oziva.in/products/plant-based-collagen
2026-09-21 14:30 IST,OZiva,OZiva,"Vegan Collagen, Clinically Proven (Berry Orange / Starter Pack)",959.0,929.0,3.1,,True,https://oziva.in/products/plant-based-collagen
2026-09-21 14:30 IST,OZiva,OZiva,"Vegan Collagen, Clinically Proven (Watermelon / Starter Pack)",959.0,929.0,3.1,,True,https://oziva.in/products/plant-based-collagen
2026-09-21 14:30 IST,Wellbeing Nutrition,Wellbeing Nutrition,Kids Protein Vanilla Free Sachet,79.0,79.0,0.0,,True,https://wellbeingnutrition.com/products/kids-protein-vanilla-free-sachet
2026-09-21 14:30 IST,Wellbeing Nutrition,Wellbeing Nutrition,Kids Protein Chocolate Sachet,79.0,79.0,0.0,,True,https://wellbeingnutrition.com/products/kids-protein-chocolate-sachet
2026-09-21 14:30 IST,Wellbeing Nutrition,Wellbeing Nutrition,Kids Protein Vanilla Sachet,79.0,79.0,0.0,,True,https://wellbeingnutrition.com/products/kids-protein-vanilla-sachet
2026-09-21 14:30 IST,Wellbeing Nutrition,Wellbeing Nutrition,Vegan Protein Dark Chocolate Hazelnut Sachet,150.0,150.0,0.0,,True,https://wellbeingnutrition.com/products/vegan-protein-dark-chocolate-hazelnut-sachet
2026-09-21 14:30 IST,Wellbeing Nutrition,Wellbeing Nutrition,Whey Protein Isolate Dark Chocolate Sachet (Pack of 1),160.0,160.0,0.0,,False,https://wellbeingnutrition.com/products/whey-protein-isolate-dark-chocolate-sachet
2026-09-21 14:30 IST,Wellbeing Nutrition,Wellbeing Nutrition,Whey Protein Isolate + Concentrate Mango Sachets (Pack of 1),1399.0,1399.0,0.0,,False,https://wellbeingnutrition.com/products/whey-protein-isolate-concentrate-mango-sachets
2026-09-21 14:30 IST,Wellbeing Nutrition,Wellbeing Nutrition,Plant Protein 22g | 500g | 3B CFU Probiotics | Dark Chocolate Hazelnut (Pack of 1),1799.0,1439.0,20.0,287.8,True,https://wellbeingnutrition.com/products/vegan-protein-dark-chocolate-hazelnut
2026-09-21 14:30 IST,Wellbeing Nutrition,Wellbeing Nutrition,Plant Protein 22g | 500g | 3B CFU Probiotics | Italian Cafe Mocha (Pack of 1),1799.0,1439.0,20.0,287.8,False,https://wellbeingnutrition.com/products/vegan-protein-italian-cafe-mocha
2026-09-21 14:30 IST,Wellbeing Nutrition,Wellbeing Nutrition,Plant Protein 22g | 500g | 3B CFU Probiotics | Belgian Dark Chocolate (Pack of 1),1799.0,1439.0,20.0,287.8,True,https://wellbeingnutrition.com/products/vegan-protein-belgian-chocolate
2026-09-21 14:30 IST,Wellbeing Nutrition,Wellbeing Nutrition,Plant Protein 22g | 500g | 3B CFU Probiotics | French Vanilla Caramel (Pack of 1),1799.0,1439.0,20.0,287.8,True,https://wellbeingnutrition.com/products/vegan-protein-french-vanilla-caramel
2026-09-21 14:30 IST,Wellbeing Nutrition,Wellbeing Nutrition,Plant Protein 22g | 500g | 3B CFU Probiotics | Canadian Mixed Berry (Pack of 1),1799.0,1439.0,20.0,287.8,True,https://wellbeingnutrition.com/products/vegan-protein-canadian-mixed-berry
2026-09-21 14:30 IST,Wellbeing Nutrition,Wellbeing Nutrition,Her Superfood Plant Protein | Chocolate Peanut Butter (Pack of 1),1799.0,1439.0,20.0,,True,https://wellbeingnutrition.com/products/superfood-plant-protein-powder-for-women
2026-09-21 14:30 IST,Wellbeing Nutrition,Wellbeing Nutrition,Superfood Plant Protein | British Banoffee Pie (Pack of 1),1799.0,1439.0,20.0,,True,https://wellbeingnutrition.com/products/superfood-plant-protein-powder-in-banoffee-pie
2026-09-21 14:30 IST,Wellbeing Nutrition,Wellbeing Nutrition,Plant Protein 22g | 907g | 3B CFU Probiotics | French Vanilla Caramel (Pack of 1),3399.0,2719.0,20.0,299.78,True,https://wellbeingnutrition.com/products/vegan-protein-french-vanilla-caramel-copy
2026-09-21 14:30 IST,Wellbeing Nutrition,Wellbeing Nutrition,Plant Protein 22g | 907g | 3B CFU Probiotics | Belgian Dark Chocolate (Pack of 1),3399.0,2719.0,20.0,299.78,True,https://wellbeingnutrition.com/products/vegan-protein-belgian-dark-chocolate-probiotics
2026-09-21 14:30 IST,AS-IT-IS Nutrition,AS-IT-IS Nutrition,"AS-IT-IS ONE Brown Rice Protein | 27g Protein per Serving | Plant Protein | Single-Ingredient, Unflavoured (35g)",175.0,122.0,30.3,,True,https://asitisnutrition.com/products/as-it-is-nutrition-brown-rice-protein-80-designed-as-meal-supplement-lab-tested-unflavoured
2026-09-21 14:30 IST,AS-IT-IS Nutrition,AS-IT-IS Nutrition,"AS-IT-IS ONE Pea Protein Isolate | 29g Protein per Serving | Plant Protein | Single-Ingredient, Unflavoured (36g-Sachet)",175.0,122.0,30.3,,False,https://asitisnutrition.com/products/as-it-is-nutrition-pea-protein-isolate-powder
2026-09-21 14:30 IST,AS-IT-IS Nutrition,AS-IT-IS Nutrition,"AS-IT-IS ONE Soy Protein Isolate | 30g Protein per Serving | Plant Protein | Single-Ingredient, Unflavoured (35g)",175.0,122.0,30.3,,False,https://asitisnutrition.com/products/as-it-is-nutrition-buy-soy-protein-isolate-powder-in-india
2026-09-21 14:30 IST,AS-IT-IS Nutrition,AS-IT-IS Nutrition,AS-IT-IS ATOM Beginners Whey Protein | 15g Protein per Serving | With DigeZyme® Enzymes (Choco Hazel Fusion / 37g),203.0,131.0,35.5,,True,https://asitisnutrition.com/products/atom-beginners-whey-protein
2026-09-21 14:30 IST,AS-IT-IS Nutrition,AS-IT-IS Nutrition,"AS-IT-IS ATOM Performance Whey | 25g Protein per Serving | With Safed Musli, Mucuna & DigeZyme® Enzymes (Double Rich Chocolate / 45g)",220.0,140.0,36.4,,True,https://asitisnutrition.com/products/as-it-is-atom-performance-whey-1kg-with-safed-musli-for-faster-recovery-highly-bioavailable
2026-09-21 14:30 IST,AS-IT-IS Nutrition,AS-IT-IS Nutrition,"AS-IT-IS ATOM Performance Whey | 25g Protein per Serving | With Safed Musli, Mucuna & DigeZyme® Enzymes (Pista Fusion / 45g)",2485.0,140.0,94.4,,False,https://asitisnutrition.com/products/as-it-is-atom-performance-whey-1kg-with-safed-musli-for-faster-recovery-highly-bioavailable
2026-09-21 14:30 IST,AS-IT-IS Nutrition,AS-IT-IS Nutrition,"AS-IT-IS ATOM Performance Whey | 25g Protein per Serving | With Safed Musli, Mucuna & DigeZyme® Enzymes (Cafe Latte / 45g)",2485.0,140.0,94.4,,False,https://asitisnutrition.com/products/as-it-is-atom-performance-whey-1kg-with-safed-musli-for-faster-recovery-highly-bioavailable
2026-09-21 14:30 IST,AS-IT-IS Nutrition,AS-IT-IS Nutrition,"AS-IT-IS ATOM Performance Whey | 25g Protein per Serving | With Safed Musli, Mucuna & DigeZyme® Enzymes (Cookie delight / 45g)",2485.0,140.0,94.4,,False,https://asitisnutrition.com/products/as-it-is-atom-performance-whey-1kg-with-safed-musli-for-faster-recovery-highly-bioavailable
2026-09-21 14:30 IST,AS-IT-IS Nutrition,AS-IT-IS Nutrition,"AS-IT-IS ATOM Performance Whey | 25g Protein per Serving | With Safed Musli, Mucuna & DigeZyme® Enzymes (Choco hazel fusion / 45g)",2485.0,140.0,94.4,,False,https://asitisnutrition.com/products/as-it-is-atom-performance-whey-1kg-with-safed-musli-for-faster-recovery-highly-bioavailable
2026-09-21 14:30 IST,AS-IT-IS Nutrition,AS-IT-IS Nutrition,AS-IT-IS ATOM Whey Protein | 27g Protein per Serving | DigeZyme® Enzymes & 1 Billion CFU Probiotics (Double Rich Chocolate / (36g Travel Sachet)),262.0,167.0,36.3,463.89,True,https://asitisnutrition.com/products/atom-whey-protein
2026-09-21 14:30 IST,AS-IT-IS Nutrition,AS-IT-IS Nutrition,AS-IT-IS ONE Whey Protein Concentrate Sachets | 28g Protein per Serving | Unflavoured (35g Sachet (Pack of 1)),305.0,178.0,41.6,593.33,True,https://asitisnutrition.com/products/whey-protein-30g-sachet
2026-09-21 14:30 IST,AS-IT-IS Nutrition,AS-IT-IS Nutrition,"AS-IT-IS ATOM Nitro Whey with Creasure® | 33g Protein, 3g Creatine per Serving | With DigeZyme® Enzymes (Double Rich Chocolate / 45g)",289.0,185.0,36.0,,True,https://asitisnutrition.com/products/atom-nitro-whey-with-creatine-i-33g-protein-3g-creatine-7-4g-bcaa
2026-09-21 14:30 IST,AS-IT-IS Nutrition,AS-IT-IS Nutrition,"AS-IT-IS ATOM Nitro Whey with Creasure® | 33g Protein, 3g Creatine per Serving | With DigeZyme® Enzymes (Kesar Kulfi / 45g)",3407.0,185.0,94.6,,False,https://asitisnutrition.com/products/atom-nitro-whey-with-creatine-i-33g-protein-3g-creatine-7-4g-bcaa
2026-09-21 14:30 IST,AS-IT-IS Nutrition,AS-IT-IS Nutrition,"AS-IT-IS ATOM Nitro Whey with Creasure® | 33g Protein, 3g Creatine per Serving | With DigeZyme® Enzymes (Classic Vanilla / 45g)",3407.0,185.0,94.6,,False,https://asitisnutrition.com/products/atom-nitro-whey-with-creatine-i-33g-protein-3g-creatine-7-4g-bcaa
2026-09-21 14:30 IST,AS-IT-IS Nutrition,AS-IT-IS Nutrition,AS-IT-IS ONE Whey Protein Concentrate Sachets | 28g Protein per Serving | Unflavoured (35g Sachet (Pack of 1) + Shaker),438.0,303.0,30.8,1010.0,False,https://asitisnutrition.com/products/whey-protein-30g-sachet
2026-09-21 14:30 IST,MyFitness,MYFITNESS,MyFitness Peanut Butter - Chocolate | 26% Protein | Crispy | Chocolate Peanut Butter Spread (227g),159.0,149.0,6.3,65.64,True,https://myfitness.co.in/products/chocolate-crispy
2026-09-21 14:30 IST,MyFitness,MYFITNESS,"Pro.Fitness High Protein Chocolate Oats | Dark Chocolate | Healthy Oats With Nuts, Seeds & Added Whey (375g)",339.0,219.0,35.4,58.4,True,https://myfitness.co.in/products/high-protein-oats-900g-27g-protein
2026-09-21 14:30 IST,MyFitness,myfitness-official-store,MyFitness Peanut Butter - Classic Zero | 28% Protein | Extra Crunchy | Zero Sugar Peanut Spread (510 g),349.0,275.0,21.2,53.92,True,https://myfitness.co.in/products/myfitness-zero-peanut-butter-crunchy-510g
2026-09-21 14:30 IST,MyFitness,myfitness-official-store,MyFitness Peanut Butter - Chocolate | 26% Protein | Crunchy | Chocolate Peanut Butter Spread (510 g),319.0,275.0,13.8,45.08,True,https://myfitness.co.in/products/myfitness-chocolate-peanut-butter-crunchy
2026-09-21 14:30 IST,MyFitness,myfitness-official-store,MyFitness Peanut Butter - Natural Unsweetened | 31% Protein | Crunchy | Zero Sugar Peanut Butter Spread (510 g),319.0,275.0,13.8,45.08,True,https://myfitness.co.in/products/myfitness-all-natural-peanut-butter-crunchy
2026-09-21 14:30 IST,MyFitness,myfitness-official-store,MyFitness Peanut Butter - Natural Unsweetened | 25% Protein | Smooth | Zero Sugar Peanut Butter Spread (510 g),319.0,275.0,13.8,45.08,True,https://myfitness.co.in/products/myfitness-all-natural-peanut-butter-smooth
2026-09-21 14:30 IST,MyFitness,myfitness-official-store,MyFitness Peanut Butter - Chocolate | 26% Protein | Crispy | Chocolate Peanut Butter Spread (510 g),319.0,275.0,13.8,45.08,True,https://myfitness.co.in/products/myfitness-chocolate-peanut-butter-crispy
2026-09-21 14:30 IST,MyFitness,myfitness-official-store,MyFitness Peanut Butter - Chocolate | 28% Protein | Smooth | Chocolate Peanut Butter Spread (510 g),319.0,275.0,13.8,45.08,True,https://myfitness.co.in/products/myfitness-chocolate-peanut-butter-smooth
2026-09-21 14:30 IST,MyFitness,myfitness-official-store,MyFitness Peanut Butter - Original | 28% Protein | Crunchy | Classic Peanut Butter Spread (510 g),319.0,275.0,13.8,45.08,True,https://myfitness.co.in/products/myfitness-original-peanut-butter-crunchy
2026-09-21 14:30 IST,MyFitness,myfitness-official-store,MyFitness Peanut Butter - Original | 28% Protein | Smooth | Classic Peanut Butter Spread (510 g),319.0,275.0,13.8,45.08,True,https://myfitness.co.in/products/myfitness-original-peanut-butter-smooth
2026-09-21 14:30 IST,MyFitness,MYFITNESS,MyFitness Peanut Butter - Chocolate | 25% Protein | Almond Crunch | Chocolate Peanut Butter Spread (510 g),379.0,279.0,26.4,54.71,True,https://myfitness.co.in/products/myfitness-chocolate-peanut-butter-with-almond-crunch
2026-09-21 14:30 IST,MyFitness,MYFITNESS,MyFitness x Batman | Chocolate Zero Peanut Butter Extra Crunchy | 27% Protein | Zero Added Sugar | High Protein (510 g),369.0,299.0,19.0,58.63,True,https://myfitness.co.in/products/myfitness-zero-chocolate-peanut-butter-crunchy-zero-sugar-extra-crunch-510g-27g-protein-10g-fiber-tasty-healthy-nut-butter-spread-cholesterol-free-zero-trans-fat-crunchy-peanut-butter
2026-09-21 14:30 IST,MyFitness,MYFITNESS,MyFitness Peanut Butter - Dark Chocolate | 30% Protein | Smooth | Rich Chocolate Peanut Butter Spread (510 g),399.0,299.0,25.1,49.02,True,https://myfitness.co.in/products/myfitness-olympia-edition-dark-chocolate-peanut-butter-with-added-whey-smooth
2026-09-21 14:30 IST,MyFitness,MYFITNESS,MyFitness Peanut Butter - Dark Chocolate | 29% Protein | Crispy | Rich Chocolate Peanut Butter Spread (510 g),399.0,319.0,20.1,52.3,True,https://myfitness.co.in/products/myfitness-peanut-butter-dark-chocolate-29-protein-crispy-rich-chocolate-peanut-butter-spread
2026-09-21 14:30 IST,MyFitness,MYFITNESS,MyFitness Peanut Butter - Dark Chocolate | 30% Protein | Crunchy | Rich Chocolate Peanut Butter Spread (510 g),399.0,319.0,20.1,52.3,True,https://myfitness.co.in/products/myfitness-olympia-edition-dark-chocolate-peanut-butter-with-added-whey-crunchy
2026-09-21 14:30 IST,Naturaltein,naturaltein,The Protein Dessert E-Cook Book by Naturaltein,599.0,399.0,33.4,,True,https://naturaltein.in/products/the-protein-dessert-e-cook-book-by-naturaltein
2026-09-21 14:30 IST,Naturaltein,naturaltein,Natural Plant Protein (Chocolate / 1 Box (500 g)),3000.0,1112.0,62.9,222.4,True,https://naturaltein.in/products/plant-protein
2026-09-21 14:30 IST,Naturaltein,naturaltein,Natural Plant Protein (Mango / 1 Box (500 g)),3000.0,1112.0,62.9,222.4,False,https://naturaltein.in/products/plant-protein
2026-09-21 14:30 IST,Naturaltein,naturaltein,Natural Plant Protein (Berry / 1 Box (500 g)),3000.0,1112.0,62.9,222.4,True,https://naturaltein.in/products/plant-protein
2026-09-21 14:30 IST,Naturaltein,naturaltein,Natural Plant Protein (Pista / 1 Box (500 g)),3000.0,1112.0,62.9,222.4,True,https://naturaltein.in/products/plant-protein
2026-09-21 14:30 IST,Naturaltein,naturaltein,Natural Plant Protein (Coffee / 1 Box (500 g)),3000.0,1112.0,62.9,222.4,True,https://naturaltein.in/products/plant-protein
2026-09-21 14:30 IST,Naturaltein,naturaltein,Natural Whey Protein Concentrate (Italian Ice Cream / 1 Box (300 g)),1424.0,1299.0,8.8,433.0,False,https://naturaltein.in/products/whey-protein-concentrate
2026-09-21 14:30 IST,Naturaltein,naturaltein,Natural Whey Protein Concentrate (Chocolate Biscoff / 1 Box (300 g)),1424.0,1399.0,1.8,466.33,False,https://naturaltein.in/products/whey-protein-concentrate
2026-09-21 14:30 IST,Naturaltein,naturaltein,Natural Plant Protein (Chocolate / 2 Boxes (1 kg)),6000.0,1600.0,73.3,160.0,True,https://naturaltein.in/products/plant-protein
2026-09-21 14:30 IST,Naturaltein,naturaltein,Natural Plant Protein (Mango / 2 Boxes (1 kg)),6000.0,1600.0,73.3,160.0,False,https://naturaltein.in/products/plant-protein
2026-09-21 14:30 IST,Naturaltein,naturaltein,Natural Plant Protein (Berry / 2 Boxes (1 kg)),6000.0,1600.0,73.3,160.0,True,https://naturaltein.in/products/plant-protein
2026-09-21 14:30 IST,Naturaltein,naturaltein,Natural Plant Protein (Pista / 2 Boxes (1 kg)),6000.0,1600.0,73.3,160.0,True,https://naturaltein.in/products/plant-protein
2026-09-21 14:30 IST,Naturaltein,naturaltein,Natural Plant Protein (Coffee / 2 Boxes (1 kg)),6000.0,1600.0,73.3,160.0,True,https://naturaltein.in/products/plant-protein
2026-09-21 14:30 IST,Naturaltein,naturaltein,Natural Whey Protein Isolate (Pista Kulfi / 1 Box (300 g)),1780.0,1775.0,0.3,591.67,False,https://naturaltein.in/products/whey-protein-isolate
2026-09-21 14:30 IST,Naturaltein,naturaltein,Natural Whey Protein Isolate (Vanilla / 1 Box (300 g)),1780.0,1775.0,0.3,591.67,False,https://naturaltein.in/products/whey-protein-isolate
2026-09-21 14:30 IST,GNC India,GNC India,PP Protein Wafer Bar Mini 20gm (Chocolate / 20 gm),60.0,40.0,33.3,200.0,True,https://gnc.in/products/pp-protein-wafer-bar-mini-20gm
2026-09-21 14:30 IST,GNC India,GNC India,PP Protein Wafer Bar Mini 20gm (Coffee / 20 gm),60.0,40.0,33.3,200.0,True,https://gnc.in/products/pp-protein-wafer-bar-mini-20gm
2026-09-21 14:30 IST,GNC India,GNC India,PP Protein Wafer Bar Mini 20gm (Peanut Butter / 20 gm),60.0,40.0,33.3,200.0,True,https://gnc.in/products/pp-protein-wafer-bar-mini-20gm
2026-09-21 14:30 IST,GNC India,GNC,Protein Wafer Bar (Pack of 1 / Chocolate),120.0,54.0,55.0,,True,https://gnc.in/products/gnc-protein-wafer-bar
2026-09-21 14:30 IST,GNC India,GNC,Protein Wafer Bar (Pack of 1 / Peanut Butter),120.0,54.0,55.0,,True,https://gnc.in/products/gnc-protein-wafer-bar
2026-09-21 14:30 IST,GNC India,GNC,Protein Wafer Bar (Pack of 1 / Coffee),149.0,54.0,63.8,,True,https://gnc.in/products/gnc-protein-wafer-bar
2026-09-21 14:30 IST,GNC India,GNC,GNC Protein Wafer Bar (Chocolate) (Pack of 1 / Chocolate),59.0,55.0,6.8,,True,https://gnc.in/products/gnc-protein-wafer-bar-chocolate
2026-09-21 14:30 IST,GNC India,GNC,GNC Protein Wafer Bar (Peanut butter) (Pack of 1 / Peanut Butter),59.0,55.0,6.8,,True,https://gnc.in/products/gnc-protein-wafer-bar-peanut-butter
2026-09-21 14:30 IST,GNC India,GNC,GNC Protein Wafer Bar (Coffee) (Pack of 1 / Coffee),59.0,55.0,6.8,,True,https://gnc.in/products/gnc-protein-wafer-bar-coffee
2026-09-21 14:30 IST,GNC India,GNC,GNC Protein Wafer Bar (40g / Chocolate),60.0,55.0,8.3,137.5,True,https://gnc.in/products/gnc-protein-wafer-bar-upsell
2026-09-21 14:30 IST,GNC India,GNC India,GNC Select Fermented Yeast Protein Isolate (35gm) (35 gm / Chocolate),149.0,65.0,56.4,185.71,True,https://gnc.in/products/gnc-select-fermented-yeast-protein-isolate-35gm
2026-09-21 14:30 IST,GNC India,GNC India,GNC Select Fermented Yeast Protein Isolate (35gm) (35 gm / Coffee),149.0,65.0,56.4,185.71,True,https://gnc.in/products/gnc-select-fermented-yeast-protein-isolate-35gm
2026-09-21 14:30 IST,GNC India,GNC India,GNC Select Fermented Yeast Protein Isolate (35gm) (35 gm / Vanilla),149.0,65.0,56.4,185.71,True,https://gnc.in/products/gnc-select-fermented-yeast-protein-isolate-35gm
2026-09-21 14:30 IST,GNC India,GNC India,Protein Crunch Wafer Bar 40gm (Peanut Butter),80.0,69.0,13.7,172.5,True,https://gnc.in/products/protein-crunch-wafer-bar-40gm
2026-09-21 14:30 IST,GNC India,GNC India,Protein Crunch Wafer Bar 40gm (Cookies & Cream),80.0,69.0,13.7,172.5,True,https://gnc.in/products/protein-crunch-wafer-bar-40gm
2026-09-22 14:05 IST,Nutrabay,Nutrabay,Nutrabay Gold Hydrolyzed Pea Protein,69,49,29.0,122.5,True,https://nutrabay.com/product/nutrabay-gold-hydrolyzed-pea-protein/?pId=3302532
2026-09-22 14:05 IST,Nutrabay,Nutrabay,Nutrabay Gold Hydrolyzed Pea Protein,69,69,0.0,172.5,True,https://nutrabay.com/product/nutrabay-gold-hydrolyzed-pea-protein/?pId=3302532
2026-09-22 14:05 IST,Nutrabay,Velbiom,Velbiom Happy Cultures Tastiest Plant Protein,600,499,16.8,346.53,True,https://nutrabay.com/product/velbiom-happy-cultures-tastiest-plant-protein/?pId=7407265
2026-09-22 14:05 IST,Nutrabay,Nutrabay,Nutrabay Pure Pea Protein Isolate,669,599,10.5,119.8,True,https://nutrabay.com/product/nutrabay-pure-100-pea-protein-isolate/?pId=4537768
2026-09-22 14:05 IST,Nutrabay,TruNativ,TruNativ Plant Based Everyday Protein - Protein You Can Cook With!,699,599,14.3,363.03,True,https://nutrabay.com/product/trunativ-plant-based-everyday-protein-protein-you-can-cook-with/?pId=9485223
2026-09-22 14:05 IST,Nutrabay,Nutrabay,Nutrabay Wellness Vegan Plant Protein Powder + Superfoods,1199,699,41.7,139.8,True,https://nutrabay.com/product/nutrabay-wellness-vegan-plant-protein-powder-superfoods/?pId=4698878
2026-09-22 14:05 IST,Nutrabay,Nutrabay,Nutrabay BioAbsorb™ Whey Protein Powder | Clinically Tested 54% Better Protein Absorption | 26g Protein/Scoop | India's 1st Protein with ProDiFi™ for No Bloating | No Added Sugar,859,749,12.8,413.81,True,https://nutrabay.com/product/nutrabay-bioabsorb-whey-protein/?pId=8042444
2026-09-22 14:05 IST,Nutrabay,Nutrabay,Nutrabay Gold Hydrolyzed Pea Protein,1049,799,23.8,159.8,True,https://nutrabay.com/product/nutrabay-gold-hydrolyzed-pea-protein/?pId=3302532
2026-09-22 14:05 IST,Nutrabay,Nutrabay,Nutrabay Gold Hydrolyzed Pea Protein,1049,799,23.8,159.8,True,https://nutrabay.com/product/nutrabay-gold-hydrolyzed-pea-protein/?pId=3302532
2026-09-22 14:05 IST,Nutrabay,Nutrabay,Nutrabay Gold Hydrolyzed Pea Protein,1049,799,23.8,159.8,True,https://nutrabay.com/product/nutrabay-gold-hydrolyzed-pea-protein/?pId=3302532
2026-09-22 14:05 IST,Nutrabay,Nutrabay,Nutrabay Pure Pea Protein Isolate,1349,849,37.1,84.9,True,https://nutrabay.com/product/nutrabay-pure-100-pea-protein-isolate/?pId=4537768
2026-09-22 14:05 IST,Nutrabay,Ace Blend,Ace Blend Plant Based Daily Protein,1935,849,56.1,,True,https://nutrabay.com/product/ace-blend-plant-based-daily-protein/?pId=6275363
2026-09-22 14:05 IST,Nutrabay,Nakpro Nutrition,Nakpro Nutrition Platinum Soy Protein Isolate,2300,899,60.9,89.9,True,https://nutrabay.com/product/nakpro-vegan-soy-protein-isolate-90-raw-pure-natural-vegetarian-plant-protein-supplement-powder/?pId=3990475
2026-09-22 14:05 IST,Nutrabay,Optimum Nutrition,Optimum Nutrition (ON) Gold Standard Whey Protein Powder,940,940,0.0,606.45,True,https://nutrabay.com/product/optimum-nutrition-on-100-whey-gold-standard-2/?pId=4471481
2026-09-22 14:05 IST,Nutrabay,Naturaltein,Naturaltein Plant Protein,3000,949,68.4,189.8,True,https://nutrabay.com/product/naturaltein-vegan-plant-protein/?pId=6742490
2026-09-22 14:05 IST,Fast&Up,Fastandup,100% Pure & Natural Moringa Powder,250.0,238.0,4.8,,True,https://in.fastandup.com/products/100-pure-natural-moringa-powder
2026-09-22 14:05 IST,Fast&Up,Fastandup,Plant Protein - Assorted Pack,270.0,243.0,10.0,,True,https://in.fastandup.com/products/fast-up-plant-protein-assorted-pack
2026-09-22 14:05 IST,Fast&Up,Fastandup,Plant Protein - Rich Chocolate - Single Serving Sachet Combo Pack (Rich Chocolate / Pack of 5),450.0,396.0,12.0,,False,https://in.fastandup.com/products/plant-protein-rich-chocolate-single-serving-sachet-combo-pack
2026-09-22 14:05 IST,Fast&Up,Fastandup,Plant Protein - Rich Chocolate - Single Serving Sachet Combo Pack (Rich Chocolate / Pack of 10),900.0,765.0,15.0,,False,https://in.fastandup.com/products/plant-protein-rich-chocolate-single-serving-sachet-combo-pack
2026-09-22 14:05 IST,Fast&Up,Fastandup,Plant Protein - Rich Chocolate - Single Serving Sachet Combo Pack (Rich Chocolate / Pack of 15),1350.0,1107.0,18.0,,False,https://in.fastandup.com/products/plant-protein-rich-chocolate-single-serving-sachet-combo-pack
2026-09-22 14:05 IST,Fast&Up,Fastandup,Plant Protein - Cookies & Cream - 500g,1599.0,1199.0,25.0,239.8,True,https://in.fastandup.com/products/plant-protein-cookies-cream-500g
2026-09-22 14:05 IST,Fast&Up,Fastandup,Plant Protein - Rich Chocolate – 500gms,1599.0,1199.0,25.0,239.8,False,https://in.fastandup.com/products/plant-protein-powder-500gms
2026-09-22 14:05 IST,Fast&Up,Fastandup,Plant Protein - Alphonso Mango - 1Kg,3115.0,1999.0,35.8,199.9,True,https://in.fastandup.com/products/plant-protein-alphonso-mango-25-servings
2026-09-22 14:05 IST,Fast&Up,Fastandup,Plant Protein - Kesar Kulfi - 1kg,3115.0,1999.0,35.8,199.9,True,https://in.fastandup.com/products/plant-protein-powder-special-festive-pack
2026-09-22 14:05 IST,Fast&Up,Fastandup,Plant Protein - Cookies & Cream - 1Kg,3115.0,1999.0,35.8,199.9,False,https://in.fastandup.com/products/plant-protein-cookies-cream-1-kg
2026-09-22 14:05 IST,Fast&Up,Fastandup,Plant Protein - Strawberry Blast - 25 Servings,3115.0,1999.0,35.8,,False,https://in.fastandup.com/products/plant-protein-strawberry-25-servings
2026-09-22 14:05 IST,Fast&Up,Fastandup,Plant Protein - Rich Chocolate - 1kg,3115.0,1999.0,35.8,199.9,True,https://in.fastandup.com/products/plant-protein-rich-chocolate-1kg
2026-09-22 14:05 IST,Fast&Up,Fastandup,Plant Protein - Cookies & Cream - 500g Pack of 2,3198.0,2079.0,35.0,415.8,True,https://in.fastandup.com/products/plant-protein-cookies-cream-500g-pack-of-2
2026-09-22 14:05 IST,Fast&Up,Fastandup,Daily Fiber + Plant Protein Rich Chocolate Combo,3715.0,2229.0,40.0,,True,https://in.fastandup.com/products/daily-fiber-plant-protein-rich-chocolate-combo
2026-09-22 14:05 IST,Fast&Up,Fastandup,Plant Protein Rich Chocolate - 1kg pouch+ Plant Protein Cookies Cream- 1kg Pouch,6230.0,3426.5,45.0,342.65,False,https://in.fastandup.com/products/plant-protein-rich-chocolate-1kg-pouch-plant-protein-cookies-cream-1kg-pouch
2026-09-22 14:05 IST,OZiva,OZiva,Plant Protein + Pro-Digest (Mango),139.0,139.0,0.0,,True,https://oziva.in/products/plant-protein-pro-digest
2026-09-22 14:05 IST,OZiva,OZiva,Pro-Collagen Protein Peptides Caramel | 250g,799.0,433.0,45.8,173.2,True,https://oziva.in/products/pro-collagen-protein-peptides-caramel-250g
2026-09-22 14:05 IST,OZiva,OZiva,"Vegan Collagen, Clinically Proven (Watermelon / Starter Pack-125g)",499.0,459.0,8.0,367.2,True,https://oziva.in/products/plant-based-collagen
2026-09-22 14:05 IST,OZiva,OZiva,Plant Protein + Pro-Digest (Assorted),699.0,699.0,0.0,,True,https://oziva.in/products/plant-protein-pro-digest
2026-09-22 14:05 IST,OZiva,OZiva,Plant Protein + Pro-Digest (Chocolate),699.0,699.0,0.0,,False,https://oziva.in/products/plant-protein-pro-digest
2026-09-22 14:05 IST,OZiva,OZiva,Plant Protein + Pro-Digest (Strawberry),699.0,699.0,0.0,,False,https://oziva.in/products/plant-protein-pro-digest
2026-09-22 14:05 IST,OZiva,OZiva,Plant Protein + Pro-Digest (Vanilla),699.0,699.0,0.0,,False,https://oziva.in/products/plant-protein-pro-digest
2026-09-22 14:05 IST,OZiva,OZiva,Plant Protein + Pro-Digest (Assorted / Starter Pack),699.0,699.0,0.0,,True,https://oziva.in/products/oziva-bioactive-plant-protein-with-25g-vegan-protein-5-5-bcaas-100-rda-vitamins-minerals-ayurvedic-herbs-for-better-endurance-stamina-muscle-recovery-1-kg
2026-09-22 14:05 IST,OZiva,OZiva,Daily Protein Activ for Women (Rich Chocolate / Starter Pack),799.0,749.0,6.3,,True,https://oziva.in/products/daily-protein-activ-for-women-with-clean-whey-protein-multivitamins-tulsi-probiotics-for-improved-everyday-energy-stamina-bone-health-immune-health
2026-09-22 14:05 IST,OZiva,OZiva,Daily Protein Activ for Women (Classic Vanilla / Starter Pack),799.0,749.0,6.3,,True,https://oziva.in/products/daily-protein-activ-for-women-with-clean-whey-protein-multivitamins-tulsi-probiotics-for-improved-everyday-energy-stamina-bone-health-immune-health
2026-09-22 14:05 IST,OZiva,OZiva,"Pro-Collagen Protein Peptides, 250 g (Starter Pack)",849.0,799.0,5.9,319.6,True,https://oziva.in/products/oziva-pro-collagen-protein-peptides-with-clean-protein-green-coffee-hyaluronic-acid-biotin-for-skin-hair-health-muscle-joint-health-protein-breakdown-caramel-250-g
2026-09-22 14:05 IST,OZiva,OZiva,"Vegan Collagen, Clinically Proven (Guava Glow / Starter Pack)",959.0,929.0,3.1,,True,https://oziva.in/products/plant-based-collagen
2026-09-22 14:05 IST,OZiva,OZiva,"Vegan Collagen, Clinically Proven (Classic / Starter Pack)",959.0,929.0,3.1,,True,https://oziva.in/products/plant-based-collagen
2026-09-22 14:05 IST,OZiva,OZiva,"Vegan Collagen, Clinically Proven (Berry Orange / Starter Pack)",959.0,929.0,3.1,,True,https://oziva.in/products/plant-based-collagen
2026-09-22 14:05 IST,OZiva,OZiva,"Vegan Collagen, Clinically Proven (Watermelon / Starter Pack)",959.0,929.0,3.1,,True,https://oziva.in/products/plant-based-collagen
2026-09-22 14:05 IST,Wellbeing Nutrition,Wellbeing Nutrition,Kids Protein Vanilla Free Sachet,79.0,79.0,0.0,,True,https://wellbeingnutrition.com/products/kids-protein-vanilla-free-sachet
2026-09-22 14:05 IST,Wellbeing Nutrition,Wellbeing Nutrition,Kids Protein Chocolate Sachet,79.0,79.0,0.0,,True,https://wellbeingnutrition.com/products/kids-protein-chocolate-sachet
2026-09-22 14:05 IST,Wellbeing Nutrition,Wellbeing Nutrition,Kids Protein Vanilla Sachet,79.0,79.0,0.0,,True,https://wellbeingnutrition.com/products/kids-protein-vanilla-sachet
2026-09-22 14:05 IST,Wellbeing Nutrition,Wellbeing Nutrition,Vegan Protein Dark Chocolate Hazelnut Sachet,150.0,150.0,0.0,,True,https://wellbeingnutrition.com/products/vegan-protein-dark-chocolate-hazelnut-sachet
2026-09-22 14:05 IST,Wellbeing Nutrition,Wellbeing Nutrition,Whey Protein Isolate Dark Chocolate Sachet (Pack of 1),160.0,160.0,0.0,,False,https://wellbeingnutrition.com/products/whey-protein-isolate-dark-chocolate-sachet
2026-09-22 14:05 IST,Wellbeing Nutrition,Wellbeing Nutrition,Whey Protein Isolate + Concentrate Mango Sachets (Pack of 1),1399.0,1399.0,0.0,,False,https://wellbeingnutrition.com/products/whey-protein-isolate-concentrate-mango-sachets
2026-09-22 14:05 IST,Wellbeing Nutrition,Wellbeing Nutrition,Plant Protein 22g | 500g | 3B CFU Probiotics | Dark Chocolate Hazelnut (Pack of 1),1799.0,1439.0,20.0,287.8,True,https://wellbeingnutrition.com/products/vegan-protein-dark-chocolate-hazelnut
2026-09-22 14:05 IST,Wellbeing Nutrition,Wellbeing Nutrition,Plant Protein 22g | 500g | 3B CFU Probiotics | Italian Cafe Mocha (Pack of 1),1799.0,1439.0,20.0,287.8,False,https://wellbeingnutrition.com/products/vegan-protein-italian-cafe-mocha
2026-09-22 14:05 IST,Wellbeing Nutrition,Wellbeing Nutrition,Plant Protein 22g | 500g | 3B CFU Probiotics | Belgian Dark Chocolate (Pack of 1),1799.0,1439.0,20.0,287.8,True,https://wellbeingnutrition.com/products/vegan-protein-belgian-chocolate
2026-09-22 14:05 IST,Wellbeing Nutrition,Wellbeing Nutrition,Plant Protein 22g | 500g | 3B CFU Probiotics | French Vanilla Caramel (Pack of 1),1799.0,1439.0,20.0,287.8,True,https://wellbeingnutrition.com/products/vegan-protein-french-vanilla-caramel
2026-09-22 14:05 IST,Wellbeing Nutrition,Wellbeing Nutrition,Plant Protein 22g | 500g | 3B CFU Probiotics | Canadian Mixed Berry (Pack of 1),1799.0,1439.0,20.0,287.8,True,https://wellbeingnutrition.com/products/vegan-protein-canadian-mixed-berry
2026-09-22 14:05 IST,Wellbeing Nutrition,Wellbeing Nutrition,Her Superfood Plant Protein | Chocolate Peanut Butter (Pack of 1),1799.0,1439.0,20.0,,True,https://wellbeingnutrition.com/products/superfood-plant-protein-powder-for-women
2026-09-22 14:05 IST,Wellbeing Nutrition,Wellbeing Nutrition,Superfood Plant Protein | British Banoffee Pie (Pack of 1),1799.0,1439.0,20.0,,True,https://wellbeingnutrition.com/products/superfood-plant-protein-powder-in-banoffee-pie
2026-09-22 14:05 IST,Wellbeing Nutrition,Wellbeing Nutrition,Plant Protein 22g | 907g | 3B CFU Probiotics | French Vanilla Caramel (Pack of 1),3399.0,2719.0,20.0,299.78,True,https://wellbeingnutrition.com/products/vegan-protein-french-vanilla-caramel-copy
2026-09-22 14:05 IST,Wellbeing Nutrition,Wellbeing Nutrition,Plant Protein 22g | 907g | 3B CFU Probiotics | Belgian Dark Chocolate (Pack of 1),3399.0,2719.0,20.0,299.78,True,https://wellbeingnutrition.com/products/vegan-protein-belgian-dark-chocolate-probiotics
2026-09-22 14:05 IST,AS-IT-IS Nutrition,AS-IT-IS Nutrition,"AS-IT-IS ONE Brown Rice Protein | 27g Protein per Serving | Plant Protein | Single-Ingredient, Unflavoured (35g)",175.0,122.0,30.3,,True,https://asitisnutrition.com/products/as-it-is-nutrition-brown-rice-protein-80-designed-as-meal-supplement-lab-tested-unflavoured
2026-09-22 14:05 IST,AS-IT-IS Nutrition,AS-IT-IS Nutrition,"AS-IT-IS ONE Pea Protein Isolate | 29g Protein per Serving | Plant Protein | Single-Ingredient, Unflavoured (36g-Sachet)",175.0,122.0,30.3,,False,https://asitisnutrition.com/products/as-it-is-nutrition-pea-protein-isolate-powder
2026-09-22 14:05 IST,AS-IT-IS Nutrition,AS-IT-IS Nutrition,"AS-IT-IS ONE Soy Protein Isolate | 30g Protein per Serving | Plant Protein | Single-Ingredient, Unflavoured (35g)",175.0,122.0,30.3,,False,https://asitisnutrition.com/products/as-it-is-nutrition-buy-soy-protein-isolate-powder-in-india
2026-09-22 14:05 IST,AS-IT-IS Nutrition,AS-IT-IS Nutrition,AS-IT-IS ATOM Beginners Whey Protein | 15g Protein per Serving | With DigeZyme® Enzymes (Choco Hazel Fusion / 37g),203.0,131.0,35.5,,True,https://asitisnutrition.com/products/atom-beginners-whey-protein
2026-09-22 14:05 IST,AS-IT-IS Nutrition,AS-IT-IS Nutrition,"AS-IT-IS ATOM Performance Whey | 25g Protein per Serving | With Safed Musli, Mucuna & DigeZyme® Enzymes (Double Rich Chocolate / 45g)",220.0,140.0,36.4,,True,https://asitisnutrition.com/products/as-it-is-atom-performance-whey-1kg-with-safed-musli-for-faster-recovery-highly-bioavailable
2026-09-22 14:05 IST,AS-IT-IS Nutrition,AS-IT-IS Nutrition,"AS-IT-IS ATOM Performance Whey | 25g Protein per Serving | With Safed Musli, Mucuna & DigeZyme® Enzymes (Pista Fusion / 45g)",2485.0,140.0,94.4,,False,https://asitisnutrition.com/products/as-it-is-atom-performance-whey-1kg-with-safed-musli-for-faster-recovery-highly-bioavailable
2026-09-22 14:05 IST,AS-IT-IS Nutrition,AS-IT-IS Nutrition,"AS-IT-IS ATOM Performance Whey | 25g Protein per Serving | With Safed Musli, Mucuna & DigeZyme® Enzymes (Cafe Latte / 45g)",2485.0,140.0,94.4,,False,https://asitisnutrition.com/products/as-it-is-atom-performance-whey-1kg-with-safed-musli-for-faster-recovery-highly-bioavailable
2026-09-22 14:05 IST,AS-IT-IS Nutrition,AS-IT-IS Nutrition,"AS-IT-IS ATOM Performance Whey | 25g Protein per Serving | With Safed Musli, Mucuna & DigeZyme® Enzymes (Cookie delight / 45g)",2485.0,140.0,94.4,,False,https://asitisnutrition.com/products/as-it-is-atom-performance-whey-1kg-with-safed-musli-for-faster-recovery-highly-bioavailable
2026-09-22 14:05 IST,AS-IT-IS Nutrition,AS-IT-IS Nutrition,"AS-IT-IS ATOM Performance Whey | 25g Protein per Serving | With Safed Musli, Mucuna & DigeZyme® Enzymes (Choco hazel fusion / 45g)",2485.0,140.0,94.4,,False,https://asitisnutrition.com/products/as-it-is-atom-performance-whey-1kg-with-safed-musli-for-faster-recovery-highly-bioavailable
2026-09-22 14:05 IST,AS-IT-IS Nutrition,AS-IT-IS Nutrition,AS-IT-IS ATOM Whey Protein | 27g Protein per Serving | DigeZyme® Enzymes & 1 Billion CFU Probiotics (Double Rich Chocolate / (36g Travel Sachet)),262.0,167.0,36.3,463.89,True,https://asitisnutrition.com/products/atom-whey-protein
2026-09-22 14:05 IST,AS-IT-IS Nutrition,AS-IT-IS Nutrition,AS-IT-IS ONE Whey Protein Concentrate Sachets | 28g Protein per Serving | Unflavoured (35g Sachet (Pack of 1)),305.0,178.0,41.6,593.33,True,https://asitisnutrition.com/products/whey-protein-30g-sachet
2026-09-22 14:05 IST,AS-IT-IS Nutrition,AS-IT-IS Nutrition,"AS-IT-IS ATOM Nitro Whey with Creasure® | 33g Protein, 3g Creatine per Serving | With DigeZyme® Enzymes (Double Rich Chocolate / 45g)",289.0,185.0,36.0,,True,https://asitisnutrition.com/products/atom-nitro-whey-with-creatine-i-33g-protein-3g-creatine-7-4g-bcaa
2026-09-22 14:05 IST,AS-IT-IS Nutrition,AS-IT-IS Nutrition,"AS-IT-IS ATOM Nitro Whey with Creasure® | 33g Protein, 3g Creatine per Serving | With DigeZyme® Enzymes (Kesar Kulfi / 45g)",3407.0,185.0,94.6,,False,https://asitisnutrition.com/products/atom-nitro-whey-with-creatine-i-33g-protein-3g-creatine-7-4g-bcaa
2026-09-22 14:05 IST,AS-IT-IS Nutrition,AS-IT-IS Nutrition,"AS-IT-IS ATOM Nitro Whey with Creasure® | 33g Protein, 3g Creatine per Serving | With DigeZyme® Enzymes (Classic Vanilla / 45g)",3407.0,185.0,94.6,,False,https://asitisnutrition.com/products/atom-nitro-whey-with-creatine-i-33g-protein-3g-creatine-7-4g-bcaa
2026-09-22 14:05 IST,AS-IT-IS Nutrition,AS-IT-IS Nutrition,AS-IT-IS ONE Whey Protein Concentrate Sachets | 28g Protein per Serving | Unflavoured (35g Sachet (Pack of 1) + Shaker),438.0,303.0,30.8,1010.0,False,https://asitisnutrition.com/products/whey-protein-30g-sachet
2026-09-22 14:05 IST,MyFitness,MYFITNESS,MyFitness Peanut Butter - Chocolate | 26% Protein | Crispy | Chocolate Peanut Butter Spread (227g),159.0,149.0,6.3,65.64,True,https://myfitness.co.in/products/chocolate-crispy
2026-09-22 14:05 IST,MyFitness,MYFITNESS,"Pro.Fitness High Protein Chocolate Oats | Dark Chocolate | Healthy Oats With Nuts, Seeds & Added Whey (375g)",339.0,219.0,35.4,58.4,True,https://myfitness.co.in/products/high-protein-oats-900g-27g-protein
2026-09-22 14:05 IST,MyFitness,myfitness-official-store,MyFitness Peanut Butter - Classic Zero | 28% Protein | Extra Crunchy | Zero Sugar Peanut Spread (510 g),349.0,275.0,21.2,53.92,True,https://myfitness.co.in/products/myfitness-zero-peanut-butter-crunchy-510g
2026-09-22 14:05 IST,MyFitness,myfitness-official-store,MyFitness Peanut Butter - Chocolate | 26% Protein | Crunchy | Chocolate Peanut Butter Spread (510 g),319.0,275.0,13.8,45.08,True,https://myfitness.co.in/products/myfitness-chocolate-peanut-butter-crunchy
2026-09-22 14:05 IST,MyFitness,myfitness-official-store,MyFitness Peanut Butter - Natural Unsweetened | 31% Protein | Crunchy | Zero Sugar Peanut Butter Spread (510 g),319.0,275.0,13.8,45.08,True,https://myfitness.co.in/products/myfitness-all-natural-peanut-butter-crunchy
2026-09-22 14:05 IST,MyFitness,myfitness-official-store,MyFitness Peanut Butter - Natural Unsweetened | 25% Protein | Smooth | Zero Sugar Peanut Butter Spread (510 g),319.0,275.0,13.8,45.08,True,https://myfitness.co.in/products/myfitness-all-natural-peanut-butter-smooth
2026-09-22 14:05 IST,MyFitness,myfitness-official-store,MyFitness Peanut Butter - Chocolate | 26% Protein | Crispy | Chocolate Peanut Butter Spread (510 g),319.0,275.0,13.8,45.08,True,https://myfitness.co.in/products/myfitness-chocolate-peanut-butter-crispy
2026-09-22 14:05 IST,MyFitness,myfitness-official-store,MyFitness Peanut Butter - Chocolate | 28% Protein | Smooth | Chocolate Peanut Butter Spread (510 g),319.0,275.0,13.8,45.08,True,https://myfitness.co.in/products/myfitness-chocolate-peanut-butter-smooth
2026-09-22 14:05 IST,MyFitness,myfitness-official-store,MyFitness Peanut Butter - Original | 28% Protein | Crunchy | Classic Peanut Butter Spread (510 g),319.0,275.0,13.8,45.08,True,https://myfitness.co.in/products/myfitness-original-peanut-butter-crunchy
2026-09-22 14:05 IST,MyFitness,myfitness-official-store,MyFitness Peanut Butter - Original | 28% Protein | Smooth | Classic Peanut Butter Spread (510 g),319.0,275.0,13.8,45.08,True,https://myfitness.co.in/products/myfitness-original-peanut-butter-smooth
2026-09-22 14:05 IST,MyFitness,MYFITNESS,MyFitness Peanut Butter - Chocolate | 25% Protein | Almond Crunch | Chocolate Peanut Butter Spread (510 g),379.0,279.0,26.4,54.71,True,https://myfitness.co.in/products/myfitness-chocolate-peanut-butter-with-almond-crunch
2026-09-22 14:05 IST,MyFitness,MYFITNESS,MyFitness x Batman | Chocolate Zero Peanut Butter Extra Crunchy | 27% Protein | Zero Added Sugar | High Protein (510 g),369.0,299.0,19.0,58.63,True,https://myfitness.co.in/products/myfitness-zero-chocolate-peanut-butter-crunchy-zero-sugar-extra-crunch-510g-27g-protein-10g-fiber-tasty-healthy-nut-butter-spread-cholesterol-free-zero-trans-fat-crunchy-peanut-butter
2026-09-22 14:05 IST,MyFitness,MYFITNESS,MyFitness Peanut Butter - Dark Chocolate | 30% Protein | Smooth | Rich Chocolate Peanut Butter Spread (510 g),399.0,299.0,25.1,49.02,True,https://myfitness.co.in/products/myfitness-olympia-edition-dark-chocolate-peanut-butter-with-added-whey-smooth
2026-09-22 14:05 IST,MyFitness,MYFITNESS,MyFitness Peanut Butter - Dark Chocolate | 29% Protein | Crispy | Rich Chocolate Peanut Butter Spread (510 g),399.0,319.0,20.1,52.3,True,https://myfitness.co.in/products/myfitness-peanut-butter-dark-chocolate-29-protein-crispy-rich-chocolate-peanut-butter-spread
2026-09-22 14:05 IST,MyFitness,MYFITNESS,MyFitness Peanut Butter - Dark Chocolate | 30% Protein | Crunchy | Rich Chocolate Peanut Butter Spread (510 g),399.0,319.0,20.1,52.3,True,https://myfitness.co.in/products/myfitness-olympia-edition-dark-chocolate-peanut-butter-with-added-whey-crunchy
2026-09-22 14:05 IST,Naturaltein,naturaltein,The Protein Dessert E-Cook Book by Naturaltein,599.0,399.0,33.4,,True,https://naturaltein.in/products/the-protein-dessert-e-cook-book-by-naturaltein
2026-09-22 14:05 IST,Naturaltein,naturaltein,Natural Plant Protein (Chocolate / 1 Box (500 g)),3000.0,1112.0,62.9,222.4,True,https://naturaltein.in/products/plant-protein
2026-09-22 14:05 IST,Naturaltein,naturaltein,Natural Plant Protein (Mango / 1 Box (500 g)),3000.0,1112.0,62.9,222.4,False,https://naturaltein.in/products/plant-protein
2026-09-22 14:05 IST,Naturaltein,naturaltein,Natural Plant Protein (Berry / 1 Box (500 g)),3000.0,1112.0,62.9,222.4,True,https://naturaltein.in/products/plant-protein
2026-09-22 14:05 IST,Naturaltein,naturaltein,Natural Plant Protein (Pista / 1 Box (500 g)),3000.0,1112.0,62.9,222.4,True,https://naturaltein.in/products/plant-protein
2026-09-22 14:05 IST,Naturaltein,naturaltein,Natural Plant Protein (Coffee / 1 Box (500 g)),3000.0,1112.0,62.9,222.4,True,https://naturaltein.in/products/plant-protein
2026-09-22 14:05 IST,Naturaltein,naturaltein,Natural Whey Protein Concentrate (Italian Ice Cream / 1 Box (300 g)),1424.0,1299.0,8.8,433.0,False,https://naturaltein.in/products/whey-protein-concentrate
2026-09-22 14:05 IST,Naturaltein,naturaltein,Natural Whey Protein Concentrate (Chocolate Biscoff / 1 Box (300 g)),1424.0,1399.0,1.8,466.33,False,https://naturaltein.in/products/whey-protein-concentrate
2026-09-22 14:05 IST,Naturaltein,naturaltein,Natural Plant Protein (Chocolate / 2 Boxes (1 kg)),6000.0,1600.0,73.3,160.0,True,https://naturaltein.in/products/plant-protein
2026-09-22 14:05 IST,Naturaltein,naturaltein,Natural Plant Protein (Mango / 2 Boxes (1 kg)),6000.0,1600.0,73.3,160.0,False,https://naturaltein.in/products/plant-protein
2026-09-22 14:05 IST,Naturaltein,naturaltein,Natural Plant Protein (Berry / 2 Boxes (1 kg)),6000.0,1600.0,73.3,160.0,True,https://naturaltein.in/products/plant-protein
2026-09-22 14:05 IST,Naturaltein,naturaltein,Natural Plant Protein (Pista / 2 Boxes (1 kg)),6000.0,1600.0,73.3,160.0,True,https://naturaltein.in/products/plant-protein
2026-09-22 14:05 IST,Naturaltein,naturaltein,Natural Plant Protein (Coffee / 2 Boxes (1 kg)),6000.0,1600.0,73.3,160.0,True,https://naturaltein.in/products/plant-protein
2026-09-22 14:05 IST,Naturaltein,naturaltein,Natural Whey Protein Isolate (Pista Kulfi / 1 Box (300 g)),1780.0,1775.0,0.3,591.67,False,https://naturaltein.in/products/whey-protein-isolate
2026-09-22 14:05 IST,Naturaltein,naturaltein,Natural Whey Protein Isolate (Vanilla / 1 Box (300 g)),1780.0,1775.0,0.3,591.67,False,https://naturaltein.in/products/whey-protein-isolate
2026-09-22 14:05 IST,GNC India,GNC India,PP Protein Wafer Bar Mini 20gm (Chocolate / 20 gm),60.0,40.0,33.3,200.0,True,https://gnc.in/products/pp-protein-wafer-bar-mini-20gm
2026-09-22 14:05 IST,GNC India,GNC India,PP Protein Wafer Bar Mini 20gm (Coffee / 20 gm),60.0,40.0,33.3,200.0,True,https://gnc.in/products/pp-protein-wafer-bar-mini-20gm
2026-09-22 14:05 IST,GNC India,GNC India,PP Protein Wafer Bar Mini 20gm (Peanut Butter / 20 gm),60.0,40.0,33.3,200.0,True,https://gnc.in/products/pp-protein-wafer-bar-mini-20gm
2026-09-22 14:05 IST,GNC India,GNC,Protein Wafer Bar (Pack of 1 / Chocolate),120.0,54.0,55.0,,True,https://gnc.in/products/gnc-protein-wafer-bar
2026-09-22 14:05 IST,GNC India,GNC,Protein Wafer Bar (Pack of 1 / Peanut Butter),120.0,54.0,55.0,,True,https://gnc.in/products/gnc-protein-wafer-bar
2026-09-22 14:05 IST,GNC India,GNC,Protein Wafer Bar (Pack of 1 / Coffee),149.0,54.0,63.8,,True,https://gnc.in/products/gnc-protein-wafer-bar
2026-09-22 14:05 IST,GNC India,GNC,GNC Protein Wafer Bar (Chocolate) (Pack of 1 / Chocolate),59.0,55.0,6.8,,True,https://gnc.in/products/gnc-protein-wafer-bar-chocolate
2026-09-22 14:05 IST,GNC India,GNC,GNC Protein Wafer Bar (Peanut butter) (Pack of 1 / Peanut Butter),59.0,55.0,6.8,,True,https://gnc.in/products/gnc-protein-wafer-bar-peanut-butter
2026-09-22 14:05 IST,GNC India,GNC,GNC Protein Wafer Bar (Coffee) (Pack of 1 / Coffee),59.0,55.0,6.8,,True,https://gnc.in/products/gnc-protein-wafer-bar-coffee
2026-09-22 14:05 IST,GNC India,GNC,GNC Protein Wafer Bar (40g / Chocolate),60.0,55.0,8.3,137.5,True,https://gnc.in/products/gnc-protein-wafer-bar-upsell
2026-09-22 14:05 IST,GNC India,GNC India,GNC Select Fermented Yeast Protein Isolate (35gm) (35 gm / Chocolate),149.0,65.0,56.4,185.71,True,https://gnc.in/products/gnc-select-fermented-yeast-protein-isolate-35gm
2026-09-22 14:05 IST,GNC India,GNC India,GNC Select Fermented Yeast Protein Isolate (35gm) (35 gm / Coffee),149.0,65.0,56.4,185.71,True,https://gnc.in/products/gnc-select-fermented-yeast-protein-isolate-35gm
2026-09-22 14:05 IST,GNC India,GNC India,GNC Select Fermented Yeast Protein Isolate (35gm) (35 gm / Vanilla),149.0,65.0,56.4,185.71,True,https://gnc.in/products/gnc-select-fermented-yeast-protein-isolate-35gm
2026-09-22 14:05 IST,GNC India,GNC India,Protein Crunch Wafer Bar 40gm (Peanut Butter),80.0,69.0,13.7,172.5,True,https://gnc.in/products/protein-crunch-wafer-bar-40gm
2026-09-22 14:05 IST,GNC India,GNC India,Protein Crunch Wafer Bar 40gm (Cookies & Cream),80.0,69.0,13.7,172.5,True,https://gnc.in/products/protein-crunch-wafer-bar-40gm
2026-09-23 14:07 IST,Nutrabay,Nutrabay,Nutrabay Gold Hydrolyzed Pea Protein,69,49,29.0,122.5,True,https://nutrabay.com/product/nutrabay-gold-hydrolyzed-pea-protein/?pId=3302532
2026-09-23 14:07 IST,Nutrabay,Nutrabay,Nutrabay Gold Hydrolyzed Pea Protein,69,59,14.5,147.5,True,https://nutrabay.com/product/nutrabay-gold-hydrolyzed-pea-protein/?pId=3302532
2026-09-23 14:07 IST,Nutrabay,Nutrabay,Nutrabay Gold Hydrolyzed Pea Protein,69,69,0.0,172.5,True,https://nutrabay.com/product/nutrabay-gold-hydrolyzed-pea-protein/?pId=3302532
2026-09-23 14:07 IST,Nutrabay,Velbiom,Velbiom Happy Cultures Tastiest Plant Protein,600,499,16.8,346.53,True,https://nutrabay.com/product/velbiom-happy-cultures-tastiest-plant-protein/?pId=7407265
2026-09-23 14:07 IST,Nutrabay,Nutrabay,Nutrabay Pure Pea Protein Isolate,669,599,10.5,119.8,True,https://nutrabay.com/product/nutrabay-pure-100-pea-protein-isolate/?pId=4537768
2026-09-23 14:07 IST,Nutrabay,TruNativ,TruNativ Plant Based Everyday Protein - Protein You Can Cook With!,699,599,14.3,363.03,True,https://nutrabay.com/product/trunativ-plant-based-everyday-protein-protein-you-can-cook-with/?pId=9485223
2026-09-23 14:07 IST,Nutrabay,Nutrabay,Nutrabay Wellness Vegan Plant Protein Powder + Superfoods,1199,699,41.7,139.8,True,https://nutrabay.com/product/nutrabay-wellness-vegan-plant-protein-powder-superfoods/?pId=4698878
2026-09-23 14:07 IST,Nutrabay,Nutrabay,Nutrabay BioAbsorb™ Whey Protein Powder | Clinically Tested 54% Better Protein Absorption | 26g Protein/Scoop | India's 1st Protein with ProDiFi™ for No Bloating | No Added Sugar,859,749,12.8,413.81,True,https://nutrabay.com/product/nutrabay-bioabsorb-whey-protein/?pId=8042444
2026-09-23 14:07 IST,Nutrabay,Nutrabay,Nutrabay Gold Hydrolyzed Pea Protein,1049,799,23.8,159.8,True,https://nutrabay.com/product/nutrabay-gold-hydrolyzed-pea-protein/?pId=3302532
2026-09-23 14:07 IST,Nutrabay,Nutrabay,Nutrabay Gold Hydrolyzed Pea Protein,1049,799,23.8,159.8,True,https://nutrabay.com/product/nutrabay-gold-hydrolyzed-pea-protein/?pId=3302532
2026-09-23 14:07 IST,Nutrabay,Nutrabay,Nutrabay Gold Hydrolyzed Pea Protein,1049,799,23.8,159.8,True,https://nutrabay.com/product/nutrabay-gold-hydrolyzed-pea-protein/?pId=3302532
2026-09-23 14:07 IST,Nutrabay,Nutrabay,Nutrabay Pure Pea Protein Isolate,1349,849,37.1,84.9,True,https://nutrabay.com/product/nutrabay-pure-100-pea-protein-isolate/?pId=4537768
2026-09-23 14:07 IST,Nutrabay,Ace Blend,Ace Blend Plant Based Daily Protein,1935,849,56.1,,True,https://nutrabay.com/product/ace-blend-plant-based-daily-protein/?pId=6275363
2026-09-23 14:07 IST,Nutrabay,Optimum Nutrition,Optimum Nutrition (ON) Gold Standard Whey Protein Powder,940,940,0.0,606.45,True,https://nutrabay.com/product/optimum-nutrition-on-100-whey-gold-standard-2/?pId=4471481
2026-09-23 14:07 IST,Nutrabay,Naturaltein,Naturaltein Plant Protein,3000,949,68.4,189.8,True,https://nutrabay.com/product/naturaltein-vegan-plant-protein/?pId=6742490
2026-09-23 14:07 IST,Fast&Up,Fastandup,100% Pure & Natural Moringa Powder,250.0,238.0,4.8,,True,https://in.fastandup.com/products/100-pure-natural-moringa-powder
2026-09-23 14:07 IST,Fast&Up,Fastandup,Plant Protein - Assorted Pack,270.0,243.0,10.0,,True,https://in.fastandup.com/products/fast-up-plant-protein-assorted-pack
2026-09-23 14:07 IST,Fast&Up,Fastandup,Plant Protein - Rich Chocolate - Single Serving Sachet Combo Pack (Rich Chocolate / Pack of 5),450.0,396.0,12.0,,False,https://in.fastandup.com/products/plant-protein-rich-chocolate-single-serving-sachet-combo-pack
2026-09-23 14:07 IST,Fast&Up,Fastandup,Plant Protein - Rich Chocolate - Single Serving Sachet Combo Pack (Rich Chocolate / Pack of 10),900.0,765.0,15.0,,False,https://in.fastandup.com/products/plant-protein-rich-chocolate-single-serving-sachet-combo-pack
2026-09-23 14:07 IST,Fast&Up,Fastandup,Plant Protein - Rich Chocolate - Single Serving Sachet Combo Pack (Rich Chocolate / Pack of 15),1350.0,1107.0,18.0,,False,https://in.fastandup.com/products/plant-protein-rich-chocolate-single-serving-sachet-combo-pack
2026-09-23 14:07 IST,Fast&Up,Fastandup,Plant Protein - Cookies & Cream - 500g,1599.0,1199.0,25.0,239.8,True,https://in.fastandup.com/products/plant-protein-cookies-cream-500g
2026-09-23 14:07 IST,Fast&Up,Fastandup,Plant Protein - Rich Chocolate – 500gms,1599.0,1199.0,25.0,239.8,False,https://in.fastandup.com/products/plant-protein-powder-500gms
2026-09-23 14:07 IST,Fast&Up,Fastandup,Plant Protein - Alphonso Mango - 1Kg,3115.0,1999.0,35.8,199.9,True,https://in.fastandup.com/products/plant-protein-alphonso-mango-25-servings
2026-09-23 14:07 IST,Fast&Up,Fastandup,Plant Protein - Kesar Kulfi - 1kg,3115.0,1999.0,35.8,199.9,True,https://in.fastandup.com/products/plant-protein-powder-special-festive-pack
2026-09-23 14:07 IST,Fast&Up,Fastandup,Plant Protein - Cookies & Cream - 1Kg,3115.0,1999.0,35.8,199.9,False,https://in.fastandup.com/products/plant-protein-cookies-cream-1-kg
2026-09-23 14:07 IST,Fast&Up,Fastandup,Plant Protein - Strawberry Blast - 25 Servings,3115.0,1999.0,35.8,,False,https://in.fastandup.com/products/plant-protein-strawberry-25-servings
2026-09-23 14:07 IST,Fast&Up,Fastandup,Plant Protein - Rich Chocolate - 1kg,3115.0,1999.0,35.8,199.9,True,https://in.fastandup.com/products/plant-protein-rich-chocolate-1kg
2026-09-23 14:07 IST,Fast&Up,Fastandup,Plant Protein - Cookies & Cream - 500g Pack of 2,3198.0,2079.0,35.0,415.8,True,https://in.fastandup.com/products/plant-protein-cookies-cream-500g-pack-of-2
2026-09-23 14:07 IST,Fast&Up,Fastandup,Daily Fiber + Plant Protein Rich Chocolate Combo,3715.0,2229.0,40.0,,True,https://in.fastandup.com/products/daily-fiber-plant-protein-rich-chocolate-combo
2026-09-23 14:07 IST,Fast&Up,Fastandup,Plant Protein Rich Chocolate - 1kg pouch+ Plant Protein Cookies Cream- 1kg Pouch,6230.0,3426.5,45.0,342.65,False,https://in.fastandup.com/products/plant-protein-rich-chocolate-1kg-pouch-plant-protein-cookies-cream-1kg-pouch
2026-09-23 14:07 IST,OZiva,OZiva,Plant Protein + Pro-Digest (Mango),139.0,139.0,0.0,,True,https://oziva.in/products/plant-protein-pro-digest
2026-09-23 14:07 IST,OZiva,OZiva,Pro-Collagen Protein Peptides Caramel | 250g,799.0,433.0,45.8,173.2,True,https://oziva.in/products/pro-collagen-protein-peptides-caramel-250g
2026-09-23 14:07 IST,OZiva,OZiva,"Vegan Collagen, Clinically Proven (Watermelon / Starter Pack-125g)",499.0,459.0,8.0,367.2,True,https://oziva.in/products/plant-based-collagen
2026-09-23 14:07 IST,OZiva,OZiva,Plant Protein + Pro-Digest (Assorted),699.0,699.0,0.0,,True,https://oziva.in/products/plant-protein-pro-digest
2026-09-23 14:07 IST,OZiva,OZiva,Plant Protein + Pro-Digest (Chocolate),699.0,699.0,0.0,,False,https://oziva.in/products/plant-protein-pro-digest
2026-09-23 14:07 IST,OZiva,OZiva,Plant Protein + Pro-Digest (Strawberry),699.0,699.0,0.0,,False,https://oziva.in/products/plant-protein-pro-digest
2026-09-23 14:07 IST,OZiva,OZiva,Plant Protein + Pro-Digest (Vanilla),699.0,699.0,0.0,,False,https://oziva.in/products/plant-protein-pro-digest
2026-09-23 14:07 IST,OZiva,OZiva,Plant Protein + Pro-Digest (Assorted / Starter Pack),699.0,699.0,0.0,,True,https://oziva.in/products/oziva-bioactive-plant-protein-with-25g-vegan-protein-5-5-bcaas-100-rda-vitamins-minerals-ayurvedic-herbs-for-better-endurance-stamina-muscle-recovery-1-kg
2026-09-23 14:07 IST,OZiva,OZiva,Daily Protein Activ for Women (Rich Chocolate / Starter Pack),799.0,749.0,6.3,,True,https://oziva.in/products/daily-protein-activ-for-women-with-clean-whey-protein-multivitamins-tulsi-probiotics-for-improved-everyday-energy-stamina-bone-health-immune-health
2026-09-23 14:07 IST,OZiva,OZiva,Daily Protein Activ for Women (Classic Vanilla / Starter Pack),799.0,749.0,6.3,,True,https://oziva.in/products/daily-protein-activ-for-women-with-clean-whey-protein-multivitamins-tulsi-probiotics-for-improved-everyday-energy-stamina-bone-health-immune-health
2026-09-23 14:07 IST,OZiva,OZiva,"Pro-Collagen Protein Peptides, 250 g (Starter Pack)",849.0,799.0,5.9,319.6,True,https://oziva.in/products/oziva-pro-collagen-protein-peptides-with-clean-protein-green-coffee-hyaluronic-acid-biotin-for-skin-hair-health-muscle-joint-health-protein-breakdown-caramel-250-g
2026-09-23 14:07 IST,OZiva,OZiva,"Vegan Collagen, Clinically Proven (Guava Glow / Starter Pack)",959.0,929.0,3.1,,True,https://oziva.in/products/plant-based-collagen
2026-09-23 14:07 IST,OZiva,OZiva,"Vegan Collagen, Clinically Proven (Classic / Starter Pack)",959.0,929.0,3.1,,True,https://oziva.in/products/plant-based-collagen
2026-09-23 14:07 IST,OZiva,OZiva,"Vegan Collagen, Clinically Proven (Berry Orange / Starter Pack)",959.0,929.0,3.1,,True,https://oziva.in/products/plant-based-collagen
2026-09-23 14:07 IST,OZiva,OZiva,"Vegan Collagen, Clinically Proven (Watermelon / Starter Pack)",959.0,929.0,3.1,,True,https://oziva.in/products/plant-based-collagen
2026-09-23 14:07 IST,Wellbeing Nutrition,Wellbeing Nutrition,Kids Protein Vanilla Free Sachet,79.0,79.0,0.0,,True,https://wellbeingnutrition.com/products/kids-protein-vanilla-free-sachet
2026-09-23 14:07 IST,Wellbeing Nutrition,Wellbeing Nutrition,Kids Protein Chocolate Sachet,79.0,79.0,0.0,,True,https://wellbeingnutrition.com/products/kids-protein-chocolate-sachet
2026-09-23 14:07 IST,Wellbeing Nutrition,Wellbeing Nutrition,Kids Protein Vanilla Sachet,79.0,79.0,0.0,,True,https://wellbeingnutrition.com/products/kids-protein-vanilla-sachet
2026-09-23 14:07 IST,Wellbeing Nutrition,Wellbeing Nutrition,Vegan Protein Dark Chocolate Hazelnut Sachet,150.0,150.0,0.0,,True,https://wellbeingnutrition.com/products/vegan-protein-dark-chocolate-hazelnut-sachet
2026-09-23 14:07 IST,Wellbeing Nutrition,Wellbeing Nutrition,Whey Protein Isolate Dark Chocolate Sachet (Pack of 1),160.0,160.0,0.0,,False,https://wellbeingnutrition.com/products/whey-protein-isolate-dark-chocolate-sachet
2026-09-23 14:07 IST,Wellbeing Nutrition,Wellbeing Nutrition,Whey Protein Isolate + Concentrate Mango Sachets (Pack of 1),1399.0,1399.0,0.0,,False,https://wellbeingnutrition.com/products/whey-protein-isolate-concentrate-mango-sachets
2026-09-23 14:07 IST,Wellbeing Nutrition,Wellbeing Nutrition,Plant Protein 22g | 500g | 3B CFU Probiotics | Dark Chocolate Hazelnut (Pack of 1),1799.0,1439.0,20.0,287.8,True,https://wellbeingnutrition.com/products/vegan-protein-dark-chocolate-hazelnut
2026-09-23 14:07 IST,Wellbeing Nutrition,Wellbeing Nutrition,Plant Protein 22g | 500g | 3B CFU Probiotics | Italian Cafe Mocha (Pack of 1),1799.0,1439.0,20.0,287.8,False,https://wellbeingnutrition.com/products/vegan-protein-italian-cafe-mocha
2026-09-23 14:07 IST,Wellbeing Nutrition,Wellbeing Nutrition,Plant Protein 22g | 500g | 3B CFU Probiotics | Belgian Dark Chocolate (Pack of 1),1799.0,1439.0,20.0,287.8,True,https://wellbeingnutrition.com/products/vegan-protein-belgian-chocolate
2026-09-23 14:07 IST,Wellbeing Nutrition,Wellbeing Nutrition,Plant Protein 22g | 500g | 3B CFU Probiotics | French Vanilla Caramel (Pack of 1),1799.0,1439.0,20.0,287.8,True,https://wellbeingnutrition.com/products/vegan-protein-french-vanilla-caramel
2026-09-23 14:07 IST,Wellbeing Nutrition,Wellbeing Nutrition,Plant Protein 22g | 500g | 3B CFU Probiotics | Canadian Mixed Berry (Pack of 1),1799.0,1439.0,20.0,287.8,True,https://wellbeingnutrition.com/products/vegan-protein-canadian-mixed-berry
2026-09-23 14:07 IST,Wellbeing Nutrition,Wellbeing Nutrition,Her Superfood Plant Protein | Chocolate Peanut Butter (Pack of 1),1799.0,1439.0,20.0,,True,https://wellbeingnutrition.com/products/superfood-plant-protein-powder-for-women
2026-09-23 14:07 IST,Wellbeing Nutrition,Wellbeing Nutrition,Superfood Plant Protein | British Banoffee Pie (Pack of 1),1799.0,1439.0,20.0,,True,https://wellbeingnutrition.com/products/superfood-plant-protein-powder-in-banoffee-pie
2026-09-23 14:07 IST,Wellbeing Nutrition,Wellbeing Nutrition,Plant Protein 22g | 907g | 3B CFU Probiotics | French Vanilla Caramel (Pack of 1),3399.0,2719.0,20.0,299.78,True,https://wellbeingnutrition.com/products/vegan-protein-french-vanilla-caramel-copy
2026-09-23 14:07 IST,Wellbeing Nutrition,Wellbeing Nutrition,Plant Protein 22g | 907g | 3B CFU Probiotics | Belgian Dark Chocolate (Pack of 1),3399.0,2719.0,20.0,299.78,True,https://wellbeingnutrition.com/products/vegan-protein-belgian-dark-chocolate-probiotics
2026-09-23 14:07 IST,AS-IT-IS Nutrition,AS-IT-IS Nutrition,"AS-IT-IS ONE Brown Rice Protein | 27g Protein per Serving | Plant Protein | Single-Ingredient, Unflavoured (35g)",175.0,122.0,30.3,,True,https://asitisnutrition.com/products/as-it-is-nutrition-brown-rice-protein-80-designed-as-meal-supplement-lab-tested-unflavoured
2026-09-23 14:07 IST,AS-IT-IS Nutrition,AS-IT-IS Nutrition,"AS-IT-IS ONE Pea Protein Isolate | 29g Protein per Serving | Plant Protein | Single-Ingredient, Unflavoured (36g-Sachet)",175.0,122.0,30.3,,False,https://asitisnutrition.com/products/as-it-is-nutrition-pea-protein-isolate-powder
2026-09-23 14:07 IST,AS-IT-IS Nutrition,AS-IT-IS Nutrition,"AS-IT-IS ONE Soy Protein Isolate | 30g Protein per Serving | Plant Protein | Single-Ingredient, Unflavoured (35g)",175.0,122.0,30.3,,False,https://asitisnutrition.com/products/as-it-is-nutrition-buy-soy-protein-isolate-powder-in-india
2026-09-23 14:07 IST,AS-IT-IS Nutrition,AS-IT-IS Nutrition,AS-IT-IS ATOM Beginners Whey Protein | 15g Protein per Serving | With DigeZyme® Enzymes (Choco Hazel Fusion / 37g),203.0,131.0,35.5,,True,https://asitisnutrition.com/products/atom-beginners-whey-protein
2026-09-23 14:07 IST,AS-IT-IS Nutrition,AS-IT-IS Nutrition,"AS-IT-IS ATOM Performance Whey | 25g Protein per Serving | With Safed Musli, Mucuna & DigeZyme® Enzymes (Double Rich Chocolate / 45g)",220.0,140.0,36.4,,True,https://asitisnutrition.com/products/as-it-is-atom-performance-whey-1kg-with-safed-musli-for-faster-recovery-highly-bioavailable
2026-09-23 14:07 IST,AS-IT-IS Nutrition,AS-IT-IS Nutrition,"AS-IT-IS ATOM Performance Whey | 25g Protein per Serving | With Safed Musli, Mucuna & DigeZyme® Enzymes (Pista Fusion / 45g)",2485.0,140.0,94.4,,False,https://asitisnutrition.com/products/as-it-is-atom-performance-whey-1kg-with-safed-musli-for-faster-recovery-highly-bioavailable
2026-09-23 14:07 IST,AS-IT-IS Nutrition,AS-IT-IS Nutrition,"AS-IT-IS ATOM Performance Whey | 25g Protein per Serving | With Safed Musli, Mucuna & DigeZyme® Enzymes (Cafe Latte / 45g)",2485.0,140.0,94.4,,False,https://asitisnutrition.com/products/as-it-is-atom-performance-whey-1kg-with-safed-musli-for-faster-recovery-highly-bioavailable
2026-09-23 14:07 IST,AS-IT-IS Nutrition,AS-IT-IS Nutrition,"AS-IT-IS ATOM Performance Whey | 25g Protein per Serving | With Safed Musli, Mucuna & DigeZyme® Enzymes (Cookie delight / 45g)",2485.0,140.0,94.4,,False,https://asitisnutrition.com/products/as-it-is-atom-performance-whey-1kg-with-safed-musli-for-faster-recovery-highly-bioavailable
2026-09-23 14:07 IST,AS-IT-IS Nutrition,AS-IT-IS Nutrition,"AS-IT-IS ATOM Performance Whey | 25g Protein per Serving | With Safed Musli, Mucuna & DigeZyme® Enzymes (Choco hazel fusion / 45g)",2485.0,140.0,94.4,,False,https://asitisnutrition.com/products/as-it-is-atom-performance-whey-1kg-with-safed-musli-for-faster-recovery-highly-bioavailable
2026-09-23 14:07 IST,AS-IT-IS Nutrition,AS-IT-IS Nutrition,AS-IT-IS ATOM Whey Protein | 27g Protein per Serving | DigeZyme® Enzymes & 1 Billion CFU Probiotics (Double Rich Chocolate / (36g Travel Sachet)),262.0,167.0,36.3,463.89,True,https://asitisnutrition.com/products/atom-whey-protein
2026-09-23 14:07 IST,AS-IT-IS Nutrition,AS-IT-IS Nutrition,AS-IT-IS ONE Whey Protein Concentrate Sachets | 28g Protein per Serving | Unflavoured (35g Sachet (Pack of 1)),305.0,178.0,41.6,593.33,True,https://asitisnutrition.com/products/whey-protein-30g-sachet
2026-09-23 14:07 IST,AS-IT-IS Nutrition,AS-IT-IS Nutrition,"AS-IT-IS ATOM Nitro Whey with Creasure® | 33g Protein, 3g Creatine per Serving | With DigeZyme® Enzymes (Double Rich Chocolate / 45g)",289.0,185.0,36.0,,True,https://asitisnutrition.com/products/atom-nitro-whey-with-creatine-i-33g-protein-3g-creatine-7-4g-bcaa
2026-09-23 14:07 IST,AS-IT-IS Nutrition,AS-IT-IS Nutrition,"AS-IT-IS ATOM Nitro Whey with Creasure® | 33g Protein, 3g Creatine per Serving | With DigeZyme® Enzymes (Kesar Kulfi / 45g)",3407.0,185.0,94.6,,False,https://asitisnutrition.com/products/atom-nitro-whey-with-creatine-i-33g-protein-3g-creatine-7-4g-bcaa
2026-09-23 14:07 IST,AS-IT-IS Nutrition,AS-IT-IS Nutrition,"AS-IT-IS ATOM Nitro Whey with Creasure® | 33g Protein, 3g Creatine per Serving | With DigeZyme® Enzymes (Classic Vanilla / 45g)",3407.0,185.0,94.6,,False,https://asitisnutrition.com/products/atom-nitro-whey-with-creatine-i-33g-protein-3g-creatine-7-4g-bcaa
2026-09-23 14:07 IST,AS-IT-IS Nutrition,AS-IT-IS Nutrition,AS-IT-IS ONE Whey Protein Concentrate Sachets | 28g Protein per Serving | Unflavoured (35g Sachet (Pack of 1) + Shaker),438.0,303.0,30.8,1010.0,False,https://asitisnutrition.com/products/whey-protein-30g-sachet
2026-09-23 14:07 IST,MyFitness,MYFITNESS,MyFitness Peanut Butter - Chocolate | 26% Protein | Crispy | Chocolate Peanut Butter Spread (227g),159.0,149.0,6.3,65.64,True,https://myfitness.co.in/products/chocolate-crispy
2026-09-23 14:07 IST,MyFitness,MYFITNESS,"Pro.Fitness High Protein Chocolate Oats | Dark Chocolate | Healthy Oats With Nuts, Seeds & Added Whey (375g)",339.0,219.0,35.4,58.4,True,https://myfitness.co.in/products/high-protein-oats-900g-27g-protein
2026-09-23 14:07 IST,MyFitness,MYFITNESS,MyFitness Peanut Butter Junior - Chocolate | 25% Protein | Crunchy| Healthy Chocolate Spread for Kids (510g),339.0,259.0,23.6,42.46,False,https://myfitness.co.in/products/myfitness-peanut-butter-chocolate-crunchy-junior-510g
2026-09-23 14:07 IST,MyFitness,myfitness-official-store,MyFitness Peanut Butter - Classic Zero | 28% Protein | Extra Crunchy | Zero Sugar Peanut Spread (510 g),349.0,275.0,21.2,53.92,True,https://myfitness.co.in/products/myfitness-zero-peanut-butter-crunchy-510g
2026-09-23 14:07 IST,MyFitness,myfitness-official-store,MyFitness Peanut Butter - Chocolate | 26% Protein | Crunchy | Chocolate Peanut Butter Spread (510 g),319.0,275.0,13.8,45.08,True,https://myfitness.co.in/products/myfitness-chocolate-peanut-butter-crunchy
2026-09-23 14:07 IST,MyFitness,myfitness-official-store,MyFitness Peanut Butter - Natural Unsweetened | 31% Protein | Crunchy | Zero Sugar Peanut Butter Spread (510 g),319.0,275.0,13.8,45.08,True,https://myfitness.co.in/products/myfitness-all-natural-peanut-butter-crunchy
2026-09-23 14:07 IST,MyFitness,myfitness-official-store,MyFitness Peanut Butter - Natural Unsweetened | 25% Protein | Smooth | Zero Sugar Peanut Butter Spread (510 g),319.0,275.0,13.8,45.08,True,https://myfitness.co.in/products/myfitness-all-natural-peanut-butter-smooth
2026-09-23 14:07 IST,MyFitness,myfitness-official-store,MyFitness Peanut Butter - Chocolate | 26% Protein | Crispy | Chocolate Peanut Butter Spread (510 g),319.0,275.0,13.8,45.08,True,https://myfitness.co.in/products/myfitness-chocolate-peanut-butter-crispy
2026-09-23 14:07 IST,MyFitness,myfitness-official-store,MyFitness Peanut Butter - Chocolate | 28% Protein | Smooth | Chocolate Peanut Butter Spread (510 g),319.0,275.0,13.8,45.08,True,https://myfitness.co.in/products/myfitness-chocolate-peanut-butter-smooth
2026-09-23 14:07 IST,MyFitness,myfitness-official-store,MyFitness Peanut Butter - Original | 28% Protein | Crunchy | Classic Peanut Butter Spread (510 g),319.0,275.0,13.8,45.08,True,https://myfitness.co.in/products/myfitness-original-peanut-butter-crunchy
2026-09-23 14:07 IST,MyFitness,myfitness-official-store,MyFitness Peanut Butter - Original | 28% Protein | Smooth | Classic Peanut Butter Spread (510 g),319.0,275.0,13.8,45.08,True,https://myfitness.co.in/products/myfitness-original-peanut-butter-smooth
2026-09-23 14:07 IST,MyFitness,MYFITNESS,MyFitness Peanut Butter - Chocolate | 25% Protein | Almond Crunch | Chocolate Peanut Butter Spread (510 g),379.0,279.0,26.4,54.71,True,https://myfitness.co.in/products/myfitness-chocolate-peanut-butter-with-almond-crunch
2026-09-23 14:07 IST,MyFitness,MYFITNESS,MyFitness x Batman | Chocolate Zero Peanut Butter Extra Crunchy | 27% Protein | Zero Added Sugar | High Protein (510 g),369.0,299.0,19.0,58.63,True,https://myfitness.co.in/products/myfitness-zero-chocolate-peanut-butter-crunchy-zero-sugar-extra-crunch-510g-27g-protein-10g-fiber-tasty-healthy-nut-butter-spread-cholesterol-free-zero-trans-fat-crunchy-peanut-butter
2026-09-23 14:07 IST,MyFitness,MYFITNESS,MyFitness Peanut Butter - Dark Chocolate | 30% Protein | Smooth | Rich Chocolate Peanut Butter Spread (510 g),399.0,299.0,25.1,49.02,True,https://myfitness.co.in/products/myfitness-olympia-edition-dark-chocolate-peanut-butter-with-added-whey-smooth
2026-09-23 14:07 IST,MyFitness,MYFITNESS,MyFitness Peanut Butter - Dark Chocolate | 29% Protein | Crispy | Rich Chocolate Peanut Butter Spread (510 g),399.0,319.0,20.1,52.3,True,https://myfitness.co.in/products/myfitness-peanut-butter-dark-chocolate-29-protein-crispy-rich-chocolate-peanut-butter-spread
2026-09-23 14:07 IST,Naturaltein,naturaltein,The Protein Dessert E-Cook Book by Naturaltein,599.0,399.0,33.4,,True,https://naturaltein.in/products/the-protein-dessert-e-cook-book-by-naturaltein
2026-09-23 14:07 IST,Naturaltein,naturaltein,Natural Plant Protein (Chocolate / 1 Box (500 g)),3000.0,1112.0,62.9,222.4,True,https://naturaltein.in/products/plant-protein
2026-09-23 14:07 IST,Naturaltein,naturaltein,Natural Plant Protein (Mango / 1 Box (500 g)),3000.0,1112.0,62.9,222.4,True,https://naturaltein.in/products/plant-protein
2026-09-23 14:07 IST,Naturaltein,naturaltein,Natural Plant Protein (Berry / 1 Box (500 g)),3000.0,1112.0,62.9,222.4,True,https://naturaltein.in/products/plant-protein
2026-09-23 14:07 IST,Naturaltein,naturaltein,Natural Plant Protein (Pista / 1 Box (500 g)),3000.0,1112.0,62.9,222.4,True,https://naturaltein.in/products/plant-protein
2026-09-23 14:07 IST,Naturaltein,naturaltein,Natural Plant Protein (Coffee / 1 Box (500 g)),3000.0,1112.0,62.9,222.4,True,https://naturaltein.in/products/plant-protein
2026-09-23 14:07 IST,Naturaltein,naturaltein,Natural Whey Protein Concentrate (Italian Ice Cream / 1 Box (300 g)),1424.0,1299.0,8.8,433.0,False,https://naturaltein.in/products/whey-protein-concentrate
2026-09-23 14:07 IST,Naturaltein,naturaltein,Natural Whey Protein Concentrate (Chocolate Biscoff / 1 Box (300 g)),1424.0,1399.0,1.8,466.33,False,https://naturaltein.in/products/whey-protein-concentrate
2026-09-23 14:07 IST,Naturaltein,naturaltein,Natural Plant Protein (Chocolate / 2 Boxes (1 kg)),6000.0,1600.0,73.3,160.0,True,https://naturaltein.in/products/plant-protein
2026-09-23 14:07 IST,Naturaltein,naturaltein,Natural Plant Protein (Mango / 2 Boxes (1 kg)),6000.0,1600.0,73.3,160.0,True,https://naturaltein.in/products/plant-protein
2026-09-23 14:07 IST,Naturaltein,naturaltein,Natural Plant Protein (Berry / 2 Boxes (1 kg)),6000.0,1600.0,73.3,160.0,True,https://naturaltein.in/products/plant-protein
2026-09-23 14:07 IST,Naturaltein,naturaltein,Natural Plant Protein (Pista / 2 Boxes (1 kg)),6000.0,1600.0,73.3,160.0,True,https://naturaltein.in/products/plant-protein
2026-09-23 14:07 IST,Naturaltein,naturaltein,Natural Plant Protein (Coffee / 2 Boxes (1 kg)),6000.0,1600.0,73.3,160.0,True,https://naturaltein.in/products/plant-protein
2026-09-23 14:07 IST,Naturaltein,naturaltein,Natural Whey Protein Isolate (Pista Kulfi / 1 Box (300 g)),1780.0,1775.0,0.3,591.67,False,https://naturaltein.in/products/whey-protein-isolate
2026-09-23 14:07 IST,Naturaltein,naturaltein,Natural Whey Protein Isolate (Vanilla / 1 Box (300 g)),1780.0,1775.0,0.3,591.67,False,https://naturaltein.in/products/whey-protein-isolate
2026-09-23 14:07 IST,GNC India,GNC India,PP Protein Wafer Bar Mini 20gm (Chocolate / 20 gm),60.0,40.0,33.3,200.0,True,https://gnc.in/products/pp-protein-wafer-bar-mini-20gm
2026-09-23 14:07 IST,GNC India,GNC India,PP Protein Wafer Bar Mini 20gm (Coffee / 20 gm),60.0,40.0,33.3,200.0,True,https://gnc.in/products/pp-protein-wafer-bar-mini-20gm
2026-09-23 14:07 IST,GNC India,GNC India,PP Protein Wafer Bar Mini 20gm (Peanut Butter / 20 gm),60.0,40.0,33.3,200.0,True,https://gnc.in/products/pp-protein-wafer-bar-mini-20gm
2026-09-23 14:07 IST,GNC India,GNC,Protein Wafer Bar (Pack of 1 / Chocolate),120.0,54.0,55.0,,True,https://gnc.in/products/gnc-protein-wafer-bar
2026-09-23 14:07 IST,GNC India,GNC,Protein Wafer Bar (Pack of 1 / Peanut Butter),120.0,54.0,55.0,,True,https://gnc.in/products/gnc-protein-wafer-bar
2026-09-23 14:07 IST,GNC India,GNC,Protein Wafer Bar (Pack of 1 / Coffee),149.0,54.0,63.8,,True,https://gnc.in/products/gnc-protein-wafer-bar
2026-09-23 14:07 IST,GNC India,GNC,GNC Protein Wafer Bar (Chocolate) (Pack of 1 / Chocolate),59.0,55.0,6.8,,True,https://gnc.in/products/gnc-protein-wafer-bar-chocolate
2026-09-23 14:07 IST,GNC India,GNC,GNC Protein Wafer Bar (Peanut butter) (Pack of 1 / Peanut Butter),59.0,55.0,6.8,,True,https://gnc.in/products/gnc-protein-wafer-bar-peanut-butter
2026-09-23 14:07 IST,GNC India,GNC,GNC Protein Wafer Bar (Coffee) (Pack of 1 / Coffee),59.0,55.0,6.8,,True,https://gnc.in/products/gnc-protein-wafer-bar-coffee
2026-09-23 14:07 IST,GNC India,GNC,GNC Protein Wafer Bar (40g / Chocolate),60.0,55.0,8.3,137.5,True,https://gnc.in/products/gnc-protein-wafer-bar-upsell
2026-09-23 14:07 IST,GNC India,GNC India,GNC Select Fermented Yeast Protein Isolate (35gm) (35 gm / Chocolate),149.0,65.0,56.4,185.71,True,https://gnc.in/products/gnc-select-fermented-yeast-protein-isolate-35gm
2026-09-23 14:07 IST,GNC India,GNC India,GNC Select Fermented Yeast Protein Isolate (35gm) (35 gm / Coffee),149.0,65.0,56.4,185.71,True,https://gnc.in/products/gnc-select-fermented-yeast-protein-isolate-35gm
2026-09-23 14:07 IST,GNC India,GNC India,GNC Select Fermented Yeast Protein Isolate (35gm) (35 gm / Vanilla),149.0,65.0,56.4,185.71,True,https://gnc.in/products/gnc-select-fermented-yeast-protein-isolate-35gm
2026-09-23 14:07 IST,GNC India,GNC India,Protein Crunch Wafer Bar 40gm (Peanut Butter),80.0,69.0,13.7,172.5,True,https://gnc.in/products/protein-crunch-wafer-bar-40gm
2026-09-23 14:07 IST,GNC India,GNC India,Protein Crunch Wafer Bar 40gm (Cookies & Cream),80.0,69.0,13.7,172.5,True,https://gnc.in/products/protein-crunch-wafer-bar-40gm
